{"type":"FeatureCollection","source":"由 data/{tra,thsr_track,afr,trtc,tymc,ntdlrt,ntalrt,sanying,krtc,tmrt}.json 的 lines[].shape 與 lines[].stations 轉成 GeoJSON([lon,lat],小數 6 位),scripts/build_track_geojson.mjs 可重建;sortKey 依 data/rail_crossing_levels.json 的 31 筆立體交叉做拓撲排序;六個狀態色由 index.html 的 railMix 常數預先混色。","features":[{"type":"Feature","properties":{"sys":"tra_sched","lineId":"縱貫線北段","lineKey":"tra_sched|縱貫線北段","name":"基隆","color":"#2E6FB0","colorDark":"#1c3857","colorFaintLight":"#adc1d1","colorFaintDark":"#17283d","colorFaintSat":"#264449","colorHiddenLight":"#cfd6d9","colorHiddenDark":"#141f2e","colorHiddenSat":"#253f3c","colorFollowDark":"#234c78"},"geometry":{"type":"Point","coordinates":[121.739209,25.133043]}},{"type":"Feature","properties":{"sys":"tra_sched","lineId":"縱貫線北段","lineKey":"tra_sched|縱貫線北段","name":"三坑","color":"#2E6FB0","colorDark":"#1c3857","colorFaintLight":"#adc1d1","colorFaintDark":"#17283d","colorFaintSat":"#264449","colorHiddenLight":"#cfd6d9","colorHiddenDark":"#141f2e","colorHiddenSat":"#253f3c","colorFollowDark":"#234c78"},"geometry":{"type":"Point","coordinates":[121.74206,25.122213]}},{"type":"Feature","properties":{"sys":"tra_sched","lineId":"縱貫線北段","lineKey":"tra_sched|縱貫線北段","name":"八堵","color":"#2E6FB0","colorDark":"#1c3857","colorFaintLight":"#adc1d1","colorFaintDark":"#17283d","colorFaintSat":"#264449","colorHiddenLight":"#cfd6d9","colorHiddenDark":"#141f2e","colorHiddenSat":"#253f3c","colorFollowDark":"#234c78"},"geometry":{"type":"Point","coordinates":[121.728989,25.108527]}},{"type":"Feature","properties":{"sys":"tra_sched","lineId":"縱貫線北段","lineKey":"tra_sched|縱貫線北段","name":"七堵","color":"#2E6FB0","colorDark":"#1c3857","colorFaintLight":"#adc1d1","colorFaintDark":"#17283d","colorFaintSat":"#264449","colorHiddenLight":"#cfd6d9","colorHiddenDark":"#141f2e","colorHiddenSat":"#253f3c","colorFollowDark":"#234c78"},"geometry":{"type":"Point","coordinates":[121.713884,25.092942]}},{"type":"Feature","properties":{"sys":"tra_sched","lineId":"縱貫線北段","lineKey":"tra_sched|縱貫線北段","name":"百福","color":"#2E6FB0","colorDark":"#1c3857","colorFaintLight":"#adc1d1","colorFaintDark":"#17283d","colorFaintSat":"#264449","colorHiddenLight":"#cfd6d9","colorHiddenDark":"#141f2e","colorHiddenSat":"#253f3c","colorFollowDark":"#234c78"},"geometry":{"type":"Point","coordinates":[121.693816,25.077872]}},{"type":"Feature","properties":{"sys":"tra_sched","lineId":"縱貫線北段","lineKey":"tra_sched|縱貫線北段","name":"五堵","color":"#2E6FB0","colorDark":"#1c3857","colorFaintLight":"#adc1d1","colorFaintDark":"#17283d","colorFaintSat":"#264449","colorHiddenLight":"#cfd6d9","colorHiddenDark":"#141f2e","colorHiddenSat":"#253f3c","colorFollowDark":"#234c78"},"geometry":{"type":"Point","coordinates":[121.667654,25.07788]}},{"type":"Feature","properties":{"sys":"tra_sched","lineId":"縱貫線北段","lineKey":"tra_sched|縱貫線北段","name":"汐止","color":"#2E6FB0","colorDark":"#1c3857","colorFaintLight":"#adc1d1","colorFaintDark":"#17283d","colorFaintSat":"#264449","colorHiddenLight":"#cfd6d9","colorHiddenDark":"#141f2e","colorHiddenSat":"#253f3c","colorFollowDark":"#234c78"},"geometry":{"type":"Point","coordinates":[121.660706,25.0674]}},{"type":"Feature","properties":{"sys":"tra_sched","lineId":"縱貫線北段","lineKey":"tra_sched|縱貫線北段","name":"汐科","color":"#2E6FB0","colorDark":"#1c3857","colorFaintLight":"#adc1d1","colorFaintDark":"#17283d","colorFaintSat":"#264449","colorHiddenLight":"#cfd6d9","colorHiddenDark":"#141f2e","colorHiddenSat":"#253f3c","colorFollowDark":"#234c78"},"geometry":{"type":"Point","coordinates":[121.649369,25.062894]}},{"type":"Feature","properties":{"sys":"tra_sched","lineId":"縱貫線北段","lineKey":"tra_sched|縱貫線北段","name":"南港","color":"#2E6FB0","colorDark":"#1c3857","colorFaintLight":"#adc1d1","colorFaintDark":"#17283d","colorFaintSat":"#264449","colorHiddenLight":"#cfd6d9","colorHiddenDark":"#141f2e","colorHiddenSat":"#253f3c","colorFollowDark":"#234c78"},"geometry":{"type":"Point","coordinates":[121.607176,25.053313]}},{"type":"Feature","properties":{"sys":"tra_sched","lineId":"縱貫線北段","lineKey":"tra_sched|縱貫線北段","name":"松山","color":"#2E6FB0","colorDark":"#1c3857","colorFaintLight":"#adc1d1","colorFaintDark":"#17283d","colorFaintSat":"#264449","colorHiddenLight":"#cfd6d9","colorHiddenDark":"#141f2e","colorHiddenSat":"#253f3c","colorFollowDark":"#234c78"},"geometry":{"type":"Point","coordinates":[121.578166,25.049365]}},{"type":"Feature","properties":{"sys":"tra_sched","lineId":"縱貫線北段","lineKey":"tra_sched|縱貫線北段","name":"臺北","color":"#2E6FB0","colorDark":"#1c3857","colorFaintLight":"#adc1d1","colorFaintDark":"#17283d","colorFaintSat":"#264449","colorHiddenLight":"#cfd6d9","colorHiddenDark":"#141f2e","colorHiddenSat":"#253f3c","colorFollowDark":"#234c78"},"geometry":{"type":"Point","coordinates":[121.517027,25.048042]}},{"type":"Feature","properties":{"sys":"tra_sched","lineId":"縱貫線北段","lineKey":"tra_sched|縱貫線北段","name":"萬華","color":"#2E6FB0","colorDark":"#1c3857","colorFaintLight":"#adc1d1","colorFaintDark":"#17283d","colorFaintSat":"#264449","colorHiddenLight":"#cfd6d9","colorHiddenDark":"#141f2e","colorHiddenSat":"#253f3c","colorFollowDark":"#234c78"},"geometry":{"type":"Point","coordinates":[121.499934,25.033328]}},{"type":"Feature","properties":{"sys":"tra_sched","lineId":"縱貫線北段","lineKey":"tra_sched|縱貫線北段","name":"板橋","color":"#2E6FB0","colorDark":"#1c3857","colorFaintLight":"#adc1d1","colorFaintDark":"#17283d","colorFaintSat":"#264449","colorHiddenLight":"#cfd6d9","colorHiddenDark":"#141f2e","colorHiddenSat":"#253f3c","colorFollowDark":"#234c78"},"geometry":{"type":"Point","coordinates":[121.464048,25.013881]}},{"type":"Feature","properties":{"sys":"tra_sched","lineId":"縱貫線北段","lineKey":"tra_sched|縱貫線北段","name":"浮洲","color":"#2E6FB0","colorDark":"#1c3857","colorFaintLight":"#adc1d1","colorFaintDark":"#17283d","colorFaintSat":"#264449","colorHiddenLight":"#cfd6d9","colorHiddenDark":"#141f2e","colorHiddenSat":"#253f3c","colorFollowDark":"#234c78"},"geometry":{"type":"Point","coordinates":[121.444761,25.004164]}},{"type":"Feature","properties":{"sys":"tra_sched","lineId":"縱貫線北段","lineKey":"tra_sched|縱貫線北段","name":"樹林","color":"#2E6FB0","colorDark":"#1c3857","colorFaintLight":"#adc1d1","colorFaintDark":"#17283d","colorFaintSat":"#264449","colorHiddenLight":"#cfd6d9","colorHiddenDark":"#141f2e","colorHiddenSat":"#253f3c","colorFollowDark":"#234c78"},"geometry":{"type":"Point","coordinates":[121.424536,24.991216]}},{"type":"Feature","properties":{"sys":"tra_sched","lineId":"縱貫線北段","lineKey":"tra_sched|縱貫線北段","name":"南樹林","color":"#2E6FB0","colorDark":"#1c3857","colorFaintLight":"#adc1d1","colorFaintDark":"#17283d","colorFaintSat":"#264449","colorHiddenLight":"#cfd6d9","colorHiddenDark":"#141f2e","colorHiddenSat":"#253f3c","colorFollowDark":"#234c78"},"geometry":{"type":"Point","coordinates":[121.408834,24.98045]}},{"type":"Feature","properties":{"sys":"tra_sched","lineId":"縱貫線北段","lineKey":"tra_sched|縱貫線北段","name":"山佳","color":"#2E6FB0","colorDark":"#1c3857","colorFaintLight":"#adc1d1","colorFaintDark":"#17283d","colorFaintSat":"#264449","colorHiddenLight":"#cfd6d9","colorHiddenDark":"#141f2e","colorHiddenSat":"#253f3c","colorFollowDark":"#234c78"},"geometry":{"type":"Point","coordinates":[121.392582,24.972699]}},{"type":"Feature","properties":{"sys":"tra_sched","lineId":"縱貫線北段","lineKey":"tra_sched|縱貫線北段","name":"鶯歌","color":"#2E6FB0","colorDark":"#1c3857","colorFaintLight":"#adc1d1","colorFaintDark":"#17283d","colorFaintSat":"#264449","colorHiddenLight":"#cfd6d9","colorHiddenDark":"#141f2e","colorHiddenSat":"#253f3c","colorFollowDark":"#234c78"},"geometry":{"type":"Point","coordinates":[121.355222,24.954467]}},{"type":"Feature","properties":{"sys":"tra_sched","lineId":"縱貫線北段","lineKey":"tra_sched|縱貫線北段","name":"鳳鳴","color":"#2E6FB0","colorDark":"#1c3857","colorFaintLight":"#adc1d1","colorFaintDark":"#17283d","colorFaintSat":"#264449","colorHiddenLight":"#cfd6d9","colorHiddenDark":"#141f2e","colorHiddenSat":"#253f3c","colorFollowDark":"#234c78"},"geometry":{"type":"Point","coordinates":[121.336808,24.972507]}},{"type":"Feature","properties":{"sys":"tra_sched","lineId":"縱貫線北段","lineKey":"tra_sched|縱貫線北段","name":"桃園","color":"#2E6FB0","colorDark":"#1c3857","colorFaintLight":"#adc1d1","colorFaintDark":"#17283d","colorFaintSat":"#264449","colorHiddenLight":"#cfd6d9","colorHiddenDark":"#141f2e","colorHiddenSat":"#253f3c","colorFollowDark":"#234c78"},"geometry":{"type":"Point","coordinates":[121.313769,24.988747]}},{"type":"Feature","properties":{"sys":"tra_sched","lineId":"縱貫線北段","lineKey":"tra_sched|縱貫線北段","name":"內壢","color":"#2E6FB0","colorDark":"#1c3857","colorFaintLight":"#adc1d1","colorFaintDark":"#17283d","colorFaintSat":"#264449","colorHiddenLight":"#cfd6d9","colorHiddenDark":"#141f2e","colorHiddenSat":"#253f3c","colorFollowDark":"#234c78"},"geometry":{"type":"Point","coordinates":[121.258371,24.972512]}},{"type":"Feature","properties":{"sys":"tra_sched","lineId":"縱貫線北段","lineKey":"tra_sched|縱貫線北段","name":"中壢","color":"#2E6FB0","colorDark":"#1c3857","colorFaintLight":"#adc1d1","colorFaintDark":"#17283d","colorFaintSat":"#264449","colorHiddenLight":"#cfd6d9","colorHiddenDark":"#141f2e","colorHiddenSat":"#253f3c","colorFollowDark":"#234c78"},"geometry":{"type":"Point","coordinates":[121.226172,24.953292]}},{"type":"Feature","properties":{"sys":"tra_sched","lineId":"縱貫線北段","lineKey":"tra_sched|縱貫線北段","name":"平鎮","color":"#2E6FB0","colorDark":"#1c3857","colorFaintLight":"#adc1d1","colorFaintDark":"#17283d","colorFaintSat":"#264449","colorHiddenLight":"#cfd6d9","colorHiddenDark":"#141f2e","colorHiddenSat":"#253f3c","colorFollowDark":"#234c78"},"geometry":{"type":"Point","coordinates":[121.215479,24.944015]}},{"type":"Feature","properties":{"sys":"tra_sched","lineId":"縱貫線北段","lineKey":"tra_sched|縱貫線北段","name":"埔心","color":"#2E6FB0","colorDark":"#1c3857","colorFaintLight":"#adc1d1","colorFaintDark":"#17283d","colorFaintSat":"#264449","colorHiddenLight":"#cfd6d9","colorHiddenDark":"#141f2e","colorHiddenSat":"#253f3c","colorFollowDark":"#234c78"},"geometry":{"type":"Point","coordinates":[121.183604,24.919659]}},{"type":"Feature","properties":{"sys":"tra_sched","lineId":"縱貫線北段","lineKey":"tra_sched|縱貫線北段","name":"楊梅","color":"#2E6FB0","colorDark":"#1c3857","colorFaintLight":"#adc1d1","colorFaintDark":"#17283d","colorFaintSat":"#264449","colorHiddenLight":"#cfd6d9","colorHiddenDark":"#141f2e","colorHiddenSat":"#253f3c","colorFollowDark":"#234c78"},"geometry":{"type":"Point","coordinates":[121.146502,24.914283]}},{"type":"Feature","properties":{"sys":"tra_sched","lineId":"縱貫線北段","lineKey":"tra_sched|縱貫線北段","name":"富岡","color":"#2E6FB0","colorDark":"#1c3857","colorFaintLight":"#adc1d1","colorFaintDark":"#17283d","colorFaintSat":"#264449","colorHiddenLight":"#cfd6d9","colorHiddenDark":"#141f2e","colorHiddenSat":"#253f3c","colorFollowDark":"#234c78"},"geometry":{"type":"Point","coordinates":[121.08283,24.934053]}},{"type":"Feature","properties":{"sys":"tra_sched","lineId":"縱貫線北段","lineKey":"tra_sched|縱貫線北段","name":"新富","color":"#2E6FB0","colorDark":"#1c3857","colorFaintLight":"#adc1d1","colorFaintDark":"#17283d","colorFaintSat":"#264449","colorHiddenLight":"#cfd6d9","colorHiddenDark":"#141f2e","colorHiddenSat":"#253f3c","colorFollowDark":"#234c78"},"geometry":{"type":"Point","coordinates":[121.067562,24.931076]}},{"type":"Feature","properties":{"sys":"tra_sched","lineId":"縱貫線北段","lineKey":"tra_sched|縱貫線北段","name":"北湖","color":"#2E6FB0","colorDark":"#1c3857","colorFaintLight":"#adc1d1","colorFaintDark":"#17283d","colorFaintSat":"#264449","colorHiddenLight":"#cfd6d9","colorHiddenDark":"#141f2e","colorHiddenSat":"#253f3c","colorFollowDark":"#234c78"},"geometry":{"type":"Point","coordinates":[121.055933,24.922472]}},{"type":"Feature","properties":{"sys":"tra_sched","lineId":"縱貫線北段","lineKey":"tra_sched|縱貫線北段","name":"湖口","color":"#2E6FB0","colorDark":"#1c3857","colorFaintLight":"#adc1d1","colorFaintDark":"#17283d","colorFaintSat":"#264449","colorHiddenLight":"#cfd6d9","colorHiddenDark":"#141f2e","colorHiddenSat":"#253f3c","colorFollowDark":"#234c78"},"geometry":{"type":"Point","coordinates":[121.043772,24.90279]}},{"type":"Feature","properties":{"sys":"tra_sched","lineId":"縱貫線北段","lineKey":"tra_sched|縱貫線北段","name":"新豐","color":"#2E6FB0","colorDark":"#1c3857","colorFaintLight":"#adc1d1","colorFaintDark":"#17283d","colorFaintSat":"#264449","colorHiddenLight":"#cfd6d9","colorHiddenDark":"#141f2e","colorHiddenSat":"#253f3c","colorFollowDark":"#234c78"},"geometry":{"type":"Point","coordinates":[120.996565,24.869245]}},{"type":"Feature","properties":{"sys":"tra_sched","lineId":"縱貫線北段","lineKey":"tra_sched|縱貫線北段","name":"竹北","color":"#2E6FB0","colorDark":"#1c3857","colorFaintLight":"#adc1d1","colorFaintDark":"#17283d","colorFaintSat":"#264449","colorHiddenLight":"#cfd6d9","colorHiddenDark":"#141f2e","colorHiddenSat":"#253f3c","colorFollowDark":"#234c78"},"geometry":{"type":"Point","coordinates":[121.009262,24.839156]}},{"type":"Feature","properties":{"sys":"tra_sched","lineId":"縱貫線北段","lineKey":"tra_sched|縱貫線北段","name":"北新竹","color":"#2E6FB0","colorDark":"#1c3857","colorFaintLight":"#adc1d1","colorFaintDark":"#17283d","colorFaintSat":"#264449","colorHiddenLight":"#cfd6d9","colorHiddenDark":"#141f2e","colorHiddenSat":"#253f3c","colorFollowDark":"#234c78"},"geometry":{"type":"Point","coordinates":[120.983773,24.808658]}},{"type":"Feature","properties":{"sys":"tra_sched","lineId":"縱貫線北段","lineKey":"tra_sched|縱貫線北段","name":"新竹","color":"#2E6FB0","colorDark":"#1c3857","colorFaintLight":"#adc1d1","colorFaintDark":"#17283d","colorFaintSat":"#264449","colorHiddenLight":"#cfd6d9","colorHiddenDark":"#141f2e","colorHiddenSat":"#253f3c","colorFollowDark":"#234c78"},"geometry":{"type":"Point","coordinates":[120.971706,24.801366]}},{"type":"Feature","properties":{"sys":"tra_sched","lineId":"縱貫線北段","lineKey":"tra_sched|縱貫線北段","name":"三姓橋","color":"#2E6FB0","colorDark":"#1c3857","colorFaintLight":"#adc1d1","colorFaintDark":"#17283d","colorFaintSat":"#264449","colorHiddenLight":"#cfd6d9","colorHiddenDark":"#141f2e","colorHiddenSat":"#253f3c","colorFollowDark":"#234c78"},"geometry":{"type":"Point","coordinates":[120.928201,24.787275]}},{"type":"Feature","properties":{"sys":"tra_sched","lineId":"縱貫線北段","lineKey":"tra_sched|縱貫線北段","name":"香山","color":"#2E6FB0","colorDark":"#1c3857","colorFaintLight":"#adc1d1","colorFaintDark":"#17283d","colorFaintSat":"#264449","colorHiddenLight":"#cfd6d9","colorHiddenDark":"#141f2e","colorHiddenSat":"#253f3c","colorFollowDark":"#234c78"},"geometry":{"type":"Point","coordinates":[120.914094,24.76291]}},{"type":"Feature","properties":{"sys":"tra_sched","lineId":"縱貫線北段","lineKey":"tra_sched|縱貫線北段","name":"崎頂","color":"#2E6FB0","colorDark":"#1c3857","colorFaintLight":"#adc1d1","colorFaintDark":"#17283d","colorFaintSat":"#264449","colorHiddenLight":"#cfd6d9","colorHiddenDark":"#141f2e","colorHiddenSat":"#253f3c","colorFollowDark":"#234c78"},"geometry":{"type":"Point","coordinates":[120.871747,24.723071]}},{"type":"Feature","properties":{"sys":"tra_sched","lineId":"縱貫線北段","lineKey":"tra_sched|縱貫線北段","name":"竹南","color":"#2E6FB0","colorDark":"#1c3857","colorFaintLight":"#adc1d1","colorFaintDark":"#17283d","colorFaintSat":"#264449","colorHiddenLight":"#cfd6d9","colorHiddenDark":"#141f2e","colorHiddenSat":"#253f3c","colorFollowDark":"#234c78"},"geometry":{"type":"Point","coordinates":[120.880726,24.686561]}},{"type":"Feature","properties":{"sys":"tra_sched","lineId":"山線","lineKey":"tra_sched|山線","name":"竹南","color":"#E8792B","colorDark":"#663c22","colorFaintLight":"#efc4a2","colorFaintDark":"#402a1f","colorFaintSat":"#4f462c","colorHiddenLight":"#f0d8c1","colorHiddenDark":"#2a201e","colorHiddenSat":"#3c402c","colorFollowDark":"#965325"},"geometry":{"type":"Point","coordinates":[120.880726,24.686561]}},{"type":"Feature","properties":{"sys":"tra_sched","lineId":"山線","lineKey":"tra_sched|山線","name":"造橋","color":"#E8792B","colorDark":"#663c22","colorFaintLight":"#efc4a2","colorFaintDark":"#402a1f","colorFaintSat":"#4f462c","colorHiddenLight":"#f0d8c1","colorHiddenDark":"#2a201e","colorHiddenSat":"#3c402c","colorFollowDark":"#965325"},"geometry":{"type":"Point","coordinates":[120.867444,24.641728]}},{"type":"Feature","properties":{"sys":"tra_sched","lineId":"山線","lineKey":"tra_sched|山線","name":"豐富","color":"#E8792B","colorDark":"#663c22","colorFaintLight":"#efc4a2","colorFaintDark":"#402a1f","colorFaintSat":"#4f462c","colorHiddenLight":"#f0d8c1","colorHiddenDark":"#2a201e","colorHiddenSat":"#3c402c","colorFollowDark":"#965325"},"geometry":{"type":"Point","coordinates":[120.826302,24.604394]}},{"type":"Feature","properties":{"sys":"tra_sched","lineId":"山線","lineKey":"tra_sched|山線","name":"苗栗","color":"#E8792B","colorDark":"#663c22","colorFaintLight":"#efc4a2","colorFaintDark":"#402a1f","colorFaintSat":"#4f462c","colorHiddenLight":"#f0d8c1","colorHiddenDark":"#2a201e","colorHiddenSat":"#3c402c","colorFollowDark":"#965325"},"geometry":{"type":"Point","coordinates":[120.822282,24.569234]}},{"type":"Feature","properties":{"sys":"tra_sched","lineId":"山線","lineKey":"tra_sched|山線","name":"南勢","color":"#E8792B","colorDark":"#663c22","colorFaintLight":"#efc4a2","colorFaintDark":"#402a1f","colorFaintSat":"#4f462c","colorHiddenLight":"#f0d8c1","colorHiddenDark":"#2a201e","colorHiddenSat":"#3c402c","colorFollowDark":"#965325"},"geometry":{"type":"Point","coordinates":[120.791446,24.522622]}},{"type":"Feature","properties":{"sys":"tra_sched","lineId":"山線","lineKey":"tra_sched|山線","name":"銅鑼","color":"#E8792B","colorDark":"#663c22","colorFaintLight":"#efc4a2","colorFaintDark":"#402a1f","colorFaintSat":"#4f462c","colorHiddenLight":"#f0d8c1","colorHiddenDark":"#2a201e","colorHiddenSat":"#3c402c","colorFollowDark":"#965325"},"geometry":{"type":"Point","coordinates":[120.786019,24.486324]}},{"type":"Feature","properties":{"sys":"tra_sched","lineId":"山線","lineKey":"tra_sched|山線","name":"三義","color":"#E8792B","colorDark":"#663c22","colorFaintLight":"#efc4a2","colorFaintDark":"#402a1f","colorFaintSat":"#4f462c","colorHiddenLight":"#f0d8c1","colorHiddenDark":"#2a201e","colorHiddenSat":"#3c402c","colorFollowDark":"#965325"},"geometry":{"type":"Point","coordinates":[120.774216,24.420567]}},{"type":"Feature","properties":{"sys":"tra_sched","lineId":"山線","lineKey":"tra_sched|山線","name":"泰安","color":"#E8792B","colorDark":"#663c22","colorFaintLight":"#efc4a2","colorFaintDark":"#402a1f","colorFaintSat":"#4f462c","colorHiddenLight":"#f0d8c1","colorHiddenDark":"#2a201e","colorHiddenSat":"#3c402c","colorFollowDark":"#965325"},"geometry":{"type":"Point","coordinates":[120.741928,24.331422]}},{"type":"Feature","properties":{"sys":"tra_sched","lineId":"山線","lineKey":"tra_sched|山線","name":"后里","color":"#E8792B","colorDark":"#663c22","colorFaintLight":"#efc4a2","colorFaintDark":"#402a1f","colorFaintSat":"#4f462c","colorHiddenLight":"#f0d8c1","colorHiddenDark":"#2a201e","colorHiddenSat":"#3c402c","colorFollowDark":"#965325"},"geometry":{"type":"Point","coordinates":[120.733128,24.309199]}},{"type":"Feature","properties":{"sys":"tra_sched","lineId":"山線","lineKey":"tra_sched|山線","name":"豐原","color":"#E8792B","colorDark":"#663c22","colorFaintLight":"#efc4a2","colorFaintDark":"#402a1f","colorFaintSat":"#4f462c","colorHiddenLight":"#f0d8c1","colorHiddenDark":"#2a201e","colorHiddenSat":"#3c402c","colorFollowDark":"#965325"},"geometry":{"type":"Point","coordinates":[120.723706,24.254532]}},{"type":"Feature","properties":{"sys":"tra_sched","lineId":"山線","lineKey":"tra_sched|山線","name":"栗林","color":"#E8792B","colorDark":"#663c22","colorFaintLight":"#efc4a2","colorFaintDark":"#402a1f","colorFaintSat":"#4f462c","colorHiddenLight":"#f0d8c1","colorHiddenDark":"#2a201e","colorHiddenSat":"#3c402c","colorFollowDark":"#965325"},"geometry":{"type":"Point","coordinates":[120.710639,24.234596]}},{"type":"Feature","properties":{"sys":"tra_sched","lineId":"山線","lineKey":"tra_sched|山線","name":"潭子","color":"#E8792B","colorDark":"#663c22","colorFaintLight":"#efc4a2","colorFaintDark":"#402a1f","colorFaintSat":"#4f462c","colorHiddenLight":"#f0d8c1","colorHiddenDark":"#2a201e","colorHiddenSat":"#3c402c","colorFollowDark":"#965325"},"geometry":{"type":"Point","coordinates":[120.705897,24.2125]}},{"type":"Feature","properties":{"sys":"tra_sched","lineId":"山線","lineKey":"tra_sched|山線","name":"頭家厝","color":"#E8792B","colorDark":"#663c22","colorFaintLight":"#efc4a2","colorFaintDark":"#402a1f","colorFaintSat":"#4f462c","colorHiddenLight":"#f0d8c1","colorHiddenDark":"#2a201e","colorHiddenSat":"#3c402c","colorFollowDark":"#965325"},"geometry":{"type":"Point","coordinates":[120.703989,24.195255]}},{"type":"Feature","properties":{"sys":"tra_sched","lineId":"山線","lineKey":"tra_sched|山線","name":"松竹","color":"#E8792B","colorDark":"#663c22","colorFaintLight":"#efc4a2","colorFaintDark":"#402a1f","colorFaintSat":"#4f462c","colorHiddenLight":"#f0d8c1","colorHiddenDark":"#2a201e","colorHiddenSat":"#3c402c","colorFollowDark":"#965325"},"geometry":{"type":"Point","coordinates":[120.70199,24.179868]}},{"type":"Feature","properties":{"sys":"tra_sched","lineId":"山線","lineKey":"tra_sched|山線","name":"太原","color":"#E8792B","colorDark":"#663c22","colorFaintLight":"#efc4a2","colorFaintDark":"#402a1f","colorFaintSat":"#4f462c","colorHiddenLight":"#f0d8c1","colorHiddenDark":"#2a201e","colorHiddenSat":"#3c402c","colorFollowDark":"#965325"},"geometry":{"type":"Point","coordinates":[120.699848,24.164202]}},{"type":"Feature","properties":{"sys":"tra_sched","lineId":"山線","lineKey":"tra_sched|山線","name":"精武","color":"#E8792B","colorDark":"#663c22","colorFaintLight":"#efc4a2","colorFaintDark":"#402a1f","colorFaintSat":"#4f462c","colorHiddenLight":"#f0d8c1","colorHiddenDark":"#2a201e","colorHiddenSat":"#3c402c","colorFollowDark":"#965325"},"geometry":{"type":"Point","coordinates":[120.697752,24.14888]}},{"type":"Feature","properties":{"sys":"tra_sched","lineId":"山線","lineKey":"tra_sched|山線","name":"臺中","color":"#E8792B","colorDark":"#663c22","colorFaintLight":"#efc4a2","colorFaintDark":"#402a1f","colorFaintSat":"#4f462c","colorHiddenLight":"#f0d8c1","colorHiddenDark":"#2a201e","colorHiddenSat":"#3c402c","colorFollowDark":"#965325"},"geometry":{"type":"Point","coordinates":[120.686877,24.137047]}},{"type":"Feature","properties":{"sys":"tra_sched","lineId":"山線","lineKey":"tra_sched|山線","name":"五權","color":"#E8792B","colorDark":"#663c22","colorFaintLight":"#efc4a2","colorFaintDark":"#402a1f","colorFaintSat":"#4f462c","colorHiddenLight":"#f0d8c1","colorHiddenDark":"#2a201e","colorHiddenSat":"#3c402c","colorFollowDark":"#965325"},"geometry":{"type":"Point","coordinates":[120.666697,24.128788]}},{"type":"Feature","properties":{"sys":"tra_sched","lineId":"山線","lineKey":"tra_sched|山線","name":"大慶","color":"#E8792B","colorDark":"#663c22","colorFaintLight":"#efc4a2","colorFaintDark":"#402a1f","colorFaintSat":"#4f462c","colorHiddenLight":"#f0d8c1","colorHiddenDark":"#2a201e","colorHiddenSat":"#3c402c","colorFollowDark":"#965325"},"geometry":{"type":"Point","coordinates":[120.648777,24.11942]}},{"type":"Feature","properties":{"sys":"tra_sched","lineId":"山線","lineKey":"tra_sched|山線","name":"烏日","color":"#E8792B","colorDark":"#663c22","colorFaintLight":"#efc4a2","colorFaintDark":"#402a1f","colorFaintSat":"#4f462c","colorHiddenLight":"#f0d8c1","colorHiddenDark":"#2a201e","colorHiddenSat":"#3c402c","colorFollowDark":"#965325"},"geometry":{"type":"Point","coordinates":[120.622403,24.108879]}},{"type":"Feature","properties":{"sys":"tra_sched","lineId":"山線","lineKey":"tra_sched|山線","name":"新烏日","color":"#E8792B","colorDark":"#663c22","colorFaintLight":"#efc4a2","colorFaintDark":"#402a1f","colorFaintSat":"#4f462c","colorHiddenLight":"#f0d8c1","colorHiddenDark":"#2a201e","colorHiddenSat":"#3c402c","colorFollowDark":"#965325"},"geometry":{"type":"Point","coordinates":[120.614248,24.109754]}},{"type":"Feature","properties":{"sys":"tra_sched","lineId":"山線","lineKey":"tra_sched|山線","name":"成功","color":"#E8792B","colorDark":"#663c22","colorFaintLight":"#efc4a2","colorFaintDark":"#402a1f","colorFaintSat":"#4f462c","colorHiddenLight":"#f0d8c1","colorHiddenDark":"#2a201e","colorHiddenSat":"#3c402c","colorFollowDark":"#965325"},"geometry":{"type":"Point","coordinates":[120.590276,24.114396]}},{"type":"Feature","properties":{"sys":"tra_sched","lineId":"山線","lineKey":"tra_sched|山線","name":"彰化","color":"#E8792B","colorDark":"#663c22","colorFaintLight":"#efc4a2","colorFaintDark":"#402a1f","colorFaintSat":"#4f462c","colorHiddenLight":"#f0d8c1","colorHiddenDark":"#2a201e","colorHiddenSat":"#3c402c","colorFollowDark":"#965325"},"geometry":{"type":"Point","coordinates":[120.53825,24.081649]}},{"type":"Feature","properties":{"sys":"tra_sched","lineId":"海線","lineKey":"tra_sched|海線","name":"竹南","color":"#3AA76D","colorDark":"#214f3c","colorFaintLight":"#b2d5b9","colorFaintDark":"#19342e","colorFaintSat":"#29503a","colorHiddenLight":"#d1e0cd","colorHiddenDark":"#152626","colorHiddenSat":"#274534","colorFollowDark":"#2a6f4e"},"geometry":{"type":"Point","coordinates":[120.880726,24.686561]}},{"type":"Feature","properties":{"sys":"tra_sched","lineId":"海線","lineKey":"tra_sched|海線","name":"談文","color":"#3AA76D","colorDark":"#214f3c","colorFaintLight":"#b2d5b9","colorFaintDark":"#19342e","colorFaintSat":"#29503a","colorHiddenLight":"#d1e0cd","colorHiddenDark":"#152626","colorHiddenSat":"#274534","colorFollowDark":"#2a6f4e"},"geometry":{"type":"Point","coordinates":[120.858225,24.656554]}},{"type":"Feature","properties":{"sys":"tra_sched","lineId":"海線","lineKey":"tra_sched|海線","name":"大山","color":"#3AA76D","colorDark":"#214f3c","colorFaintLight":"#b2d5b9","colorFaintDark":"#19342e","colorFaintSat":"#29503a","colorHiddenLight":"#d1e0cd","colorHiddenDark":"#152626","colorHiddenSat":"#274534","colorFollowDark":"#2a6f4e"},"geometry":{"type":"Point","coordinates":[120.803592,24.645712]}},{"type":"Feature","properties":{"sys":"tra_sched","lineId":"海線","lineKey":"tra_sched|海線","name":"後龍","color":"#3AA76D","colorDark":"#214f3c","colorFaintLight":"#b2d5b9","colorFaintDark":"#19342e","colorFaintSat":"#29503a","colorHiddenLight":"#d1e0cd","colorHiddenDark":"#152626","colorHiddenSat":"#274534","colorFollowDark":"#2a6f4e"},"geometry":{"type":"Point","coordinates":[120.787243,24.616237]}},{"type":"Feature","properties":{"sys":"tra_sched","lineId":"海線","lineKey":"tra_sched|海線","name":"龍港","color":"#3AA76D","colorDark":"#214f3c","colorFaintLight":"#b2d5b9","colorFaintDark":"#19342e","colorFaintSat":"#29503a","colorHiddenLight":"#d1e0cd","colorHiddenDark":"#152626","colorHiddenSat":"#274534","colorFollowDark":"#2a6f4e"},"geometry":{"type":"Point","coordinates":[120.758119,24.611906]}},{"type":"Feature","properties":{"sys":"tra_sched","lineId":"海線","lineKey":"tra_sched|海線","name":"白沙屯","color":"#3AA76D","colorDark":"#214f3c","colorFaintLight":"#b2d5b9","colorFaintDark":"#19342e","colorFaintSat":"#29503a","colorHiddenLight":"#d1e0cd","colorHiddenDark":"#152626","colorHiddenSat":"#274534","colorFollowDark":"#2a6f4e"},"geometry":{"type":"Point","coordinates":[120.70796,24.564923]}},{"type":"Feature","properties":{"sys":"tra_sched","lineId":"海線","lineKey":"tra_sched|海線","name":"新埔","color":"#3AA76D","colorDark":"#214f3c","colorFaintLight":"#b2d5b9","colorFaintDark":"#19342e","colorFaintSat":"#29503a","colorHiddenLight":"#d1e0cd","colorHiddenDark":"#152626","colorHiddenSat":"#274534","colorFollowDark":"#2a6f4e"},"geometry":{"type":"Point","coordinates":[120.695531,24.540262]}},{"type":"Feature","properties":{"sys":"tra_sched","lineId":"海線","lineKey":"tra_sched|海線","name":"通霄","color":"#3AA76D","colorDark":"#214f3c","colorFaintLight":"#b2d5b9","colorFaintDark":"#19342e","colorFaintSat":"#29503a","colorHiddenLight":"#d1e0cd","colorHiddenDark":"#152626","colorHiddenSat":"#274534","colorFollowDark":"#2a6f4e"},"geometry":{"type":"Point","coordinates":[120.67838,24.491744]}},{"type":"Feature","properties":{"sys":"tra_sched","lineId":"海線","lineKey":"tra_sched|海線","name":"苑裡","color":"#3AA76D","colorDark":"#214f3c","colorFaintLight":"#b2d5b9","colorFaintDark":"#19342e","colorFaintSat":"#29503a","colorHiddenLight":"#d1e0cd","colorHiddenDark":"#152626","colorHiddenSat":"#274534","colorFollowDark":"#2a6f4e"},"geometry":{"type":"Point","coordinates":[120.651149,24.443516]}},{"type":"Feature","properties":{"sys":"tra_sched","lineId":"海線","lineKey":"tra_sched|海線","name":"日南","color":"#3AA76D","colorDark":"#214f3c","colorFaintLight":"#b2d5b9","colorFaintDark":"#19342e","colorFaintSat":"#29503a","colorHiddenLight":"#d1e0cd","colorHiddenDark":"#152626","colorHiddenSat":"#274534","colorFollowDark":"#2a6f4e"},"geometry":{"type":"Point","coordinates":[120.654386,24.377841]}},{"type":"Feature","properties":{"sys":"tra_sched","lineId":"海線","lineKey":"tra_sched|海線","name":"大甲","color":"#3AA76D","colorDark":"#214f3c","colorFaintLight":"#b2d5b9","colorFaintDark":"#19342e","colorFaintSat":"#29503a","colorHiddenLight":"#d1e0cd","colorHiddenDark":"#152626","colorHiddenSat":"#274534","colorFollowDark":"#2a6f4e"},"geometry":{"type":"Point","coordinates":[120.627319,24.344237]}},{"type":"Feature","properties":{"sys":"tra_sched","lineId":"海線","lineKey":"tra_sched|海線","name":"臺中港","color":"#3AA76D","colorDark":"#214f3c","colorFaintLight":"#b2d5b9","colorFaintDark":"#19342e","colorFaintSat":"#29503a","colorHiddenLight":"#d1e0cd","colorHiddenDark":"#152626","colorHiddenSat":"#274534","colorFollowDark":"#2a6f4e"},"geometry":{"type":"Point","coordinates":[120.602685,24.30434]}},{"type":"Feature","properties":{"sys":"tra_sched","lineId":"海線","lineKey":"tra_sched|海線","name":"清水","color":"#3AA76D","colorDark":"#214f3c","colorFaintLight":"#b2d5b9","colorFaintDark":"#19342e","colorFaintSat":"#29503a","colorHiddenLight":"#d1e0cd","colorHiddenDark":"#152626","colorHiddenSat":"#274534","colorFollowDark":"#2a6f4e"},"geometry":{"type":"Point","coordinates":[120.568822,24.263533]}},{"type":"Feature","properties":{"sys":"tra_sched","lineId":"海線","lineKey":"tra_sched|海線","name":"沙鹿","color":"#3AA76D","colorDark":"#214f3c","colorFaintLight":"#b2d5b9","colorFaintDark":"#19342e","colorFaintSat":"#29503a","colorHiddenLight":"#d1e0cd","colorHiddenDark":"#152626","colorHiddenSat":"#274534","colorFollowDark":"#2a6f4e"},"geometry":{"type":"Point","coordinates":[120.557378,24.237126]}},{"type":"Feature","properties":{"sys":"tra_sched","lineId":"海線","lineKey":"tra_sched|海線","name":"龍井","color":"#3AA76D","colorDark":"#214f3c","colorFaintLight":"#b2d5b9","colorFaintDark":"#19342e","colorFaintSat":"#29503a","colorHiddenLight":"#d1e0cd","colorHiddenDark":"#152626","colorHiddenSat":"#274534","colorFollowDark":"#2a6f4e"},"geometry":{"type":"Point","coordinates":[120.54319,24.197519]}},{"type":"Feature","properties":{"sys":"tra_sched","lineId":"海線","lineKey":"tra_sched|海線","name":"大肚","color":"#3AA76D","colorDark":"#214f3c","colorFaintLight":"#b2d5b9","colorFaintDark":"#19342e","colorFaintSat":"#29503a","colorHiddenLight":"#d1e0cd","colorHiddenDark":"#152626","colorHiddenSat":"#274534","colorFollowDark":"#2a6f4e"},"geometry":{"type":"Point","coordinates":[120.54226,24.154344]}},{"type":"Feature","properties":{"sys":"tra_sched","lineId":"海線","lineKey":"tra_sched|海線","name":"追分","color":"#3AA76D","colorDark":"#214f3c","colorFaintLight":"#b2d5b9","colorFaintDark":"#19342e","colorFaintSat":"#29503a","colorHiddenLight":"#d1e0cd","colorHiddenDark":"#152626","colorHiddenSat":"#274534","colorFollowDark":"#2a6f4e"},"geometry":{"type":"Point","coordinates":[120.57011,24.120181]}},{"type":"Feature","properties":{"sys":"tra_sched","lineId":"海線","lineKey":"tra_sched|海線","name":"彰化","color":"#3AA76D","colorDark":"#214f3c","colorFaintLight":"#b2d5b9","colorFaintDark":"#19342e","colorFaintSat":"#29503a","colorHiddenLight":"#d1e0cd","colorHiddenDark":"#152626","colorHiddenSat":"#274534","colorFollowDark":"#2a6f4e"},"geometry":{"type":"Point","coordinates":[120.53825,24.081649]}},{"type":"Feature","properties":{"sys":"tra_sched","lineId":"縱貫線南段","lineKey":"tra_sched|縱貫線南段","name":"彰化","color":"#C0392B","colorDark":"#562322","colorFaintLight":"#e1aea2","colorFaintDark":"#371c1f","colorFaintSat":"#46382c","colorHiddenLight":"#e9cdc1","colorHiddenDark":"#25181e","colorHiddenSat":"#37382c","colorFollowDark":"#7d2b25"},"geometry":{"type":"Point","coordinates":[120.53825,24.081649]}},{"type":"Feature","properties":{"sys":"tra_sched","lineId":"縱貫線南段","lineKey":"tra_sched|縱貫線南段","name":"花壇","color":"#C0392B","colorDark":"#562322","colorFaintLight":"#e1aea2","colorFaintDark":"#371c1f","colorFaintSat":"#46382c","colorHiddenLight":"#e9cdc1","colorHiddenDark":"#25181e","colorHiddenSat":"#37382c","colorFollowDark":"#7d2b25"},"geometry":{"type":"Point","coordinates":[120.53725,24.025]}},{"type":"Feature","properties":{"sys":"tra_sched","lineId":"縱貫線南段","lineKey":"tra_sched|縱貫線南段","name":"大村","color":"#C0392B","colorDark":"#562322","colorFaintLight":"#e1aea2","colorFaintDark":"#371c1f","colorFaintSat":"#46382c","colorHiddenLight":"#e9cdc1","colorHiddenDark":"#25181e","colorHiddenSat":"#37382c","colorFollowDark":"#7d2b25"},"geometry":{"type":"Point","coordinates":[120.560592,23.990058]}},{"type":"Feature","properties":{"sys":"tra_sched","lineId":"縱貫線南段","lineKey":"tra_sched|縱貫線南段","name":"員林","color":"#C0392B","colorDark":"#562322","colorFaintLight":"#e1aea2","colorFaintDark":"#371c1f","colorFaintSat":"#46382c","colorHiddenLight":"#e9cdc1","colorHiddenDark":"#25181e","colorHiddenSat":"#37382c","colorFollowDark":"#7d2b25"},"geometry":{"type":"Point","coordinates":[120.569674,23.959349]}},{"type":"Feature","properties":{"sys":"tra_sched","lineId":"縱貫線南段","lineKey":"tra_sched|縱貫線南段","name":"永靖","color":"#C0392B","colorDark":"#562322","colorFaintLight":"#e1aea2","colorFaintDark":"#371c1f","colorFaintSat":"#46382c","colorHiddenLight":"#e9cdc1","colorHiddenDark":"#25181e","colorHiddenSat":"#37382c","colorFollowDark":"#7d2b25"},"geometry":{"type":"Point","coordinates":[120.571718,23.928214]}},{"type":"Feature","properties":{"sys":"tra_sched","lineId":"縱貫線南段","lineKey":"tra_sched|縱貫線南段","name":"社頭","color":"#C0392B","colorDark":"#562322","colorFaintLight":"#e1aea2","colorFaintDark":"#371c1f","colorFaintSat":"#46382c","colorHiddenLight":"#e9cdc1","colorHiddenDark":"#25181e","colorHiddenSat":"#37382c","colorFollowDark":"#7d2b25"},"geometry":{"type":"Point","coordinates":[120.580576,23.895844]}},{"type":"Feature","properties":{"sys":"tra_sched","lineId":"縱貫線南段","lineKey":"tra_sched|縱貫線南段","name":"田中","color":"#C0392B","colorDark":"#562322","colorFaintLight":"#e1aea2","colorFaintDark":"#371c1f","colorFaintSat":"#46382c","colorHiddenLight":"#e9cdc1","colorHiddenDark":"#25181e","colorHiddenSat":"#37382c","colorFollowDark":"#7d2b25"},"geometry":{"type":"Point","coordinates":[120.591593,23.858378]}},{"type":"Feature","properties":{"sys":"tra_sched","lineId":"縱貫線南段","lineKey":"tra_sched|縱貫線南段","name":"二水","color":"#C0392B","colorDark":"#562322","colorFaintLight":"#e1aea2","colorFaintDark":"#371c1f","colorFaintSat":"#46382c","colorHiddenLight":"#e9cdc1","colorHiddenDark":"#25181e","colorHiddenSat":"#37382c","colorFollowDark":"#7d2b25"},"geometry":{"type":"Point","coordinates":[120.618362,23.813244]}},{"type":"Feature","properties":{"sys":"tra_sched","lineId":"縱貫線南段","lineKey":"tra_sched|縱貫線南段","name":"林內","color":"#C0392B","colorDark":"#562322","colorFaintLight":"#e1aea2","colorFaintDark":"#371c1f","colorFaintSat":"#46382c","colorHiddenLight":"#e9cdc1","colorHiddenDark":"#25181e","colorHiddenSat":"#37382c","colorFollowDark":"#7d2b25"},"geometry":{"type":"Point","coordinates":[120.614634,23.759693]}},{"type":"Feature","properties":{"sys":"tra_sched","lineId":"縱貫線南段","lineKey":"tra_sched|縱貫線南段","name":"石榴","color":"#C0392B","colorDark":"#562322","colorFaintLight":"#e1aea2","colorFaintDark":"#371c1f","colorFaintSat":"#46382c","colorHiddenLight":"#e9cdc1","colorHiddenDark":"#25181e","colorHiddenSat":"#37382c","colorFollowDark":"#7d2b25"},"geometry":{"type":"Point","coordinates":[120.579779,23.731752]}},{"type":"Feature","properties":{"sys":"tra_sched","lineId":"縱貫線南段","lineKey":"tra_sched|縱貫線南段","name":"斗六","color":"#C0392B","colorDark":"#562322","colorFaintLight":"#e1aea2","colorFaintDark":"#371c1f","colorFaintSat":"#46382c","colorHiddenLight":"#e9cdc1","colorHiddenDark":"#25181e","colorHiddenSat":"#37382c","colorFollowDark":"#7d2b25"},"geometry":{"type":"Point","coordinates":[120.541144,23.711823]}},{"type":"Feature","properties":{"sys":"tra_sched","lineId":"縱貫線南段","lineKey":"tra_sched|縱貫線南段","name":"斗南","color":"#C0392B","colorDark":"#562322","colorFaintLight":"#e1aea2","colorFaintDark":"#371c1f","colorFaintSat":"#46382c","colorHiddenLight":"#e9cdc1","colorHiddenDark":"#25181e","colorHiddenSat":"#37382c","colorFollowDark":"#7d2b25"},"geometry":{"type":"Point","coordinates":[120.48116,23.672659]}},{"type":"Feature","properties":{"sys":"tra_sched","lineId":"縱貫線南段","lineKey":"tra_sched|縱貫線南段","name":"石龜","color":"#C0392B","colorDark":"#562322","colorFaintLight":"#e1aea2","colorFaintDark":"#371c1f","colorFaintSat":"#46382c","colorHiddenLight":"#e9cdc1","colorHiddenDark":"#25181e","colorHiddenSat":"#37382c","colorFollowDark":"#7d2b25"},"geometry":{"type":"Point","coordinates":[120.470957,23.639562]}},{"type":"Feature","properties":{"sys":"tra_sched","lineId":"縱貫線南段","lineKey":"tra_sched|縱貫線南段","name":"大林","color":"#C0392B","colorDark":"#562322","colorFaintLight":"#e1aea2","colorFaintDark":"#371c1f","colorFaintSat":"#46382c","colorHiddenLight":"#e9cdc1","colorHiddenDark":"#25181e","colorHiddenSat":"#37382c","colorFollowDark":"#7d2b25"},"geometry":{"type":"Point","coordinates":[120.455988,23.600807]}},{"type":"Feature","properties":{"sys":"tra_sched","lineId":"縱貫線南段","lineKey":"tra_sched|縱貫線南段","name":"民雄","color":"#C0392B","colorDark":"#562322","colorFaintLight":"#e1aea2","colorFaintDark":"#371c1f","colorFaintSat":"#46382c","colorHiddenLight":"#e9cdc1","colorHiddenDark":"#25181e","colorHiddenSat":"#37382c","colorFollowDark":"#7d2b25"},"geometry":{"type":"Point","coordinates":[120.43168,23.555228]}},{"type":"Feature","properties":{"sys":"tra_sched","lineId":"縱貫線南段","lineKey":"tra_sched|縱貫線南段","name":"嘉北","color":"#C0392B","colorDark":"#562322","colorFaintLight":"#e1aea2","colorFaintDark":"#371c1f","colorFaintSat":"#46382c","colorHiddenLight":"#e9cdc1","colorHiddenDark":"#25181e","colorHiddenSat":"#37382c","colorFollowDark":"#7d2b25"},"geometry":{"type":"Point","coordinates":[120.448441,23.499846]}},{"type":"Feature","properties":{"sys":"tra_sched","lineId":"縱貫線南段","lineKey":"tra_sched|縱貫線南段","name":"嘉義","color":"#C0392B","colorDark":"#562322","colorFaintLight":"#e1aea2","colorFaintDark":"#371c1f","colorFaintSat":"#46382c","colorHiddenLight":"#e9cdc1","colorHiddenDark":"#25181e","colorHiddenSat":"#37382c","colorFollowDark":"#7d2b25"},"geometry":{"type":"Point","coordinates":[120.441569,23.479916]}},{"type":"Feature","properties":{"sys":"tra_sched","lineId":"縱貫線南段","lineKey":"tra_sched|縱貫線南段","name":"水上","color":"#C0392B","colorDark":"#562322","colorFaintLight":"#e1aea2","colorFaintDark":"#371c1f","colorFaintSat":"#46382c","colorHiddenLight":"#e9cdc1","colorHiddenDark":"#25181e","colorHiddenSat":"#37382c","colorFollowDark":"#7d2b25"},"geometry":{"type":"Point","coordinates":[120.399623,23.433712]}},{"type":"Feature","properties":{"sys":"tra_sched","lineId":"縱貫線南段","lineKey":"tra_sched|縱貫線南段","name":"南靖","color":"#C0392B","colorDark":"#562322","colorFaintLight":"#e1aea2","colorFaintDark":"#371c1f","colorFaintSat":"#46382c","colorHiddenLight":"#e9cdc1","colorHiddenDark":"#25181e","colorHiddenSat":"#37382c","colorFollowDark":"#7d2b25"},"geometry":{"type":"Point","coordinates":[120.386847,23.413187]}},{"type":"Feature","properties":{"sys":"tra_sched","lineId":"縱貫線南段","lineKey":"tra_sched|縱貫線南段","name":"後壁","color":"#C0392B","colorDark":"#562322","colorFaintLight":"#e1aea2","colorFaintDark":"#371c1f","colorFaintSat":"#46382c","colorHiddenLight":"#e9cdc1","colorHiddenDark":"#25181e","colorHiddenSat":"#37382c","colorFollowDark":"#7d2b25"},"geometry":{"type":"Point","coordinates":[120.360398,23.366124]}},{"type":"Feature","properties":{"sys":"tra_sched","lineId":"縱貫線南段","lineKey":"tra_sched|縱貫線南段","name":"新營","color":"#C0392B","colorDark":"#562322","colorFaintLight":"#e1aea2","colorFaintDark":"#371c1f","colorFaintSat":"#46382c","colorHiddenLight":"#e9cdc1","colorHiddenDark":"#25181e","colorHiddenSat":"#37382c","colorFollowDark":"#7d2b25"},"geometry":{"type":"Point","coordinates":[120.323291,23.306423]}},{"type":"Feature","properties":{"sys":"tra_sched","lineId":"縱貫線南段","lineKey":"tra_sched|縱貫線南段","name":"柳營","color":"#C0392B","colorDark":"#562322","colorFaintLight":"#e1aea2","colorFaintDark":"#371c1f","colorFaintSat":"#46382c","colorHiddenLight":"#e9cdc1","colorHiddenDark":"#25181e","colorHiddenSat":"#37382c","colorFollowDark":"#7d2b25"},"geometry":{"type":"Point","coordinates":[120.32266,23.277429]}},{"type":"Feature","properties":{"sys":"tra_sched","lineId":"縱貫線南段","lineKey":"tra_sched|縱貫線南段","name":"林鳳營","color":"#C0392B","colorDark":"#562322","colorFaintLight":"#e1aea2","colorFaintDark":"#371c1f","colorFaintSat":"#46382c","colorHiddenLight":"#e9cdc1","colorHiddenDark":"#25181e","colorHiddenSat":"#37382c","colorFollowDark":"#7d2b25"},"geometry":{"type":"Point","coordinates":[120.321176,23.242593]}},{"type":"Feature","properties":{"sys":"tra_sched","lineId":"縱貫線南段","lineKey":"tra_sched|縱貫線南段","name":"隆田","color":"#C0392B","colorDark":"#562322","colorFaintLight":"#e1aea2","colorFaintDark":"#371c1f","colorFaintSat":"#46382c","colorHiddenLight":"#e9cdc1","colorHiddenDark":"#25181e","colorHiddenSat":"#37382c","colorFollowDark":"#7d2b25"},"geometry":{"type":"Point","coordinates":[120.319465,23.192745]}},{"type":"Feature","properties":{"sys":"tra_sched","lineId":"縱貫線南段","lineKey":"tra_sched|縱貫線南段","name":"拔林","color":"#C0392B","colorDark":"#562322","colorFaintLight":"#e1aea2","colorFaintDark":"#371c1f","colorFaintSat":"#46382c","colorHiddenLight":"#e9cdc1","colorHiddenDark":"#25181e","colorHiddenSat":"#37382c","colorFollowDark":"#7d2b25"},"geometry":{"type":"Point","coordinates":[120.321234,23.172792]}},{"type":"Feature","properties":{"sys":"tra_sched","lineId":"縱貫線南段","lineKey":"tra_sched|縱貫線南段","name":"善化","color":"#C0392B","colorDark":"#562322","colorFaintLight":"#e1aea2","colorFaintDark":"#371c1f","colorFaintSat":"#46382c","colorHiddenLight":"#e9cdc1","colorHiddenDark":"#25181e","colorHiddenSat":"#37382c","colorFollowDark":"#7d2b25"},"geometry":{"type":"Point","coordinates":[120.306644,23.133034]}},{"type":"Feature","properties":{"sys":"tra_sched","lineId":"縱貫線南段","lineKey":"tra_sched|縱貫線南段","name":"南科","color":"#C0392B","colorDark":"#562322","colorFaintLight":"#e1aea2","colorFaintDark":"#371c1f","colorFaintSat":"#46382c","colorHiddenLight":"#e9cdc1","colorHiddenDark":"#25181e","colorHiddenSat":"#37382c","colorFollowDark":"#7d2b25"},"geometry":{"type":"Point","coordinates":[120.301944,23.107249]}},{"type":"Feature","properties":{"sys":"tra_sched","lineId":"縱貫線南段","lineKey":"tra_sched|縱貫線南段","name":"新市","color":"#C0392B","colorDark":"#562322","colorFaintLight":"#e1aea2","colorFaintDark":"#371c1f","colorFaintSat":"#46382c","colorHiddenLight":"#e9cdc1","colorHiddenDark":"#25181e","colorHiddenSat":"#37382c","colorFollowDark":"#7d2b25"},"geometry":{"type":"Point","coordinates":[120.289721,23.068223]}},{"type":"Feature","properties":{"sys":"tra_sched","lineId":"縱貫線南段","lineKey":"tra_sched|縱貫線南段","name":"永康","color":"#C0392B","colorDark":"#562322","colorFaintLight":"#e1aea2","colorFaintDark":"#371c1f","colorFaintSat":"#46382c","colorHiddenLight":"#e9cdc1","colorHiddenDark":"#25181e","colorHiddenSat":"#37382c","colorFollowDark":"#7d2b25"},"geometry":{"type":"Point","coordinates":[120.253423,23.038578]}},{"type":"Feature","properties":{"sys":"tra_sched","lineId":"縱貫線南段","lineKey":"tra_sched|縱貫線南段","name":"大橋","color":"#C0392B","colorDark":"#562322","colorFaintLight":"#e1aea2","colorFaintDark":"#371c1f","colorFaintSat":"#46382c","colorHiddenLight":"#e9cdc1","colorHiddenDark":"#25181e","colorHiddenSat":"#37382c","colorFollowDark":"#7d2b25"},"geometry":{"type":"Point","coordinates":[120.224279,23.019384]}},{"type":"Feature","properties":{"sys":"tra_sched","lineId":"縱貫線南段","lineKey":"tra_sched|縱貫線南段","name":"臺南","color":"#C0392B","colorDark":"#562322","colorFaintLight":"#e1aea2","colorFaintDark":"#371c1f","colorFaintSat":"#46382c","colorHiddenLight":"#e9cdc1","colorHiddenDark":"#25181e","colorHiddenSat":"#37382c","colorFollowDark":"#7d2b25"},"geometry":{"type":"Point","coordinates":[120.212958,22.997229]}},{"type":"Feature","properties":{"sys":"tra_sched","lineId":"縱貫線南段","lineKey":"tra_sched|縱貫線南段","name":"保安","color":"#C0392B","colorDark":"#562322","colorFaintLight":"#e1aea2","colorFaintDark":"#371c1f","colorFaintSat":"#46382c","colorHiddenLight":"#e9cdc1","colorHiddenDark":"#25181e","colorHiddenSat":"#37382c","colorFollowDark":"#7d2b25"},"geometry":{"type":"Point","coordinates":[120.23167,22.933028]}},{"type":"Feature","properties":{"sys":"tra_sched","lineId":"縱貫線南段","lineKey":"tra_sched|縱貫線南段","name":"仁德","color":"#C0392B","colorDark":"#562322","colorFaintLight":"#e1aea2","colorFaintDark":"#371c1f","colorFaintSat":"#46382c","colorHiddenLight":"#e9cdc1","colorHiddenDark":"#25181e","colorHiddenSat":"#37382c","colorFollowDark":"#7d2b25"},"geometry":{"type":"Point","coordinates":[120.240436,22.92343]}},{"type":"Feature","properties":{"sys":"tra_sched","lineId":"縱貫線南段","lineKey":"tra_sched|縱貫線南段","name":"中洲","color":"#C0392B","colorDark":"#562322","colorFaintLight":"#e1aea2","colorFaintDark":"#371c1f","colorFaintSat":"#46382c","colorHiddenLight":"#e9cdc1","colorHiddenDark":"#25181e","colorHiddenSat":"#37382c","colorFollowDark":"#7d2b25"},"geometry":{"type":"Point","coordinates":[120.252613,22.903902]}},{"type":"Feature","properties":{"sys":"tra_sched","lineId":"縱貫線南段","lineKey":"tra_sched|縱貫線南段","name":"大湖","color":"#C0392B","colorDark":"#562322","colorFaintLight":"#e1aea2","colorFaintDark":"#371c1f","colorFaintSat":"#46382c","colorHiddenLight":"#e9cdc1","colorHiddenDark":"#25181e","colorHiddenSat":"#37382c","colorFollowDark":"#7d2b25"},"geometry":{"type":"Point","coordinates":[120.254108,22.87834]}},{"type":"Feature","properties":{"sys":"tra_sched","lineId":"縱貫線南段","lineKey":"tra_sched|縱貫線南段","name":"路竹","color":"#C0392B","colorDark":"#562322","colorFaintLight":"#e1aea2","colorFaintDark":"#371c1f","colorFaintSat":"#46382c","colorHiddenLight":"#e9cdc1","colorHiddenDark":"#25181e","colorHiddenSat":"#37382c","colorFollowDark":"#7d2b25"},"geometry":{"type":"Point","coordinates":[120.266599,22.85384]}},{"type":"Feature","properties":{"sys":"tra_sched","lineId":"縱貫線南段","lineKey":"tra_sched|縱貫線南段","name":"岡山","color":"#C0392B","colorDark":"#562322","colorFaintLight":"#e1aea2","colorFaintDark":"#371c1f","colorFaintSat":"#46382c","colorHiddenLight":"#e9cdc1","colorHiddenDark":"#25181e","colorHiddenSat":"#37382c","colorFollowDark":"#7d2b25"},"geometry":{"type":"Point","coordinates":[120.300527,22.79232]}},{"type":"Feature","properties":{"sys":"tra_sched","lineId":"縱貫線南段","lineKey":"tra_sched|縱貫線南段","name":"橋頭","color":"#C0392B","colorDark":"#562322","colorFaintLight":"#e1aea2","colorFaintDark":"#371c1f","colorFaintSat":"#46382c","colorHiddenLight":"#e9cdc1","colorHiddenDark":"#25181e","colorHiddenSat":"#37382c","colorFollowDark":"#7d2b25"},"geometry":{"type":"Point","coordinates":[120.310225,22.761084]}},{"type":"Feature","properties":{"sys":"tra_sched","lineId":"縱貫線南段","lineKey":"tra_sched|縱貫線南段","name":"楠梓","color":"#C0392B","colorDark":"#562322","colorFaintLight":"#e1aea2","colorFaintDark":"#371c1f","colorFaintSat":"#46382c","colorHiddenLight":"#e9cdc1","colorHiddenDark":"#25181e","colorHiddenSat":"#37382c","colorFollowDark":"#7d2b25"},"geometry":{"type":"Point","coordinates":[120.324012,22.727177]}},{"type":"Feature","properties":{"sys":"tra_sched","lineId":"縱貫線南段","lineKey":"tra_sched|縱貫線南段","name":"新左營","color":"#C0392B","colorDark":"#562322","colorFaintLight":"#e1aea2","colorFaintDark":"#371c1f","colorFaintSat":"#46382c","colorHiddenLight":"#e9cdc1","colorHiddenDark":"#25181e","colorHiddenSat":"#37382c","colorFollowDark":"#7d2b25"},"geometry":{"type":"Point","coordinates":[120.307325,22.687594]}},{"type":"Feature","properties":{"sys":"tra_sched","lineId":"縱貫線南段","lineKey":"tra_sched|縱貫線南段","name":"左營(舊城)","color":"#C0392B","colorDark":"#562322","colorFaintLight":"#e1aea2","colorFaintDark":"#371c1f","colorFaintSat":"#46382c","colorHiddenLight":"#e9cdc1","colorHiddenDark":"#25181e","colorHiddenSat":"#37382c","colorFollowDark":"#7d2b25"},"geometry":{"type":"Point","coordinates":[120.293711,22.674025]}},{"type":"Feature","properties":{"sys":"tra_sched","lineId":"縱貫線南段","lineKey":"tra_sched|縱貫線南段","name":"內惟","color":"#C0392B","colorDark":"#562322","colorFaintLight":"#e1aea2","colorFaintDark":"#371c1f","colorFaintSat":"#46382c","colorHiddenLight":"#e9cdc1","colorHiddenDark":"#25181e","colorHiddenSat":"#37382c","colorFollowDark":"#7d2b25"},"geometry":{"type":"Point","coordinates":[120.286954,22.665923]}},{"type":"Feature","properties":{"sys":"tra_sched","lineId":"縱貫線南段","lineKey":"tra_sched|縱貫線南段","name":"美術館","color":"#C0392B","colorDark":"#562322","colorFaintLight":"#e1aea2","colorFaintDark":"#371c1f","colorFaintSat":"#46382c","colorHiddenLight":"#e9cdc1","colorHiddenDark":"#25181e","colorHiddenSat":"#37382c","colorFollowDark":"#7d2b25"},"geometry":{"type":"Point","coordinates":[120.281445,22.651852]}},{"type":"Feature","properties":{"sys":"tra_sched","lineId":"縱貫線南段","lineKey":"tra_sched|縱貫線南段","name":"鼓山","color":"#C0392B","colorDark":"#562322","colorFaintLight":"#e1aea2","colorFaintDark":"#371c1f","colorFaintSat":"#46382c","colorHiddenLight":"#e9cdc1","colorHiddenDark":"#25181e","colorHiddenSat":"#37382c","colorFollowDark":"#7d2b25"},"geometry":{"type":"Point","coordinates":[120.280916,22.641835]}},{"type":"Feature","properties":{"sys":"tra_sched","lineId":"縱貫線南段","lineKey":"tra_sched|縱貫線南段","name":"三塊厝","color":"#C0392B","colorDark":"#562322","colorFaintLight":"#e1aea2","colorFaintDark":"#371c1f","colorFaintSat":"#46382c","colorHiddenLight":"#e9cdc1","colorHiddenDark":"#25181e","colorHiddenSat":"#37382c","colorFollowDark":"#7d2b25"},"geometry":{"type":"Point","coordinates":[120.294141,22.639308]}},{"type":"Feature","properties":{"sys":"tra_sched","lineId":"縱貫線南段","lineKey":"tra_sched|縱貫線南段","name":"高雄","color":"#C0392B","colorDark":"#562322","colorFaintLight":"#e1aea2","colorFaintDark":"#371c1f","colorFaintSat":"#46382c","colorHiddenLight":"#e9cdc1","colorHiddenDark":"#25181e","colorHiddenSat":"#37382c","colorFollowDark":"#7d2b25"},"geometry":{"type":"Point","coordinates":[120.302586,22.639468]}},{"type":"Feature","properties":{"sys":"tra_sched","lineId":"屏東線","lineKey":"tra_sched|屏東線","name":"高雄","color":"#8E44AD","colorDark":"#422756","colorFaintLight":"#cfb2cf","colorFaintDark":"#2c1f3c","colorFaintSat":"#3b3b48","colorHiddenLight":"#e0cfd8","colorHiddenDark":"#1f1a2d","colorHiddenSat":"#31393b","colorFollowDark":"#5e3276"},"geometry":{"type":"Point","coordinates":[120.302586,22.639468]}},{"type":"Feature","properties":{"sys":"tra_sched","lineId":"屏東線","lineKey":"tra_sched|屏東線","name":"民族","color":"#8E44AD","colorDark":"#422756","colorFaintLight":"#cfb2cf","colorFaintDark":"#2c1f3c","colorFaintSat":"#3b3b48","colorHiddenLight":"#e0cfd8","colorHiddenDark":"#1f1a2d","colorHiddenSat":"#31393b","colorFollowDark":"#5e3276"},"geometry":{"type":"Point","coordinates":[120.315097,22.638712]}},{"type":"Feature","properties":{"sys":"tra_sched","lineId":"屏東線","lineKey":"tra_sched|屏東線","name":"科工館","color":"#8E44AD","colorDark":"#422756","colorFaintLight":"#cfb2cf","colorFaintDark":"#2c1f3c","colorFaintSat":"#3b3b48","colorHiddenLight":"#e0cfd8","colorHiddenDark":"#1f1a2d","colorHiddenSat":"#31393b","colorFollowDark":"#5e3276"},"geometry":{"type":"Point","coordinates":[120.326283,22.637085]}},{"type":"Feature","properties":{"sys":"tra_sched","lineId":"屏東線","lineKey":"tra_sched|屏東線","name":"正義","color":"#8E44AD","colorDark":"#422756","colorFaintLight":"#cfb2cf","colorFaintDark":"#2c1f3c","colorFaintSat":"#3b3b48","colorHiddenLight":"#e0cfd8","colorHiddenDark":"#1f1a2d","colorHiddenSat":"#31393b","colorFollowDark":"#5e3276"},"geometry":{"type":"Point","coordinates":[120.34274,22.634126]}},{"type":"Feature","properties":{"sys":"tra_sched","lineId":"屏東線","lineKey":"tra_sched|屏東線","name":"鳳山","color":"#8E44AD","colorDark":"#422756","colorFaintLight":"#cfb2cf","colorFaintDark":"#2c1f3c","colorFaintSat":"#3b3b48","colorHiddenLight":"#e0cfd8","colorHiddenDark":"#1f1a2d","colorHiddenSat":"#31393b","colorFollowDark":"#5e3276"},"geometry":{"type":"Point","coordinates":[120.356674,22.631585]}},{"type":"Feature","properties":{"sys":"tra_sched","lineId":"屏東線","lineKey":"tra_sched|屏東線","name":"後庄","color":"#8E44AD","colorDark":"#422756","colorFaintLight":"#cfb2cf","colorFaintDark":"#2c1f3c","colorFaintSat":"#3b3b48","colorHiddenLight":"#e0cfd8","colorHiddenDark":"#1f1a2d","colorHiddenSat":"#31393b","colorFollowDark":"#5e3276"},"geometry":{"type":"Point","coordinates":[120.391042,22.640487]}},{"type":"Feature","properties":{"sys":"tra_sched","lineId":"屏東線","lineKey":"tra_sched|屏東線","name":"九曲堂","color":"#8E44AD","colorDark":"#422756","colorFaintLight":"#cfb2cf","colorFaintDark":"#2c1f3c","colorFaintSat":"#3b3b48","colorHiddenLight":"#e0cfd8","colorHiddenDark":"#1f1a2d","colorHiddenSat":"#31393b","colorFollowDark":"#5e3276"},"geometry":{"type":"Point","coordinates":[120.421188,22.655968]}},{"type":"Feature","properties":{"sys":"tra_sched","lineId":"屏東線","lineKey":"tra_sched|屏東線","name":"六塊厝","color":"#8E44AD","colorDark":"#422756","colorFaintLight":"#cfb2cf","colorFaintDark":"#2c1f3c","colorFaintSat":"#3b3b48","colorHiddenLight":"#e0cfd8","colorHiddenDark":"#1f1a2d","colorHiddenSat":"#31393b","colorFollowDark":"#5e3276"},"geometry":{"type":"Point","coordinates":[120.46484,22.665715]}},{"type":"Feature","properties":{"sys":"tra_sched","lineId":"屏東線","lineKey":"tra_sched|屏東線","name":"屏東","color":"#8E44AD","colorDark":"#422756","colorFaintLight":"#cfb2cf","colorFaintDark":"#2c1f3c","colorFaintSat":"#3b3b48","colorHiddenLight":"#e0cfd8","colorHiddenDark":"#1f1a2d","colorHiddenSat":"#31393b","colorFollowDark":"#5e3276"},"geometry":{"type":"Point","coordinates":[120.486129,22.668877]}},{"type":"Feature","properties":{"sys":"tra_sched","lineId":"屏東線","lineKey":"tra_sched|屏東線","name":"歸來","color":"#8E44AD","colorDark":"#422756","colorFaintLight":"#cfb2cf","colorFaintDark":"#2c1f3c","colorFaintSat":"#3b3b48","colorHiddenLight":"#e0cfd8","colorHiddenDark":"#1f1a2d","colorHiddenSat":"#31393b","colorFollowDark":"#5e3276"},"geometry":{"type":"Point","coordinates":[120.502814,22.652287]}},{"type":"Feature","properties":{"sys":"tra_sched","lineId":"屏東線","lineKey":"tra_sched|屏東線","name":"麟洛","color":"#8E44AD","colorDark":"#422756","colorFaintLight":"#cfb2cf","colorFaintDark":"#2c1f3c","colorFaintSat":"#3b3b48","colorHiddenLight":"#e0cfd8","colorHiddenDark":"#1f1a2d","colorHiddenSat":"#31393b","colorFollowDark":"#5e3276"},"geometry":{"type":"Point","coordinates":[120.514379,22.634733]}},{"type":"Feature","properties":{"sys":"tra_sched","lineId":"屏東線","lineKey":"tra_sched|屏東線","name":"西勢","color":"#8E44AD","colorDark":"#422756","colorFaintLight":"#cfb2cf","colorFaintDark":"#2c1f3c","colorFaintSat":"#3b3b48","colorHiddenLight":"#e0cfd8","colorHiddenDark":"#1f1a2d","colorHiddenSat":"#31393b","colorFollowDark":"#5e3276"},"geometry":{"type":"Point","coordinates":[120.526578,22.616281]}},{"type":"Feature","properties":{"sys":"tra_sched","lineId":"屏東線","lineKey":"tra_sched|屏東線","name":"竹田","color":"#8E44AD","colorDark":"#422756","colorFaintLight":"#cfb2cf","colorFaintDark":"#2c1f3c","colorFaintSat":"#3b3b48","colorHiddenLight":"#e0cfd8","colorHiddenDark":"#1f1a2d","colorHiddenSat":"#31393b","colorFollowDark":"#5e3276"},"geometry":{"type":"Point","coordinates":[120.539763,22.586576]}},{"type":"Feature","properties":{"sys":"tra_sched","lineId":"屏東線","lineKey":"tra_sched|屏東線","name":"潮州","color":"#8E44AD","colorDark":"#422756","colorFaintLight":"#cfb2cf","colorFaintDark":"#2c1f3c","colorFaintSat":"#3b3b48","colorHiddenLight":"#e0cfd8","colorHiddenDark":"#1f1a2d","colorHiddenSat":"#31393b","colorFollowDark":"#5e3276"},"geometry":{"type":"Point","coordinates":[120.536123,22.549973]}},{"type":"Feature","properties":{"sys":"tra_sched","lineId":"屏東線","lineKey":"tra_sched|屏東線","name":"崁頂","color":"#8E44AD","colorDark":"#422756","colorFaintLight":"#cfb2cf","colorFaintDark":"#2c1f3c","colorFaintSat":"#3b3b48","colorHiddenLight":"#e0cfd8","colorHiddenDark":"#1f1a2d","colorHiddenSat":"#31393b","colorFollowDark":"#5e3276"},"geometry":{"type":"Point","coordinates":[120.514929,22.513092]}},{"type":"Feature","properties":{"sys":"tra_sched","lineId":"屏東線","lineKey":"tra_sched|屏東線","name":"南州","color":"#8E44AD","colorDark":"#422756","colorFaintLight":"#cfb2cf","colorFaintDark":"#2c1f3c","colorFaintSat":"#3b3b48","colorHiddenLight":"#e0cfd8","colorHiddenDark":"#1f1a2d","colorHiddenSat":"#31393b","colorFollowDark":"#5e3276"},"geometry":{"type":"Point","coordinates":[120.511983,22.49187]}},{"type":"Feature","properties":{"sys":"tra_sched","lineId":"屏東線","lineKey":"tra_sched|屏東線","name":"鎮安","color":"#8E44AD","colorDark":"#422756","colorFaintLight":"#cfb2cf","colorFaintDark":"#2c1f3c","colorFaintSat":"#3b3b48","colorHiddenLight":"#e0cfd8","colorHiddenDark":"#1f1a2d","colorHiddenSat":"#31393b","colorFollowDark":"#5e3276"},"geometry":{"type":"Point","coordinates":[120.511123,22.457992]}},{"type":"Feature","properties":{"sys":"tra_sched","lineId":"屏東線","lineKey":"tra_sched|屏東線","name":"林邊","color":"#8E44AD","colorDark":"#422756","colorFaintLight":"#cfb2cf","colorFaintDark":"#2c1f3c","colorFaintSat":"#3b3b48","colorHiddenLight":"#e0cfd8","colorHiddenDark":"#1f1a2d","colorHiddenSat":"#31393b","colorFollowDark":"#5e3276"},"geometry":{"type":"Point","coordinates":[120.515016,22.431473]}},{"type":"Feature","properties":{"sys":"tra_sched","lineId":"屏東線","lineKey":"tra_sched|屏東線","name":"佳冬","color":"#8E44AD","colorDark":"#422756","colorFaintLight":"#cfb2cf","colorFaintDark":"#2c1f3c","colorFaintSat":"#3b3b48","colorHiddenLight":"#e0cfd8","colorHiddenDark":"#1f1a2d","colorHiddenSat":"#31393b","colorFollowDark":"#5e3276"},"geometry":{"type":"Point","coordinates":[120.547568,22.413808]}},{"type":"Feature","properties":{"sys":"tra_sched","lineId":"屏東線","lineKey":"tra_sched|屏東線","name":"東海","color":"#8E44AD","colorDark":"#422756","colorFaintLight":"#cfb2cf","colorFaintDark":"#2c1f3c","colorFaintSat":"#3b3b48","colorHiddenLight":"#e0cfd8","colorHiddenDark":"#1f1a2d","colorHiddenSat":"#31393b","colorFollowDark":"#5e3276"},"geometry":{"type":"Point","coordinates":[120.572309,22.398937]}},{"type":"Feature","properties":{"sys":"tra_sched","lineId":"屏東線","lineKey":"tra_sched|屏東線","name":"枋寮","color":"#8E44AD","colorDark":"#422756","colorFaintLight":"#cfb2cf","colorFaintDark":"#2c1f3c","colorFaintSat":"#3b3b48","colorHiddenLight":"#e0cfd8","colorHiddenDark":"#1f1a2d","colorHiddenSat":"#31393b","colorFollowDark":"#5e3276"},"geometry":{"type":"Point","coordinates":[120.595286,22.368247]}},{"type":"Feature","properties":{"sys":"tra_sched","lineId":"南迴線","lineKey":"tra_sched|南迴線","name":"枋寮","color":"#16A085","colorDark":"#124c46","colorFaintLight":"#a5d2c1","colorFaintDark":"#113333","colorFaintSat":"#214f40","colorHiddenLight":"#cadfd1","colorHiddenDark":"#112529","colorHiddenSat":"#224437","colorFollowDark":"#146b5d"},"geometry":{"type":"Point","coordinates":[120.595286,22.368247]}},{"type":"Feature","properties":{"sys":"tra_sched","lineId":"南迴線","lineKey":"tra_sched|南迴線","name":"加祿","color":"#16A085","colorDark":"#124c46","colorFaintLight":"#a5d2c1","colorFaintDark":"#113333","colorFaintSat":"#214f40","colorHiddenLight":"#cadfd1","colorHiddenDark":"#112529","colorHiddenSat":"#224437","colorFollowDark":"#146b5d"},"geometry":{"type":"Point","coordinates":[120.625001,22.330951]}},{"type":"Feature","properties":{"sys":"tra_sched","lineId":"南迴線","lineKey":"tra_sched|南迴線","name":"內獅","color":"#16A085","colorDark":"#124c46","colorFaintLight":"#a5d2c1","colorFaintDark":"#113333","colorFaintSat":"#214f40","colorHiddenLight":"#cadfd1","colorHiddenDark":"#112529","colorHiddenSat":"#224437","colorFollowDark":"#146b5d"},"geometry":{"type":"Point","coordinates":[120.643621,22.306246]}},{"type":"Feature","properties":{"sys":"tra_sched","lineId":"南迴線","lineKey":"tra_sched|南迴線","name":"枋山","color":"#16A085","colorDark":"#124c46","colorFaintLight":"#a5d2c1","colorFaintDark":"#113333","colorFaintSat":"#214f40","colorHiddenLight":"#cadfd1","colorHiddenDark":"#112529","colorHiddenSat":"#224437","colorFollowDark":"#146b5d"},"geometry":{"type":"Point","coordinates":[120.659567,22.267236]}},{"type":"Feature","properties":{"sys":"tra_sched","lineId":"南迴線","lineKey":"tra_sched|南迴線","name":"枋野","color":"#16A085","colorDark":"#124c46","colorFaintLight":"#a5d2c1","colorFaintDark":"#113333","colorFaintSat":"#214f40","colorHiddenLight":"#cadfd1","colorHiddenDark":"#112529","colorHiddenSat":"#224437","colorFollowDark":"#146b5d"},"geometry":{"type":"Point","coordinates":[120.717011,22.280855]}},{"type":"Feature","properties":{"sys":"tra_sched","lineId":"南迴線","lineKey":"tra_sched|南迴線","name":"大武","color":"#16A085","colorDark":"#124c46","colorFaintLight":"#a5d2c1","colorFaintDark":"#113333","colorFaintSat":"#214f40","colorHiddenLight":"#cadfd1","colorHiddenDark":"#112529","colorHiddenSat":"#224437","colorFollowDark":"#146b5d"},"geometry":{"type":"Point","coordinates":[120.900655,22.365479]}},{"type":"Feature","properties":{"sys":"tra_sched","lineId":"南迴線","lineKey":"tra_sched|南迴線","name":"瀧溪","color":"#16A085","colorDark":"#124c46","colorFaintLight":"#a5d2c1","colorFaintDark":"#113333","colorFaintSat":"#214f40","colorHiddenLight":"#cadfd1","colorHiddenDark":"#112529","colorHiddenSat":"#224437","colorFollowDark":"#146b5d"},"geometry":{"type":"Point","coordinates":[120.942036,22.460902]}},{"type":"Feature","properties":{"sys":"tra_sched","lineId":"南迴線","lineKey":"tra_sched|南迴線","name":"金崙","color":"#16A085","colorDark":"#124c46","colorFaintLight":"#a5d2c1","colorFaintDark":"#113333","colorFaintSat":"#214f40","colorHiddenLight":"#cadfd1","colorHiddenDark":"#112529","colorHiddenSat":"#224437","colorFollowDark":"#146b5d"},"geometry":{"type":"Point","coordinates":[120.9675,22.531328]}},{"type":"Feature","properties":{"sys":"tra_sched","lineId":"南迴線","lineKey":"tra_sched|南迴線","name":"太麻里","color":"#16A085","colorDark":"#124c46","colorFaintLight":"#a5d2c1","colorFaintDark":"#113333","colorFaintSat":"#214f40","colorHiddenLight":"#cadfd1","colorHiddenDark":"#112529","colorHiddenSat":"#224437","colorFollowDark":"#146b5d"},"geometry":{"type":"Point","coordinates":[121.004662,22.618985]}},{"type":"Feature","properties":{"sys":"tra_sched","lineId":"南迴線","lineKey":"tra_sched|南迴線","name":"知本","color":"#16A085","colorDark":"#124c46","colorFaintLight":"#a5d2c1","colorFaintDark":"#113333","colorFaintSat":"#214f40","colorHiddenLight":"#cadfd1","colorHiddenDark":"#112529","colorHiddenSat":"#224437","colorFollowDark":"#146b5d"},"geometry":{"type":"Point","coordinates":[121.061016,22.71]}},{"type":"Feature","properties":{"sys":"tra_sched","lineId":"南迴線","lineKey":"tra_sched|南迴線","name":"康樂","color":"#16A085","colorDark":"#124c46","colorFaintLight":"#a5d2c1","colorFaintDark":"#113333","colorFaintSat":"#214f40","colorHiddenLight":"#cadfd1","colorHiddenDark":"#112529","colorHiddenSat":"#224437","colorFollowDark":"#146b5d"},"geometry":{"type":"Point","coordinates":[121.093273,22.764519]}},{"type":"Feature","properties":{"sys":"tra_sched","lineId":"南迴線","lineKey":"tra_sched|南迴線","name":"臺東","color":"#16A085","colorDark":"#124c46","colorFaintLight":"#a5d2c1","colorFaintDark":"#113333","colorFaintSat":"#214f40","colorHiddenLight":"#cadfd1","colorHiddenDark":"#112529","colorHiddenSat":"#224437","colorFollowDark":"#146b5d"},"geometry":{"type":"Point","coordinates":[121.122361,22.793468]}},{"type":"Feature","properties":{"sys":"tra_sched","lineId":"臺東線","lineKey":"tra_sched|臺東線","name":"臺東","color":"#D4A017","colorDark":"#5e4c1a","colorFaintLight":"#e8d29b","colorFaintDark":"#3b331b","colorFaintSat":"#4b4f27","colorHiddenLight":"#eddfbd","colorHiddenDark":"#28251b","colorHiddenSat":"#394429","colorFollowDark":"#8a6b19"},"geometry":{"type":"Point","coordinates":[121.122361,22.793468]}},{"type":"Feature","properties":{"sys":"tra_sched","lineId":"臺東線","lineKey":"tra_sched|臺東線","name":"山里","color":"#D4A017","colorDark":"#5e4c1a","colorFaintLight":"#e8d29b","colorFaintDark":"#3b331b","colorFaintSat":"#4b4f27","colorHiddenLight":"#eddfbd","colorHiddenDark":"#28251b","colorHiddenSat":"#394429","colorFollowDark":"#8a6b19"},"geometry":{"type":"Point","coordinates":[121.13796,22.861851]}},{"type":"Feature","properties":{"sys":"tra_sched","lineId":"臺東線","lineKey":"tra_sched|臺東線","name":"鹿野","color":"#D4A017","colorDark":"#5e4c1a","colorFaintLight":"#e8d29b","colorFaintDark":"#3b331b","colorFaintSat":"#4b4f27","colorHiddenLight":"#eddfbd","colorHiddenDark":"#28251b","colorHiddenSat":"#394429","colorFollowDark":"#8a6b19"},"geometry":{"type":"Point","coordinates":[121.137157,22.912394]}},{"type":"Feature","properties":{"sys":"tra_sched","lineId":"臺東線","lineKey":"tra_sched|臺東線","name":"瑞源","color":"#D4A017","colorDark":"#5e4c1a","colorFaintLight":"#e8d29b","colorFaintDark":"#3b331b","colorFaintSat":"#4b4f27","colorHiddenLight":"#eddfbd","colorHiddenDark":"#28251b","colorHiddenSat":"#394429","colorFollowDark":"#8a6b19"},"geometry":{"type":"Point","coordinates":[121.159226,22.956027]}},{"type":"Feature","properties":{"sys":"tra_sched","lineId":"臺東線","lineKey":"tra_sched|臺東線","name":"瑞和","color":"#D4A017","colorDark":"#5e4c1a","colorFaintLight":"#e8d29b","colorFaintDark":"#3b331b","colorFaintSat":"#4b4f27","colorHiddenLight":"#eddfbd","colorHiddenDark":"#28251b","colorHiddenSat":"#394429","colorFollowDark":"#8a6b19"},"geometry":{"type":"Point","coordinates":[121.156083,22.97997]}},{"type":"Feature","properties":{"sys":"tra_sched","lineId":"臺東線","lineKey":"tra_sched|臺東線","name":"關山","color":"#D4A017","colorDark":"#5e4c1a","colorFaintLight":"#e8d29b","colorFaintDark":"#3b331b","colorFaintSat":"#4b4f27","colorHiddenLight":"#eddfbd","colorHiddenDark":"#28251b","colorHiddenSat":"#394429","colorFollowDark":"#8a6b19"},"geometry":{"type":"Point","coordinates":[121.164506,23.045617]}},{"type":"Feature","properties":{"sys":"tra_sched","lineId":"臺東線","lineKey":"tra_sched|臺東線","name":"海端","color":"#D4A017","colorDark":"#5e4c1a","colorFaintLight":"#e8d29b","colorFaintDark":"#3b331b","colorFaintSat":"#4b4f27","colorHiddenLight":"#eddfbd","colorHiddenDark":"#28251b","colorHiddenSat":"#394429","colorFollowDark":"#8a6b19"},"geometry":{"type":"Point","coordinates":[121.177301,23.102121]}},{"type":"Feature","properties":{"sys":"tra_sched","lineId":"臺東線","lineKey":"tra_sched|臺東線","name":"池上","color":"#D4A017","colorDark":"#5e4c1a","colorFaintLight":"#e8d29b","colorFaintDark":"#3b331b","colorFaintSat":"#4b4f27","colorHiddenLight":"#eddfbd","colorHiddenDark":"#28251b","colorHiddenSat":"#394429","colorFollowDark":"#8a6b19"},"geometry":{"type":"Point","coordinates":[121.219434,23.126317]}},{"type":"Feature","properties":{"sys":"tra_sched","lineId":"臺東線","lineKey":"tra_sched|臺東線","name":"富里","color":"#D4A017","colorDark":"#5e4c1a","colorFaintLight":"#e8d29b","colorFaintDark":"#3b331b","colorFaintSat":"#4b4f27","colorHiddenLight":"#eddfbd","colorHiddenDark":"#28251b","colorHiddenSat":"#394429","colorFollowDark":"#8a6b19"},"geometry":{"type":"Point","coordinates":[121.248439,23.179156]}},{"type":"Feature","properties":{"sys":"tra_sched","lineId":"臺東線","lineKey":"tra_sched|臺東線","name":"東竹","color":"#D4A017","colorDark":"#5e4c1a","colorFaintLight":"#e8d29b","colorFaintDark":"#3b331b","colorFaintSat":"#4b4f27","colorHiddenLight":"#eddfbd","colorHiddenDark":"#28251b","colorHiddenSat":"#394429","colorFollowDark":"#8a6b19"},"geometry":{"type":"Point","coordinates":[121.278291,23.225972]}},{"type":"Feature","properties":{"sys":"tra_sched","lineId":"臺東線","lineKey":"tra_sched|臺東線","name":"東里","color":"#D4A017","colorDark":"#5e4c1a","colorFaintLight":"#e8d29b","colorFaintDark":"#3b331b","colorFaintSat":"#4b4f27","colorHiddenLight":"#eddfbd","colorHiddenDark":"#28251b","colorHiddenSat":"#394429","colorFollowDark":"#8a6b19"},"geometry":{"type":"Point","coordinates":[121.303999,23.272427]}},{"type":"Feature","properties":{"sys":"tra_sched","lineId":"臺東線","lineKey":"tra_sched|臺東線","name":"玉里","color":"#D4A017","colorDark":"#5e4c1a","colorFaintLight":"#e8d29b","colorFaintDark":"#3b331b","colorFaintSat":"#4b4f27","colorHiddenLight":"#eddfbd","colorHiddenDark":"#28251b","colorHiddenSat":"#394429","colorFollowDark":"#8a6b19"},"geometry":{"type":"Point","coordinates":[121.311564,23.331557]}},{"type":"Feature","properties":{"sys":"tra_sched","lineId":"臺東線","lineKey":"tra_sched|臺東線","name":"三民","color":"#D4A017","colorDark":"#5e4c1a","colorFaintLight":"#e8d29b","colorFaintDark":"#3b331b","colorFaintSat":"#4b4f27","colorHiddenLight":"#eddfbd","colorHiddenDark":"#28251b","colorHiddenSat":"#394429","colorFollowDark":"#8a6b19"},"geometry":{"type":"Point","coordinates":[121.345258,23.424658]}},{"type":"Feature","properties":{"sys":"tra_sched","lineId":"臺東線","lineKey":"tra_sched|臺東線","name":"瑞穗","color":"#D4A017","colorDark":"#5e4c1a","colorFaintLight":"#e8d29b","colorFaintDark":"#3b331b","colorFaintSat":"#4b4f27","colorHiddenLight":"#eddfbd","colorHiddenDark":"#28251b","colorHiddenSat":"#394429","colorFollowDark":"#8a6b19"},"geometry":{"type":"Point","coordinates":[121.376599,23.497744]}},{"type":"Feature","properties":{"sys":"tra_sched","lineId":"臺東線","lineKey":"tra_sched|臺東線","name":"富源","color":"#D4A017","colorDark":"#5e4c1a","colorFaintLight":"#e8d29b","colorFaintDark":"#3b331b","colorFaintSat":"#4b4f27","colorHiddenLight":"#eddfbd","colorHiddenDark":"#28251b","colorHiddenSat":"#394429","colorFollowDark":"#8a6b19"},"geometry":{"type":"Point","coordinates":[121.38025,23.580322]}},{"type":"Feature","properties":{"sys":"tra_sched","lineId":"臺東線","lineKey":"tra_sched|臺東線","name":"大富","color":"#D4A017","colorDark":"#5e4c1a","colorFaintLight":"#e8d29b","colorFaintDark":"#3b331b","colorFaintSat":"#4b4f27","colorHiddenLight":"#eddfbd","colorHiddenDark":"#28251b","colorHiddenSat":"#394429","colorFollowDark":"#8a6b19"},"geometry":{"type":"Point","coordinates":[121.389474,23.606031]}},{"type":"Feature","properties":{"sys":"tra_sched","lineId":"臺東線","lineKey":"tra_sched|臺東線","name":"光復","color":"#D4A017","colorDark":"#5e4c1a","colorFaintLight":"#e8d29b","colorFaintDark":"#3b331b","colorFaintSat":"#4b4f27","colorHiddenLight":"#eddfbd","colorHiddenDark":"#28251b","colorHiddenSat":"#394429","colorFollowDark":"#8a6b19"},"geometry":{"type":"Point","coordinates":[121.42098,23.666401]}},{"type":"Feature","properties":{"sys":"tra_sched","lineId":"臺東線","lineKey":"tra_sched|臺東線","name":"萬榮","color":"#D4A017","colorDark":"#5e4c1a","colorFaintLight":"#e8d29b","colorFaintDark":"#3b331b","colorFaintSat":"#4b4f27","colorHiddenLight":"#eddfbd","colorHiddenDark":"#28251b","colorHiddenSat":"#394429","colorFollowDark":"#8a6b19"},"geometry":{"type":"Point","coordinates":[121.418848,23.711992]}},{"type":"Feature","properties":{"sys":"tra_sched","lineId":"臺東線","lineKey":"tra_sched|臺東線","name":"鳳林","color":"#D4A017","colorDark":"#5e4c1a","colorFaintLight":"#e8d29b","colorFaintDark":"#3b331b","colorFaintSat":"#4b4f27","colorHiddenLight":"#eddfbd","colorHiddenDark":"#28251b","colorHiddenSat":"#394429","colorFollowDark":"#8a6b19"},"geometry":{"type":"Point","coordinates":[121.446767,23.746272]}},{"type":"Feature","properties":{"sys":"tra_sched","lineId":"臺東線","lineKey":"tra_sched|臺東線","name":"南平","color":"#D4A017","colorDark":"#5e4c1a","colorFaintLight":"#e8d29b","colorFaintDark":"#3b331b","colorFaintSat":"#4b4f27","colorHiddenLight":"#eddfbd","colorHiddenDark":"#28251b","colorHiddenSat":"#394429","colorFollowDark":"#8a6b19"},"geometry":{"type":"Point","coordinates":[121.458104,23.782426]}},{"type":"Feature","properties":{"sys":"tra_sched","lineId":"臺東線","lineKey":"tra_sched|臺東線","name":"林榮新光","color":"#D4A017","colorDark":"#5e4c1a","colorFaintLight":"#e8d29b","colorFaintDark":"#3b331b","colorFaintSat":"#4b4f27","colorHiddenLight":"#eddfbd","colorHiddenDark":"#28251b","colorHiddenSat":"#394429","colorFollowDark":"#8a6b19"},"geometry":{"type":"Point","coordinates":[121.462028,23.802586]}},{"type":"Feature","properties":{"sys":"tra_sched","lineId":"臺東線","lineKey":"tra_sched|臺東線","name":"豐田","color":"#D4A017","colorDark":"#5e4c1a","colorFaintLight":"#e8d29b","colorFaintDark":"#3b331b","colorFaintSat":"#4b4f27","colorHiddenLight":"#eddfbd","colorHiddenDark":"#28251b","colorHiddenSat":"#394429","colorFollowDark":"#8a6b19"},"geometry":{"type":"Point","coordinates":[121.496061,23.848484]}},{"type":"Feature","properties":{"sys":"tra_sched","lineId":"臺東線","lineKey":"tra_sched|臺東線","name":"壽豐","color":"#D4A017","colorDark":"#5e4c1a","colorFaintLight":"#e8d29b","colorFaintDark":"#3b331b","colorFaintSat":"#4b4f27","colorHiddenLight":"#eddfbd","colorHiddenDark":"#28251b","colorHiddenSat":"#394429","colorFollowDark":"#8a6b19"},"geometry":{"type":"Point","coordinates":[121.51076,23.86895]}},{"type":"Feature","properties":{"sys":"tra_sched","lineId":"臺東線","lineKey":"tra_sched|臺東線","name":"平和","color":"#D4A017","colorDark":"#5e4c1a","colorFaintLight":"#e8d29b","colorFaintDark":"#3b331b","colorFaintSat":"#4b4f27","colorHiddenLight":"#eddfbd","colorHiddenDark":"#28251b","colorHiddenSat":"#394429","colorFollowDark":"#8a6b19"},"geometry":{"type":"Point","coordinates":[121.520725,23.882676]}},{"type":"Feature","properties":{"sys":"tra_sched","lineId":"臺東線","lineKey":"tra_sched|臺東線","name":"志學","color":"#D4A017","colorDark":"#5e4c1a","colorFaintLight":"#e8d29b","colorFaintDark":"#3b331b","colorFaintSat":"#4b4f27","colorHiddenLight":"#eddfbd","colorHiddenDark":"#28251b","colorHiddenSat":"#394429","colorFollowDark":"#8a6b19"},"geometry":{"type":"Point","coordinates":[121.529381,23.907791]}},{"type":"Feature","properties":{"sys":"tra_sched","lineId":"臺東線","lineKey":"tra_sched|臺東線","name":"吉安","color":"#D4A017","colorDark":"#5e4c1a","colorFaintLight":"#e8d29b","colorFaintDark":"#3b331b","colorFaintSat":"#4b4f27","colorHiddenLight":"#eddfbd","colorHiddenDark":"#28251b","colorHiddenSat":"#394429","colorFollowDark":"#8a6b19"},"geometry":{"type":"Point","coordinates":[121.582784,23.967838]}},{"type":"Feature","properties":{"sys":"tra_sched","lineId":"臺東線","lineKey":"tra_sched|臺東線","name":"花蓮","color":"#D4A017","colorDark":"#5e4c1a","colorFaintLight":"#e8d29b","colorFaintDark":"#3b331b","colorFaintSat":"#4b4f27","colorHiddenLight":"#eddfbd","colorHiddenDark":"#28251b","colorHiddenSat":"#394429","colorFollowDark":"#8a6b19"},"geometry":{"type":"Point","coordinates":[121.600862,23.992667]}},{"type":"Feature","properties":{"sys":"tra_sched","lineId":"北迴線","lineKey":"tra_sched|北迴線","name":"花蓮","color":"#5D6D7E","colorDark":"#2f3843","colorFaintLight":"#bec0bf","colorFaintDark":"#212832","colorFaintSat":"#31443e","colorHiddenLight":"#d7d6d0","colorHiddenDark":"#191f28","colorHiddenSat":"#2b3e36","colorFollowDark":"#404b59"},"geometry":{"type":"Point","coordinates":[121.600862,23.992667]}},{"type":"Feature","properties":{"sys":"tra_sched","lineId":"北迴線","lineKey":"tra_sched|北迴線","name":"北埔","color":"#5D6D7E","colorDark":"#2f3843","colorFaintLight":"#bec0bf","colorFaintDark":"#212832","colorFaintSat":"#31443e","colorHiddenLight":"#d7d6d0","colorHiddenDark":"#191f28","colorHiddenSat":"#2b3e36","colorFollowDark":"#404b59"},"geometry":{"type":"Point","coordinates":[121.601274,24.032612]}},{"type":"Feature","properties":{"sys":"tra_sched","lineId":"北迴線","lineKey":"tra_sched|北迴線","name":"景美","color":"#5D6D7E","colorDark":"#2f3843","colorFaintLight":"#bec0bf","colorFaintDark":"#212832","colorFaintSat":"#31443e","colorHiddenLight":"#d7d6d0","colorHiddenDark":"#191f28","colorHiddenSat":"#2b3e36","colorFollowDark":"#404b59"},"geometry":{"type":"Point","coordinates":[121.610549,24.09041]}},{"type":"Feature","properties":{"sys":"tra_sched","lineId":"北迴線","lineKey":"tra_sched|北迴線","name":"新城 (太魯閣)","color":"#5D6D7E","colorDark":"#2f3843","colorFaintLight":"#bec0bf","colorFaintDark":"#212832","colorFaintSat":"#31443e","colorHiddenLight":"#d7d6d0","colorHiddenDark":"#191f28","colorHiddenSat":"#2b3e36","colorFollowDark":"#404b59"},"geometry":{"type":"Point","coordinates":[121.640634,24.12808]}},{"type":"Feature","properties":{"sys":"tra_sched","lineId":"北迴線","lineKey":"tra_sched|北迴線","name":"崇德","color":"#5D6D7E","colorDark":"#2f3843","colorFaintLight":"#bec0bf","colorFaintDark":"#212832","colorFaintSat":"#31443e","colorHiddenLight":"#d7d6d0","colorHiddenDark":"#191f28","colorHiddenSat":"#2b3e36","colorFollowDark":"#404b59"},"geometry":{"type":"Point","coordinates":[121.65571,24.17173]}},{"type":"Feature","properties":{"sys":"tra_sched","lineId":"北迴線","lineKey":"tra_sched|北迴線","name":"和仁","color":"#5D6D7E","colorDark":"#2f3843","colorFaintLight":"#bec0bf","colorFaintDark":"#212832","colorFaintSat":"#31443e","colorHiddenLight":"#d7d6d0","colorHiddenDark":"#191f28","colorHiddenSat":"#2b3e36","colorFollowDark":"#404b59"},"geometry":{"type":"Point","coordinates":[121.71251,24.241557]}},{"type":"Feature","properties":{"sys":"tra_sched","lineId":"北迴線","lineKey":"tra_sched|北迴線","name":"和平","color":"#5D6D7E","colorDark":"#2f3843","colorFaintLight":"#bec0bf","colorFaintDark":"#212832","colorFaintSat":"#31443e","colorHiddenLight":"#d7d6d0","colorHiddenDark":"#191f28","colorHiddenSat":"#2b3e36","colorFollowDark":"#404b59"},"geometry":{"type":"Point","coordinates":[121.754754,24.29783]}},{"type":"Feature","properties":{"sys":"tra_sched","lineId":"北迴線","lineKey":"tra_sched|北迴線","name":"漢本","color":"#5D6D7E","colorDark":"#2f3843","colorFaintLight":"#bec0bf","colorFaintDark":"#212832","colorFaintSat":"#31443e","colorHiddenLight":"#d7d6d0","colorHiddenDark":"#191f28","colorHiddenSat":"#2b3e36","colorFollowDark":"#404b59"},"geometry":{"type":"Point","coordinates":[121.768083,24.333816]}},{"type":"Feature","properties":{"sys":"tra_sched","lineId":"北迴線","lineKey":"tra_sched|北迴線","name":"武塔","color":"#5D6D7E","colorDark":"#2f3843","colorFaintLight":"#bec0bf","colorFaintDark":"#212832","colorFaintSat":"#31443e","colorHiddenLight":"#d7d6d0","colorHiddenDark":"#191f28","colorHiddenSat":"#2b3e36","colorFollowDark":"#404b59"},"geometry":{"type":"Point","coordinates":[121.775815,24.448723]}},{"type":"Feature","properties":{"sys":"tra_sched","lineId":"北迴線","lineKey":"tra_sched|北迴線","name":"南澳","color":"#5D6D7E","colorDark":"#2f3843","colorFaintLight":"#bec0bf","colorFaintDark":"#212832","colorFaintSat":"#31443e","colorHiddenLight":"#d7d6d0","colorHiddenDark":"#191f28","colorHiddenSat":"#2b3e36","colorFollowDark":"#404b59"},"geometry":{"type":"Point","coordinates":[121.80133,24.46302]}},{"type":"Feature","properties":{"sys":"tra_sched","lineId":"北迴線","lineKey":"tra_sched|北迴線","name":"東澳","color":"#5D6D7E","colorDark":"#2f3843","colorFaintLight":"#bec0bf","colorFaintDark":"#212832","colorFaintSat":"#31443e","colorHiddenLight":"#d7d6d0","colorHiddenDark":"#191f28","colorHiddenSat":"#2b3e36","colorFollowDark":"#404b59"},"geometry":{"type":"Point","coordinates":[121.830717,24.517781]}},{"type":"Feature","properties":{"sys":"tra_sched","lineId":"北迴線","lineKey":"tra_sched|北迴線","name":"永樂","color":"#5D6D7E","colorDark":"#2f3843","colorFaintLight":"#bec0bf","colorFaintDark":"#212832","colorFaintSat":"#31443e","colorHiddenLight":"#d7d6d0","colorHiddenDark":"#191f28","colorHiddenSat":"#2b3e36","colorFollowDark":"#404b59"},"geometry":{"type":"Point","coordinates":[121.844426,24.568443]}},{"type":"Feature","properties":{"sys":"tra_sched","lineId":"北迴線","lineKey":"tra_sched|北迴線","name":"蘇澳新","color":"#5D6D7E","colorDark":"#2f3843","colorFaintLight":"#bec0bf","colorFaintDark":"#212832","colorFaintSat":"#31443e","colorHiddenLight":"#d7d6d0","colorHiddenDark":"#191f28","colorHiddenSat":"#2b3e36","colorFollowDark":"#404b59"},"geometry":{"type":"Point","coordinates":[121.828246,24.608313]}},{"type":"Feature","properties":{"sys":"tra_sched","lineId":"宜蘭線","lineKey":"tra_sched|宜蘭線","name":"蘇澳","color":"#C2185B","colorDark":"#571635","colorFaintLight":"#e1a2b3","colorFaintDark":"#37152a","colorFaintSat":"#473136","colorHiddenLight":"#e9c7ca","colorHiddenDark":"#251424","colorHiddenSat":"#373432","colorFollowDark":"#7e1643"},"geometry":{"type":"Point","coordinates":[121.851467,24.595004]}},{"type":"Feature","properties":{"sys":"tra_sched","lineId":"宜蘭線","lineKey":"tra_sched|宜蘭線","name":"蘇澳新","color":"#C2185B","colorDark":"#571635","colorFaintLight":"#e1a2b3","colorFaintDark":"#37152a","colorFaintSat":"#473136","colorHiddenLight":"#e9c7ca","colorHiddenDark":"#251424","colorHiddenSat":"#373432","colorFollowDark":"#7e1643"},"geometry":{"type":"Point","coordinates":[121.828246,24.608313]}},{"type":"Feature","properties":{"sys":"tra_sched","lineId":"宜蘭線","lineKey":"tra_sched|宜蘭線","name":"新馬","color":"#C2185B","colorDark":"#571635","colorFaintLight":"#e1a2b3","colorFaintDark":"#37152a","colorFaintSat":"#473136","colorHiddenLight":"#e9c7ca","colorHiddenDark":"#251424","colorHiddenSat":"#373432","colorFollowDark":"#7e1643"},"geometry":{"type":"Point","coordinates":[121.822671,24.615709]}},{"type":"Feature","properties":{"sys":"tra_sched","lineId":"宜蘭線","lineKey":"tra_sched|宜蘭線","name":"冬山","color":"#C2185B","colorDark":"#571635","colorFaintLight":"#e1a2b3","colorFaintDark":"#37152a","colorFaintSat":"#473136","colorHiddenLight":"#e9c7ca","colorHiddenDark":"#251424","colorHiddenSat":"#373432","colorFollowDark":"#7e1643"},"geometry":{"type":"Point","coordinates":[121.792017,24.636781]}},{"type":"Feature","properties":{"sys":"tra_sched","lineId":"宜蘭線","lineKey":"tra_sched|宜蘭線","name":"羅東","color":"#C2185B","colorDark":"#571635","colorFaintLight":"#e1a2b3","colorFaintDark":"#37152a","colorFaintSat":"#473136","colorHiddenLight":"#e9c7ca","colorHiddenDark":"#251424","colorHiddenSat":"#373432","colorFollowDark":"#7e1643"},"geometry":{"type":"Point","coordinates":[121.77449,24.67798]}},{"type":"Feature","properties":{"sys":"tra_sched","lineId":"宜蘭線","lineKey":"tra_sched|宜蘭線","name":"中里","color":"#C2185B","colorDark":"#571635","colorFaintLight":"#e1a2b3","colorFaintDark":"#37152a","colorFaintSat":"#473136","colorHiddenLight":"#e9c7ca","colorHiddenDark":"#251424","colorHiddenSat":"#373432","colorFollowDark":"#7e1643"},"geometry":{"type":"Point","coordinates":[121.775205,24.695077]}},{"type":"Feature","properties":{"sys":"tra_sched","lineId":"宜蘭線","lineKey":"tra_sched|宜蘭線","name":"二結","color":"#C2185B","colorDark":"#571635","colorFaintLight":"#e1a2b3","colorFaintDark":"#37152a","colorFaintSat":"#473136","colorHiddenLight":"#e9c7ca","colorHiddenDark":"#251424","colorHiddenSat":"#373432","colorFollowDark":"#7e1643"},"geometry":{"type":"Point","coordinates":[121.77422,24.706002]}},{"type":"Feature","properties":{"sys":"tra_sched","lineId":"宜蘭線","lineKey":"tra_sched|宜蘭線","name":"宜蘭","color":"#C2185B","colorDark":"#571635","colorFaintLight":"#e1a2b3","colorFaintDark":"#37152a","colorFaintSat":"#473136","colorHiddenLight":"#e9c7ca","colorHiddenDark":"#251424","colorHiddenSat":"#373432","colorFollowDark":"#7e1643"},"geometry":{"type":"Point","coordinates":[121.758248,24.75458]}},{"type":"Feature","properties":{"sys":"tra_sched","lineId":"宜蘭線","lineKey":"tra_sched|宜蘭線","name":"四城","color":"#C2185B","colorDark":"#571635","colorFaintLight":"#e1a2b3","colorFaintDark":"#37152a","colorFaintSat":"#473136","colorHiddenLight":"#e9c7ca","colorHiddenDark":"#251424","colorHiddenSat":"#373432","colorFollowDark":"#7e1643"},"geometry":{"type":"Point","coordinates":[121.762938,24.786852]}},{"type":"Feature","properties":{"sys":"tra_sched","lineId":"宜蘭線","lineKey":"tra_sched|宜蘭線","name":"礁溪","color":"#C2185B","colorDark":"#571635","colorFaintLight":"#e1a2b3","colorFaintDark":"#37152a","colorFaintSat":"#473136","colorHiddenLight":"#e9c7ca","colorHiddenDark":"#251424","colorHiddenSat":"#373432","colorFollowDark":"#7e1643"},"geometry":{"type":"Point","coordinates":[121.77542,24.82685]}},{"type":"Feature","properties":{"sys":"tra_sched","lineId":"宜蘭線","lineKey":"tra_sched|宜蘭線","name":"頂埔","color":"#C2185B","colorDark":"#571635","colorFaintLight":"#e1a2b3","colorFaintDark":"#37152a","colorFaintSat":"#473136","colorHiddenLight":"#e9c7ca","colorHiddenDark":"#251424","colorHiddenSat":"#373432","colorFollowDark":"#7e1643"},"geometry":{"type":"Point","coordinates":[121.808957,24.843968]}},{"type":"Feature","properties":{"sys":"tra_sched","lineId":"宜蘭線","lineKey":"tra_sched|宜蘭線","name":"頭城","color":"#C2185B","colorDark":"#571635","colorFaintLight":"#e1a2b3","colorFaintDark":"#37152a","colorFaintSat":"#473136","colorHiddenLight":"#e9c7ca","colorHiddenDark":"#251424","colorHiddenSat":"#373432","colorFollowDark":"#7e1643"},"geometry":{"type":"Point","coordinates":[121.822319,24.859037]}},{"type":"Feature","properties":{"sys":"tra_sched","lineId":"宜蘭線","lineKey":"tra_sched|宜蘭線","name":"外澳","color":"#C2185B","colorDark":"#571635","colorFaintLight":"#e1a2b3","colorFaintDark":"#37152a","colorFaintSat":"#473136","colorHiddenLight":"#e9c7ca","colorHiddenDark":"#251424","colorHiddenSat":"#373432","colorFollowDark":"#7e1643"},"geometry":{"type":"Point","coordinates":[121.845435,24.883723]}},{"type":"Feature","properties":{"sys":"tra_sched","lineId":"宜蘭線","lineKey":"tra_sched|宜蘭線","name":"龜山","color":"#C2185B","colorDark":"#571635","colorFaintLight":"#e1a2b3","colorFaintDark":"#37152a","colorFaintSat":"#473136","colorHiddenLight":"#e9c7ca","colorHiddenDark":"#251424","colorHiddenSat":"#373432","colorFollowDark":"#7e1643"},"geometry":{"type":"Point","coordinates":[121.868707,24.905139]}},{"type":"Feature","properties":{"sys":"tra_sched","lineId":"宜蘭線","lineKey":"tra_sched|宜蘭線","name":"大溪","color":"#C2185B","colorDark":"#571635","colorFaintLight":"#e1a2b3","colorFaintDark":"#37152a","colorFaintSat":"#473136","colorHiddenLight":"#e9c7ca","colorHiddenDark":"#251424","colorHiddenSat":"#373432","colorFollowDark":"#7e1643"},"geometry":{"type":"Point","coordinates":[121.889715,24.938467]}},{"type":"Feature","properties":{"sys":"tra_sched","lineId":"宜蘭線","lineKey":"tra_sched|宜蘭線","name":"大里","color":"#C2185B","colorDark":"#571635","colorFaintLight":"#e1a2b3","colorFaintDark":"#37152a","colorFaintSat":"#473136","colorHiddenLight":"#e9c7ca","colorHiddenDark":"#251424","colorHiddenSat":"#373432","colorFollowDark":"#7e1643"},"geometry":{"type":"Point","coordinates":[121.922636,24.966666]}},{"type":"Feature","properties":{"sys":"tra_sched","lineId":"宜蘭線","lineKey":"tra_sched|宜蘭線","name":"石城","color":"#C2185B","colorDark":"#571635","colorFaintLight":"#e1a2b3","colorFaintDark":"#37152a","colorFaintSat":"#473136","colorHiddenLight":"#e9c7ca","colorHiddenDark":"#251424","colorHiddenSat":"#373432","colorFollowDark":"#7e1643"},"geometry":{"type":"Point","coordinates":[121.9454,24.978363]}},{"type":"Feature","properties":{"sys":"tra_sched","lineId":"宜蘭線","lineKey":"tra_sched|宜蘭線","name":"福隆","color":"#C2185B","colorDark":"#571635","colorFaintLight":"#e1a2b3","colorFaintDark":"#37152a","colorFaintSat":"#473136","colorHiddenLight":"#e9c7ca","colorHiddenDark":"#251424","colorHiddenSat":"#373432","colorFollowDark":"#7e1643"},"geometry":{"type":"Point","coordinates":[121.944583,25.01571]}},{"type":"Feature","properties":{"sys":"tra_sched","lineId":"宜蘭線","lineKey":"tra_sched|宜蘭線","name":"貢寮","color":"#C2185B","colorDark":"#571635","colorFaintLight":"#e1a2b3","colorFaintDark":"#37152a","colorFaintSat":"#473136","colorHiddenLight":"#e9c7ca","colorHiddenDark":"#251424","colorHiddenSat":"#373432","colorFollowDark":"#7e1643"},"geometry":{"type":"Point","coordinates":[121.908813,25.021757]}},{"type":"Feature","properties":{"sys":"tra_sched","lineId":"宜蘭線","lineKey":"tra_sched|宜蘭線","name":"雙溪","color":"#C2185B","colorDark":"#571635","colorFaintLight":"#e1a2b3","colorFaintDark":"#37152a","colorFaintSat":"#473136","colorHiddenLight":"#e9c7ca","colorHiddenDark":"#251424","colorHiddenSat":"#373432","colorFollowDark":"#7e1643"},"geometry":{"type":"Point","coordinates":[121.866885,25.038841]}},{"type":"Feature","properties":{"sys":"tra_sched","lineId":"宜蘭線","lineKey":"tra_sched|宜蘭線","name":"牡丹","color":"#C2185B","colorDark":"#571635","colorFaintLight":"#e1a2b3","colorFaintDark":"#37152a","colorFaintSat":"#473136","colorHiddenLight":"#e9c7ca","colorHiddenDark":"#251424","colorHiddenSat":"#373432","colorFollowDark":"#7e1643"},"geometry":{"type":"Point","coordinates":[121.852045,25.058497]}},{"type":"Feature","properties":{"sys":"tra_sched","lineId":"宜蘭線","lineKey":"tra_sched|宜蘭線","name":"三貂嶺","color":"#C2185B","colorDark":"#571635","colorFaintLight":"#e1a2b3","colorFaintDark":"#37152a","colorFaintSat":"#473136","colorHiddenLight":"#e9c7ca","colorHiddenDark":"#251424","colorHiddenSat":"#373432","colorFollowDark":"#7e1643"},"geometry":{"type":"Point","coordinates":[121.822353,25.066096]}},{"type":"Feature","properties":{"sys":"tra_sched","lineId":"宜蘭線","lineKey":"tra_sched|宜蘭線","name":"猴硐","color":"#C2185B","colorDark":"#571635","colorFaintLight":"#e1a2b3","colorFaintDark":"#37152a","colorFaintSat":"#473136","colorHiddenLight":"#e9c7ca","colorHiddenDark":"#251424","colorHiddenSat":"#373432","colorFollowDark":"#7e1643"},"geometry":{"type":"Point","coordinates":[121.82719,25.087033]}},{"type":"Feature","properties":{"sys":"tra_sched","lineId":"宜蘭線","lineKey":"tra_sched|宜蘭線","name":"瑞芳","color":"#C2185B","colorDark":"#571635","colorFaintLight":"#e1a2b3","colorFaintDark":"#37152a","colorFaintSat":"#473136","colorHiddenLight":"#e9c7ca","colorHiddenDark":"#251424","colorHiddenSat":"#373432","colorFollowDark":"#7e1643"},"geometry":{"type":"Point","coordinates":[121.80655,25.108976]}},{"type":"Feature","properties":{"sys":"tra_sched","lineId":"宜蘭線","lineKey":"tra_sched|宜蘭線","name":"四腳亭","color":"#C2185B","colorDark":"#571635","colorFaintLight":"#e1a2b3","colorFaintDark":"#37152a","colorFaintSat":"#473136","colorHiddenLight":"#e9c7ca","colorHiddenDark":"#251424","colorHiddenSat":"#373432","colorFollowDark":"#7e1643"},"geometry":{"type":"Point","coordinates":[121.761818,25.102607]}},{"type":"Feature","properties":{"sys":"tra_sched","lineId":"宜蘭線","lineKey":"tra_sched|宜蘭線","name":"暖暖","color":"#C2185B","colorDark":"#571635","colorFaintLight":"#e1a2b3","colorFaintDark":"#37152a","colorFaintSat":"#473136","colorHiddenLight":"#e9c7ca","colorHiddenDark":"#251424","colorHiddenSat":"#373432","colorFollowDark":"#7e1643"},"geometry":{"type":"Point","coordinates":[121.740306,25.10221]}},{"type":"Feature","properties":{"sys":"tra_sched","lineId":"宜蘭線","lineKey":"tra_sched|宜蘭線","name":"八堵","color":"#C2185B","colorDark":"#571635","colorFaintLight":"#e1a2b3","colorFaintDark":"#37152a","colorFaintSat":"#473136","colorHiddenLight":"#e9c7ca","colorHiddenDark":"#251424","colorHiddenSat":"#373432","colorFollowDark":"#7e1643"},"geometry":{"type":"Point","coordinates":[121.728989,25.108527]}},{"type":"Feature","properties":{"sys":"tra_sched","lineId":"NEIWAN","lineKey":"tra_sched|NEIWAN","name":"新竹","color":"#00A0B0","colorDark":"#0a4c57","colorFaintLight":"#9dd2d1","colorFaintDark":"#0c333d","colorFaintSat":"#1c4f49","colorHiddenLight":"#c6dfd9","colorHiddenDark":"#0e252e","colorHiddenSat":"#20443c","colorFollowDark":"#066b78"},"geometry":{"type":"Point","coordinates":[120.971706,24.801366]}},{"type":"Feature","properties":{"sys":"tra_sched","lineId":"NEIWAN","lineKey":"tra_sched|NEIWAN","name":"北新竹","color":"#00A0B0","colorDark":"#0a4c57","colorFaintLight":"#9dd2d1","colorFaintDark":"#0c333d","colorFaintSat":"#1c4f49","colorHiddenLight":"#c6dfd9","colorHiddenDark":"#0e252e","colorHiddenSat":"#20443c","colorFollowDark":"#066b78"},"geometry":{"type":"Point","coordinates":[120.983773,24.808658]}},{"type":"Feature","properties":{"sys":"tra_sched","lineId":"NEIWAN","lineKey":"tra_sched|NEIWAN","name":"千甲","color":"#00A0B0","colorDark":"#0a4c57","colorFaintLight":"#9dd2d1","colorFaintDark":"#0c333d","colorFaintSat":"#1c4f49","colorHiddenLight":"#c6dfd9","colorHiddenDark":"#0e252e","colorHiddenSat":"#20443c","colorFollowDark":"#066b78"},"geometry":{"type":"Point","coordinates":[121.003412,24.806594]}},{"type":"Feature","properties":{"sys":"tra_sched","lineId":"NEIWAN","lineKey":"tra_sched|NEIWAN","name":"新莊","color":"#00A0B0","colorDark":"#0a4c57","colorFaintLight":"#9dd2d1","colorFaintDark":"#0c333d","colorFaintSat":"#1c4f49","colorHiddenLight":"#c6dfd9","colorHiddenDark":"#0e252e","colorHiddenSat":"#20443c","colorFollowDark":"#066b78"},"geometry":{"type":"Point","coordinates":[121.021946,24.788107]}},{"type":"Feature","properties":{"sys":"tra_sched","lineId":"NEIWAN","lineKey":"tra_sched|NEIWAN","name":"竹中","color":"#00A0B0","colorDark":"#0a4c57","colorFaintLight":"#9dd2d1","colorFaintDark":"#0c333d","colorFaintSat":"#1c4f49","colorHiddenLight":"#c6dfd9","colorHiddenDark":"#0e252e","colorHiddenSat":"#20443c","colorFollowDark":"#066b78"},"geometry":{"type":"Point","coordinates":[121.031413,24.781465]}},{"type":"Feature","properties":{"sys":"tra_sched","lineId":"NEIWAN","lineKey":"tra_sched|NEIWAN","name":"上員","color":"#00A0B0","colorDark":"#0a4c57","colorFaintLight":"#9dd2d1","colorFaintDark":"#0c333d","colorFaintSat":"#1c4f49","colorHiddenLight":"#c6dfd9","colorHiddenDark":"#0e252e","colorHiddenSat":"#20443c","colorFollowDark":"#066b78"},"geometry":{"type":"Point","coordinates":[121.055828,24.77777]}},{"type":"Feature","properties":{"sys":"tra_sched","lineId":"NEIWAN","lineKey":"tra_sched|NEIWAN","name":"榮華","color":"#00A0B0","colorDark":"#0a4c57","colorFaintLight":"#9dd2d1","colorFaintDark":"#0c333d","colorFaintSat":"#1c4f49","colorHiddenLight":"#c6dfd9","colorHiddenDark":"#0e252e","colorHiddenSat":"#20443c","colorFollowDark":"#066b78"},"geometry":{"type":"Point","coordinates":[121.083211,24.748416]}},{"type":"Feature","properties":{"sys":"tra_sched","lineId":"NEIWAN","lineKey":"tra_sched|NEIWAN","name":"竹東","color":"#00A0B0","colorDark":"#0a4c57","colorFaintLight":"#9dd2d1","colorFaintDark":"#0c333d","colorFaintSat":"#1c4f49","colorHiddenLight":"#c6dfd9","colorHiddenDark":"#0e252e","colorHiddenSat":"#20443c","colorFollowDark":"#066b78"},"geometry":{"type":"Point","coordinates":[121.094854,24.738344]}},{"type":"Feature","properties":{"sys":"tra_sched","lineId":"NEIWAN","lineKey":"tra_sched|NEIWAN","name":"橫山","color":"#00A0B0","colorDark":"#0a4c57","colorFaintLight":"#9dd2d1","colorFaintDark":"#0c333d","colorFaintSat":"#1c4f49","colorHiddenLight":"#c6dfd9","colorHiddenDark":"#0e252e","colorHiddenSat":"#20443c","colorFollowDark":"#066b78"},"geometry":{"type":"Point","coordinates":[121.117722,24.720418]}},{"type":"Feature","properties":{"sys":"tra_sched","lineId":"NEIWAN","lineKey":"tra_sched|NEIWAN","name":"九讚頭","color":"#00A0B0","colorDark":"#0a4c57","colorFaintLight":"#9dd2d1","colorFaintDark":"#0c333d","colorFaintSat":"#1c4f49","colorHiddenLight":"#c6dfd9","colorHiddenDark":"#0e252e","colorHiddenSat":"#20443c","colorFollowDark":"#066b78"},"geometry":{"type":"Point","coordinates":[121.136068,24.720399]}},{"type":"Feature","properties":{"sys":"tra_sched","lineId":"NEIWAN","lineKey":"tra_sched|NEIWAN","name":"合興","color":"#00A0B0","colorDark":"#0a4c57","colorFaintLight":"#9dd2d1","colorFaintDark":"#0c333d","colorFaintSat":"#1c4f49","colorHiddenLight":"#c6dfd9","colorHiddenDark":"#0e252e","colorHiddenSat":"#20443c","colorFollowDark":"#066b78"},"geometry":{"type":"Point","coordinates":[121.154508,24.716485]}},{"type":"Feature","properties":{"sys":"tra_sched","lineId":"NEIWAN","lineKey":"tra_sched|NEIWAN","name":"富貴","color":"#00A0B0","colorDark":"#0a4c57","colorFaintLight":"#9dd2d1","colorFaintDark":"#0c333d","colorFaintSat":"#1c4f49","colorHiddenLight":"#c6dfd9","colorHiddenDark":"#0e252e","colorHiddenSat":"#20443c","colorFollowDark":"#066b78"},"geometry":{"type":"Point","coordinates":[121.167398,24.71546]}},{"type":"Feature","properties":{"sys":"tra_sched","lineId":"NEIWAN","lineKey":"tra_sched|NEIWAN","name":"內灣","color":"#00A0B0","colorDark":"#0a4c57","colorFaintLight":"#9dd2d1","colorFaintDark":"#0c333d","colorFaintSat":"#1c4f49","colorHiddenLight":"#c6dfd9","colorHiddenDark":"#0e252e","colorHiddenSat":"#20443c","colorFollowDark":"#066b78"},"geometry":{"type":"Point","coordinates":[121.182642,24.705388]}},{"type":"Feature","properties":{"sys":"tra_sched","lineId":"LIUJIA","lineKey":"tra_sched|LIUJIA","name":"竹中","color":"#7FB800","colorDark":"#3c5611","colorFaintLight":"#cada93","colorFaintDark":"#283816","colorFaintSat":"#385422","colorHiddenLight":"#dde3b9","colorHiddenDark":"#1d2819","colorHiddenSat":"#2f4727","colorFollowDark":"#557a0b"},"geometry":{"type":"Point","coordinates":[121.031413,24.781465]}},{"type":"Feature","properties":{"sys":"tra_sched","lineId":"LIUJIA","lineKey":"tra_sched|LIUJIA","name":"六家","color":"#7FB800","colorDark":"#3c5611","colorFaintLight":"#cada93","colorFaintDark":"#283816","colorFaintSat":"#385422","colorHiddenLight":"#dde3b9","colorHiddenDark":"#1d2819","colorHiddenSat":"#2f4727","colorFollowDark":"#557a0b"},"geometry":{"type":"Point","coordinates":[121.039448,24.807661]}},{"type":"Feature","properties":{"sys":"tra_sched","lineId":"PINGXI","lineKey":"tra_sched|PINGXI","name":"三貂嶺","color":"#E4572E","colorDark":"#652f23","colorFaintLight":"#edb9a3","colorFaintDark":"#3f2320","colorFaintSat":"#4e3f2c","colorHiddenLight":"#efd2c2","colorHiddenDark":"#291c1e","colorHiddenSat":"#3b3c2c","colorFollowDark":"#933e27"},"geometry":{"type":"Point","coordinates":[121.822353,25.066096]}},{"type":"Feature","properties":{"sys":"tra_sched","lineId":"PINGXI","lineKey":"tra_sched|PINGXI","name":"大華","color":"#E4572E","colorDark":"#652f23","colorFaintLight":"#edb9a3","colorFaintDark":"#3f2320","colorFaintSat":"#4e3f2c","colorHiddenLight":"#efd2c2","colorHiddenDark":"#291c1e","colorHiddenSat":"#3b3c2c","colorFollowDark":"#933e27"},"geometry":{"type":"Point","coordinates":[121.797315,25.04992]}},{"type":"Feature","properties":{"sys":"tra_sched","lineId":"PINGXI","lineKey":"tra_sched|PINGXI","name":"十分","color":"#E4572E","colorDark":"#652f23","colorFaintLight":"#edb9a3","colorFaintDark":"#3f2320","colorFaintSat":"#4e3f2c","colorHiddenLight":"#efd2c2","colorHiddenDark":"#291c1e","colorHiddenSat":"#3b3c2c","colorFollowDark":"#933e27"},"geometry":{"type":"Point","coordinates":[121.7752,25.041055]}},{"type":"Feature","properties":{"sys":"tra_sched","lineId":"PINGXI","lineKey":"tra_sched|PINGXI","name":"望古","color":"#E4572E","colorDark":"#652f23","colorFaintLight":"#edb9a3","colorFaintDark":"#3f2320","colorFaintSat":"#4e3f2c","colorHiddenLight":"#efd2c2","colorHiddenDark":"#291c1e","colorHiddenSat":"#3b3c2c","colorFollowDark":"#933e27"},"geometry":{"type":"Point","coordinates":[121.763482,25.034471]}},{"type":"Feature","properties":{"sys":"tra_sched","lineId":"PINGXI","lineKey":"tra_sched|PINGXI","name":"嶺腳","color":"#E4572E","colorDark":"#652f23","colorFaintLight":"#edb9a3","colorFaintDark":"#3f2320","colorFaintSat":"#4e3f2c","colorHiddenLight":"#efd2c2","colorHiddenDark":"#291c1e","colorHiddenSat":"#3b3c2c","colorFollowDark":"#933e27"},"geometry":{"type":"Point","coordinates":[121.747939,25.030134]}},{"type":"Feature","properties":{"sys":"tra_sched","lineId":"PINGXI","lineKey":"tra_sched|PINGXI","name":"平溪","color":"#E4572E","colorDark":"#652f23","colorFaintLight":"#edb9a3","colorFaintDark":"#3f2320","colorFaintSat":"#4e3f2c","colorHiddenLight":"#efd2c2","colorHiddenDark":"#291c1e","colorHiddenSat":"#3b3c2c","colorFollowDark":"#933e27"},"geometry":{"type":"Point","coordinates":[121.740198,25.025673]}},{"type":"Feature","properties":{"sys":"tra_sched","lineId":"PINGXI","lineKey":"tra_sched|PINGXI","name":"菁桐","color":"#E4572E","colorDark":"#652f23","colorFaintLight":"#edb9a3","colorFaintDark":"#3f2320","colorFaintSat":"#4e3f2c","colorHiddenLight":"#efd2c2","colorHiddenDark":"#291c1e","colorHiddenSat":"#3b3c2c","colorFollowDark":"#933e27"},"geometry":{"type":"Point","coordinates":[121.723901,25.023976]}},{"type":"Feature","properties":{"sys":"tra_sched","lineId":"SHENAO","lineKey":"tra_sched|SHENAO","name":"瑞芳","color":"#F2A104","colorDark":"#6a4c12","colorFaintLight":"#f2d294","colorFaintDark":"#423317","colorFaintSat":"#514f23","colorHiddenLight":"#f2dfba","colorHiddenDark":"#2b2519","colorHiddenSat":"#3d4527","colorFollowDark":"#9c6b0d"},"geometry":{"type":"Point","coordinates":[121.80655,25.108976]}},{"type":"Feature","properties":{"sys":"tra_sched","lineId":"SHENAO","lineKey":"tra_sched|SHENAO","name":"海科館","color":"#F2A104","colorDark":"#6a4c12","colorFaintLight":"#f2d294","colorFaintDark":"#423317","colorFaintSat":"#514f23","colorHiddenLight":"#f2dfba","colorHiddenDark":"#2b2519","colorHiddenSat":"#3d4527","colorFollowDark":"#9c6b0d"},"geometry":{"type":"Point","coordinates":[121.799913,25.137472]}},{"type":"Feature","properties":{"sys":"tra_sched","lineId":"SHENAO","lineKey":"tra_sched|SHENAO","name":"八斗子","color":"#F2A104","colorDark":"#6a4c12","colorFaintLight":"#f2d294","colorFaintDark":"#423317","colorFaintSat":"#514f23","colorHiddenLight":"#f2dfba","colorHiddenDark":"#2b2519","colorHiddenSat":"#3d4527","colorFollowDark":"#9c6b0d"},"geometry":{"type":"Point","coordinates":[121.802843,25.135307]}},{"type":"Feature","properties":{"sys":"tra_sched","lineId":"JIJI","lineKey":"tra_sched|JIJI","name":"二水","color":"#6A8EAE","colorDark":"#344556","colorFaintLight":"#c2ccd0","colorFaintDark":"#242f3c","colorFaintSat":"#334b49","colorHiddenLight":"#dadcd9","colorHiddenDark":"#1b232e","colorHiddenSat":"#2c423c","colorFollowDark":"#486077"},"geometry":{"type":"Point","coordinates":[120.618362,23.813244]}},{"type":"Feature","properties":{"sys":"tra_sched","lineId":"JIJI","lineKey":"tra_sched|JIJI","name":"源泉","color":"#6A8EAE","colorDark":"#344556","colorFaintLight":"#c2ccd0","colorFaintDark":"#242f3c","colorFaintSat":"#334b49","colorHiddenLight":"#dadcd9","colorHiddenDark":"#1b232e","colorHiddenSat":"#2c423c","colorFollowDark":"#486077"},"geometry":{"type":"Point","coordinates":[120.642107,23.798513]}},{"type":"Feature","properties":{"sys":"tra_sched","lineId":"JIJI","lineKey":"tra_sched|JIJI","name":"濁水","color":"#6A8EAE","colorDark":"#344556","colorFaintLight":"#c2ccd0","colorFaintDark":"#242f3c","colorFaintSat":"#334b49","colorHiddenLight":"#dadcd9","colorHiddenDark":"#1b232e","colorHiddenSat":"#2c423c","colorFollowDark":"#486077"},"geometry":{"type":"Point","coordinates":[120.704726,23.834496]}},{"type":"Feature","properties":{"sys":"tra_sched","lineId":"JIJI","lineKey":"tra_sched|JIJI","name":"龍泉","color":"#6A8EAE","colorDark":"#344556","colorFaintLight":"#c2ccd0","colorFaintDark":"#242f3c","colorFaintSat":"#334b49","colorHiddenLight":"#dadcd9","colorHiddenDark":"#1b232e","colorHiddenSat":"#2c423c","colorFollowDark":"#486077"},"geometry":{"type":"Point","coordinates":[120.750142,23.835215]}},{"type":"Feature","properties":{"sys":"tra_sched","lineId":"JIJI","lineKey":"tra_sched|JIJI","name":"集集","color":"#6A8EAE","colorDark":"#344556","colorFaintLight":"#c2ccd0","colorFaintDark":"#242f3c","colorFaintSat":"#334b49","colorHiddenLight":"#dadcd9","colorHiddenDark":"#1b232e","colorHiddenSat":"#2c423c","colorFollowDark":"#486077"},"geometry":{"type":"Point","coordinates":[120.78496,23.826317]}},{"type":"Feature","properties":{"sys":"tra_sched","lineId":"JIJI","lineKey":"tra_sched|JIJI","name":"水里","color":"#6A8EAE","colorDark":"#344556","colorFaintLight":"#c2ccd0","colorFaintDark":"#242f3c","colorFaintSat":"#334b49","colorHiddenLight":"#dadcd9","colorHiddenDark":"#1b232e","colorHiddenSat":"#2c423c","colorFollowDark":"#486077"},"geometry":{"type":"Point","coordinates":[120.853204,23.818602]}},{"type":"Feature","properties":{"sys":"tra_sched","lineId":"JIJI","lineKey":"tra_sched|JIJI","name":"車埕","color":"#6A8EAE","colorDark":"#344556","colorFaintLight":"#c2ccd0","colorFaintDark":"#242f3c","colorFaintSat":"#334b49","colorHiddenLight":"#dadcd9","colorHiddenDark":"#1b232e","colorHiddenSat":"#2c423c","colorFollowDark":"#486077"},"geometry":{"type":"Point","coordinates":[120.86572,23.83263]}},{"type":"Feature","properties":{"sys":"tra_sched","lineId":"SHALUN","lineKey":"tra_sched|SHALUN","name":"中洲","color":"#B565A7","colorDark":"#523454","colorFaintLight":"#ddbdcd","colorFaintDark":"#34263b","colorFaintSat":"#444247","colorHiddenLight":"#e7d5d7","colorHiddenDark":"#241e2d","colorHiddenSat":"#353d3b","colorFollowDark":"#764672"},"geometry":{"type":"Point","coordinates":[120.252613,22.903902]}},{"type":"Feature","properties":{"sys":"tra_sched","lineId":"SHALUN","lineKey":"tra_sched|SHALUN","name":"長榮大學","color":"#B565A7","colorDark":"#523454","colorFaintLight":"#ddbdcd","colorFaintDark":"#34263b","colorFaintSat":"#444247","colorHiddenLight":"#e7d5d7","colorHiddenDark":"#241e2d","colorHiddenSat":"#353d3b","colorFollowDark":"#764672"},"geometry":{"type":"Point","coordinates":[120.272627,22.907296]}},{"type":"Feature","properties":{"sys":"tra_sched","lineId":"SHALUN","lineKey":"tra_sched|SHALUN","name":"沙崙","color":"#B565A7","colorDark":"#523454","colorFaintLight":"#ddbdcd","colorFaintDark":"#34263b","colorFaintSat":"#444247","colorHiddenLight":"#e7d5d7","colorHiddenDark":"#241e2d","colorHiddenSat":"#353d3b","colorFollowDark":"#764672"},"geometry":{"type":"Point","coordinates":[120.286427,22.923849]}},{"type":"Feature","properties":{"sys":"tra_sched","lineId":"chengzhui","lineKey":"tra_sched|chengzhui","name":"追分","color":"#3b6ea5","colorDark":"#213853","colorFaintLight":"#b2c1cd","colorFaintDark":"#19283a","colorFaintSat":"#294447","colorHiddenLight":"#d1d6d7","colorHiddenDark":"#151f2c","colorHiddenSat":"#273e3b","colorFollowDark":"#2b4c71"},"geometry":{"type":"Point","coordinates":[120.57011,24.120181]}},{"type":"Feature","properties":{"sys":"tra_sched","lineId":"chengzhui","lineKey":"tra_sched|chengzhui","name":"成功","color":"#3b6ea5","colorDark":"#213853","colorFaintLight":"#b2c1cd","colorFaintDark":"#19283a","colorFaintSat":"#294447","colorHiddenLight":"#d1d6d7","colorHiddenDark":"#151f2c","colorHiddenSat":"#273e3b","colorFollowDark":"#2b4c71"},"geometry":{"type":"Point","coordinates":[120.590276,24.114396]}},{"type":"Feature","properties":{"sys":"thsr_sched","lineId":"THSR","lineKey":"thsr_sched|THSR","name":"南港","color":"#E85D0D","colorDark":"#663116","colorFaintLight":"#efbb97","colorFaintDark":"#402419","colorFaintSat":"#4f4025","colorHiddenLight":"#f0d3bc","colorHiddenDark":"#2a1d1a","colorHiddenSat":"#3c3c28","colorFollowDark":"#964113"},"geometry":{"type":"Point","coordinates":[121.60708,25.053279]}},{"type":"Feature","properties":{"sys":"thsr_sched","lineId":"THSR","lineKey":"thsr_sched|THSR","name":"台北","color":"#E85D0D","colorDark":"#663116","colorFaintLight":"#efbb97","colorFaintDark":"#402419","colorFaintSat":"#4f4025","colorHiddenLight":"#f0d3bc","colorHiddenDark":"#2a1d1a","colorHiddenSat":"#3c3c28","colorFollowDark":"#964113"},"geometry":{"type":"Point","coordinates":[121.516965,25.047584]}},{"type":"Feature","properties":{"sys":"thsr_sched","lineId":"THSR","lineKey":"thsr_sched|THSR","name":"板橋","color":"#E85D0D","colorDark":"#663116","colorFaintLight":"#efbb97","colorFaintDark":"#402419","colorFaintSat":"#4f4025","colorHiddenLight":"#f0d3bc","colorHiddenDark":"#2a1d1a","colorHiddenSat":"#3c3c28","colorFollowDark":"#964113"},"geometry":{"type":"Point","coordinates":[121.4638,25.014214]}},{"type":"Feature","properties":{"sys":"thsr_sched","lineId":"THSR","lineKey":"thsr_sched|THSR","name":"桃園","color":"#E85D0D","colorDark":"#663116","colorFaintLight":"#efbb97","colorFaintDark":"#402419","colorFaintSat":"#4f4025","colorHiddenLight":"#f0d3bc","colorHiddenDark":"#2a1d1a","colorHiddenSat":"#3c3c28","colorFollowDark":"#964113"},"geometry":{"type":"Point","coordinates":[121.21471,25.012877]}},{"type":"Feature","properties":{"sys":"thsr_sched","lineId":"THSR","lineKey":"thsr_sched|THSR","name":"新竹","color":"#E85D0D","colorDark":"#663116","colorFaintLight":"#efbb97","colorFaintDark":"#402419","colorFaintSat":"#4f4025","colorHiddenLight":"#f0d3bc","colorHiddenDark":"#2a1d1a","colorHiddenSat":"#3c3c28","colorFollowDark":"#964113"},"geometry":{"type":"Point","coordinates":[121.040272,24.808438]}},{"type":"Feature","properties":{"sys":"thsr_sched","lineId":"THSR","lineKey":"thsr_sched|THSR","name":"苗栗","color":"#E85D0D","colorDark":"#663116","colorFaintLight":"#efbb97","colorFaintDark":"#402419","colorFaintSat":"#4f4025","colorHiddenLight":"#f0d3bc","colorHiddenDark":"#2a1d1a","colorHiddenSat":"#3c3c28","colorFollowDark":"#964113"},"geometry":{"type":"Point","coordinates":[120.825304,24.605386]}},{"type":"Feature","properties":{"sys":"thsr_sched","lineId":"THSR","lineKey":"thsr_sched|THSR","name":"台中","color":"#E85D0D","colorDark":"#663116","colorFaintLight":"#efbb97","colorFaintDark":"#402419","colorFaintSat":"#4f4025","colorHiddenLight":"#f0d3bc","colorHiddenDark":"#2a1d1a","colorHiddenSat":"#3c3c28","colorFollowDark":"#964113"},"geometry":{"type":"Point","coordinates":[120.616008,24.112481]}},{"type":"Feature","properties":{"sys":"thsr_sched","lineId":"THSR","lineKey":"thsr_sched|THSR","name":"彰化","color":"#E85D0D","colorDark":"#663116","colorFaintLight":"#efbb97","colorFaintDark":"#402419","colorFaintSat":"#4f4025","colorHiddenLight":"#f0d3bc","colorHiddenDark":"#2a1d1a","colorHiddenSat":"#3c3c28","colorFollowDark":"#964113"},"geometry":{"type":"Point","coordinates":[120.574885,23.873948]}},{"type":"Feature","properties":{"sys":"thsr_sched","lineId":"THSR","lineKey":"thsr_sched|THSR","name":"雲林","color":"#E85D0D","colorDark":"#663116","colorFaintLight":"#efbb97","colorFaintDark":"#402419","colorFaintSat":"#4f4025","colorHiddenLight":"#f0d3bc","colorHiddenDark":"#2a1d1a","colorHiddenSat":"#3c3c28","colorFollowDark":"#964113"},"geometry":{"type":"Point","coordinates":[120.416129,23.736355]}},{"type":"Feature","properties":{"sys":"thsr_sched","lineId":"THSR","lineKey":"thsr_sched|THSR","name":"嘉義","color":"#E85D0D","colorDark":"#663116","colorFaintLight":"#efbb97","colorFaintDark":"#402419","colorFaintSat":"#4f4025","colorHiddenLight":"#f0d3bc","colorHiddenDark":"#2a1d1a","colorHiddenSat":"#3c3c28","colorFollowDark":"#964113"},"geometry":{"type":"Point","coordinates":[120.323818,23.459485]}},{"type":"Feature","properties":{"sys":"thsr_sched","lineId":"THSR","lineKey":"thsr_sched|THSR","name":"台南","color":"#E85D0D","colorDark":"#663116","colorFaintLight":"#efbb97","colorFaintDark":"#402419","colorFaintSat":"#4f4025","colorHiddenLight":"#f0d3bc","colorHiddenDark":"#2a1d1a","colorHiddenSat":"#3c3c28","colorFollowDark":"#964113"},"geometry":{"type":"Point","coordinates":[120.286217,22.925084]}},{"type":"Feature","properties":{"sys":"thsr_sched","lineId":"THSR","lineKey":"thsr_sched|THSR","name":"左營","color":"#E85D0D","colorDark":"#663116","colorFaintLight":"#efbb97","colorFaintDark":"#402419","colorFaintSat":"#4f4025","colorHiddenLight":"#f0d3bc","colorHiddenDark":"#2a1d1a","colorHiddenSat":"#3c3c28","colorFollowDark":"#964113"},"geometry":{"type":"Point","coordinates":[120.307669,22.687209]}},{"type":"Feature","properties":{"sys":"afr_sched","lineId":"AFR_MAIN","lineKey":"afr_sched|AFR_MAIN","name":"嘉義","color":"#B03A2E","colorDark":"#502323","colorFaintLight":"#dbaea3","colorFaintDark":"#331c20","colorFaintSat":"#43382c","colorHiddenLight":"#e6cdc2","colorHiddenDark":"#23191e","colorHiddenSat":"#35382c","colorFollowDark":"#732c27"},"geometry":{"type":"Point","coordinates":[120.44093,23.479298]}},{"type":"Feature","properties":{"sys":"afr_sched","lineId":"AFR_MAIN","lineKey":"afr_sched|AFR_MAIN","name":"北門","color":"#B03A2E","colorDark":"#502323","colorFaintLight":"#dbaea3","colorFaintDark":"#331c20","colorFaintSat":"#43382c","colorHiddenLight":"#e6cdc2","colorHiddenDark":"#23191e","colorHiddenSat":"#35382c","colorFollowDark":"#732c27"},"geometry":{"type":"Point","coordinates":[120.454377,23.487632]}},{"type":"Feature","properties":{"sys":"afr_sched","lineId":"AFR_MAIN","lineKey":"afr_sched|AFR_MAIN","name":"鹿麻產","color":"#B03A2E","colorDark":"#502323","colorFaintLight":"#dbaea3","colorFaintDark":"#331c20","colorFaintSat":"#43382c","colorHiddenLight":"#e6cdc2","colorHiddenDark":"#23191e","colorHiddenSat":"#35382c","colorFollowDark":"#732c27"},"geometry":{"type":"Point","coordinates":[120.531478,23.504224]}},{"type":"Feature","properties":{"sys":"afr_sched","lineId":"AFR_MAIN","lineKey":"afr_sched|AFR_MAIN","name":"竹崎","color":"#B03A2E","colorDark":"#502323","colorFaintLight":"#dbaea3","colorFaintDark":"#331c20","colorFaintSat":"#43382c","colorHiddenLight":"#e6cdc2","colorHiddenDark":"#23191e","colorHiddenSat":"#35382c","colorFollowDark":"#732c27"},"geometry":{"type":"Point","coordinates":[120.553543,23.525699]}},{"type":"Feature","properties":{"sys":"afr_sched","lineId":"AFR_MAIN","lineKey":"afr_sched|AFR_MAIN","name":"樟腦寮","color":"#B03A2E","colorDark":"#502323","colorFaintLight":"#dbaea3","colorFaintDark":"#331c20","colorFaintSat":"#43382c","colorHiddenLight":"#e6cdc2","colorHiddenDark":"#23191e","colorHiddenSat":"#35382c","colorFollowDark":"#732c27"},"geometry":{"type":"Point","coordinates":[120.602669,23.532782]}},{"type":"Feature","properties":{"sys":"afr_sched","lineId":"AFR_MAIN","lineKey":"afr_sched|AFR_MAIN","name":"獨立山","color":"#B03A2E","colorDark":"#502323","colorFaintLight":"#dbaea3","colorFaintDark":"#331c20","colorFaintSat":"#43382c","colorHiddenLight":"#e6cdc2","colorHiddenDark":"#23191e","colorHiddenSat":"#35382c","colorFollowDark":"#732c27"},"geometry":{"type":"Point","coordinates":[120.607427,23.53851]}},{"type":"Feature","properties":{"sys":"afr_sched","lineId":"AFR_MAIN","lineKey":"afr_sched|AFR_MAIN","name":"梨園寮","color":"#B03A2E","colorDark":"#502323","colorFaintLight":"#dbaea3","colorFaintDark":"#331c20","colorFaintSat":"#43382c","colorHiddenLight":"#e6cdc2","colorHiddenDark":"#23191e","colorHiddenSat":"#35382c","colorFollowDark":"#732c27"},"geometry":{"type":"Point","coordinates":[120.620005,23.542303]}},{"type":"Feature","properties":{"sys":"afr_sched","lineId":"AFR_MAIN","lineKey":"afr_sched|AFR_MAIN","name":"交力坪","color":"#B03A2E","colorDark":"#502323","colorFaintLight":"#dbaea3","colorFaintDark":"#331c20","colorFaintSat":"#43382c","colorHiddenLight":"#e6cdc2","colorHiddenDark":"#23191e","colorHiddenSat":"#35382c","colorFollowDark":"#732c27"},"geometry":{"type":"Point","coordinates":[120.643732,23.531427]}},{"type":"Feature","properties":{"sys":"afr_sched","lineId":"AFR_MAIN","lineKey":"afr_sched|AFR_MAIN","name":"水社寮","color":"#B03A2E","colorDark":"#502323","colorFaintLight":"#dbaea3","colorFaintDark":"#331c20","colorFaintSat":"#43382c","colorHiddenLight":"#e6cdc2","colorHiddenDark":"#23191e","colorHiddenSat":"#35382c","colorFollowDark":"#732c27"},"geometry":{"type":"Point","coordinates":[120.659512,23.504416]}},{"type":"Feature","properties":{"sys":"afr_sched","lineId":"AFR_MAIN","lineKey":"afr_sched|AFR_MAIN","name":"奮起湖","color":"#B03A2E","colorDark":"#502323","colorFaintLight":"#dbaea3","colorFaintDark":"#331c20","colorFaintSat":"#43382c","colorHiddenLight":"#e6cdc2","colorHiddenDark":"#23191e","colorHiddenSat":"#35382c","colorFollowDark":"#732c27"},"geometry":{"type":"Point","coordinates":[120.695015,23.505376]}},{"type":"Feature","properties":{"sys":"afr_sched","lineId":"AFR_MAIN","lineKey":"afr_sched|AFR_MAIN","name":"多林","color":"#B03A2E","colorDark":"#502323","colorFaintLight":"#dbaea3","colorFaintDark":"#331c20","colorFaintSat":"#43382c","colorHiddenLight":"#e6cdc2","colorHiddenDark":"#23191e","colorHiddenSat":"#35382c","colorFollowDark":"#732c27"},"geometry":{"type":"Point","coordinates":[120.7305,23.498698]}},{"type":"Feature","properties":{"sys":"afr_sched","lineId":"AFR_MAIN","lineKey":"afr_sched|AFR_MAIN","name":"十字路","color":"#B03A2E","colorDark":"#502323","colorFaintLight":"#dbaea3","colorFaintDark":"#331c20","colorFaintSat":"#43382c","colorHiddenLight":"#e6cdc2","colorHiddenDark":"#23191e","colorHiddenSat":"#35382c","colorFollowDark":"#732c27"},"geometry":{"type":"Point","coordinates":[120.753936,23.49272]}},{"type":"Feature","properties":{"sys":"afr_sched","lineId":"AFR_MAIN","lineKey":"afr_sched|AFR_MAIN","name":"屏遮那","color":"#B03A2E","colorDark":"#502323","colorFaintLight":"#dbaea3","colorFaintDark":"#331c20","colorFaintSat":"#43382c","colorHiddenLight":"#e6cdc2","colorHiddenDark":"#23191e","colorHiddenSat":"#35382c","colorFollowDark":"#732c27"},"geometry":{"type":"Point","coordinates":[120.77926,23.510524]}},{"type":"Feature","properties":{"sys":"afr_sched","lineId":"AFR_MAIN","lineKey":"afr_sched|AFR_MAIN","name":"第一分道","color":"#B03A2E","colorDark":"#502323","colorFaintLight":"#dbaea3","colorFaintDark":"#331c20","colorFaintSat":"#43382c","colorHiddenLight":"#e6cdc2","colorHiddenDark":"#23191e","colorHiddenSat":"#35382c","colorFollowDark":"#732c27"},"geometry":{"type":"Point","coordinates":[120.794252,23.520762]}},{"type":"Feature","properties":{"sys":"afr_sched","lineId":"AFR_MAIN","lineKey":"afr_sched|AFR_MAIN","name":"第二分道","color":"#B03A2E","colorDark":"#502323","colorFaintLight":"#dbaea3","colorFaintDark":"#331c20","colorFaintSat":"#43382c","colorHiddenLight":"#e6cdc2","colorHiddenDark":"#23191e","colorHiddenSat":"#35382c","colorFollowDark":"#732c27"},"geometry":{"type":"Point","coordinates":[120.790921,23.514063]}},{"type":"Feature","properties":{"sys":"afr_sched","lineId":"AFR_MAIN","lineKey":"afr_sched|AFR_MAIN","name":"二萬平","color":"#B03A2E","colorDark":"#502323","colorFaintLight":"#dbaea3","colorFaintDark":"#331c20","colorFaintSat":"#43382c","colorHiddenLight":"#e6cdc2","colorHiddenDark":"#23191e","colorHiddenSat":"#35382c","colorFollowDark":"#732c27"},"geometry":{"type":"Point","coordinates":[120.790091,23.508939]}},{"type":"Feature","properties":{"sys":"afr_sched","lineId":"AFR_MAIN","lineKey":"afr_sched|AFR_MAIN","name":"神木","color":"#B03A2E","colorDark":"#502323","colorFaintLight":"#dbaea3","colorFaintDark":"#331c20","colorFaintSat":"#43382c","colorHiddenLight":"#e6cdc2","colorHiddenDark":"#23191e","colorHiddenSat":"#35382c","colorFollowDark":"#732c27"},"geometry":{"type":"Point","coordinates":[120.806401,23.519098]}},{"type":"Feature","properties":{"sys":"afr_sched","lineId":"AFR_ZHUSHAN","lineKey":"afr_sched|AFR_ZHUSHAN","name":"阿里山","color":"#E0A458","colorDark":"#634e34","colorFaintLight":"#ecd3b2","colorFaintDark":"#3e3429","colorFaintSat":"#4d5036","colorHiddenLight":"#efe0c9","colorHiddenDark":"#292523","colorHiddenSat":"#3b4531","colorFollowDark":"#916d41"},"geometry":{"type":"Point","coordinates":[120.804388,23.509995]}},{"type":"Feature","properties":{"sys":"afr_sched","lineId":"AFR_ZHUSHAN","lineKey":"afr_sched|AFR_ZHUSHAN","name":"對高岳","color":"#E0A458","colorDark":"#634e34","colorFaintLight":"#ecd3b2","colorFaintDark":"#3e3429","colorFaintSat":"#4d5036","colorHiddenLight":"#efe0c9","colorHiddenDark":"#292523","colorHiddenSat":"#3b4531","colorFollowDark":"#916d41"},"geometry":{"type":"Point","coordinates":[120.819984,23.517303]}},{"type":"Feature","properties":{"sys":"afr_sched","lineId":"AFR_ZHUSHAN","lineKey":"afr_sched|AFR_ZHUSHAN","name":"祝山","color":"#E0A458","colorDark":"#634e34","colorFaintLight":"#ecd3b2","colorFaintDark":"#3e3429","colorFaintSat":"#4d5036","colorHiddenLight":"#efe0c9","colorHiddenDark":"#292523","colorHiddenSat":"#3b4531","colorFollowDark":"#916d41"},"geometry":{"type":"Point","coordinates":[120.822949,23.510153]}},{"type":"Feature","properties":{"sys":"afr_sched","lineId":"AFR_SHENMU","lineKey":"afr_sched|AFR_SHENMU","name":"神木","color":"#CB6A4A","colorDark":"#5b362e","colorFaintLight":"#e4bfad","colorFaintDark":"#392726","colorFaintSat":"#494333","colorHiddenLight":"#ebd5c7","colorHiddenDark":"#261e22","colorHiddenSat":"#383e30","colorFollowDark":"#844939"},"geometry":{"type":"Point","coordinates":[120.806401,23.519098]}},{"type":"Feature","properties":{"sys":"afr_sched","lineId":"AFR_SHENMU","lineKey":"afr_sched|AFR_SHENMU","name":"阿里山","color":"#CB6A4A","colorDark":"#5b362e","colorFaintLight":"#e4bfad","colorFaintDark":"#392726","colorFaintSat":"#494333","colorHiddenLight":"#ebd5c7","colorHiddenDark":"#261e22","colorHiddenSat":"#383e30","colorFollowDark":"#844939"},"geometry":{"type":"Point","coordinates":[120.804388,23.509995]}},{"type":"Feature","properties":{"sys":"afr_sched","lineId":"AFR_ZHAOPING","lineKey":"afr_sched|AFR_ZHAOPING","name":"阿里山","color":"#D98A5F","colorDark":"#604337","colorFaintLight":"#e9cab4","colorFaintDark":"#3c2e2b","colorFaintSat":"#4c4a37","colorHiddenLight":"#eedbca","colorHiddenDark":"#282224","colorHiddenSat":"#3a4232","colorFollowDark":"#8d5d46"},"geometry":{"type":"Point","coordinates":[120.804388,23.509995]}},{"type":"Feature","properties":{"sys":"afr_sched","lineId":"AFR_ZHAOPING","lineKey":"afr_sched|AFR_ZHAOPING","name":"沼平","color":"#D98A5F","colorDark":"#604337","colorFaintLight":"#e9cab4","colorFaintDark":"#3c2e2b","colorFaintSat":"#4c4a37","colorHiddenLight":"#eedbca","colorHiddenDark":"#282224","colorHiddenSat":"#3a4232","colorFollowDark":"#8d5d46"},"geometry":{"type":"Point","coordinates":[120.813921,23.514358]}},{"type":"Feature","properties":{"sys":"mrt","lineId":"BR","lineKey":"mrt|BR","name":"動物園","color":"#C48C31","colorDark":"#584424","colorFaintLight":"#e2cba4","colorFaintDark":"#382e21","colorFaintSat":"#474a2d","colorHiddenLight":"#eadcc2","colorHiddenDark":"#26221f","colorHiddenSat":"#37422d","colorFollowDark":"#805e29"},"geometry":{"type":"Point","coordinates":[121.579402,24.998333]}},{"type":"Feature","properties":{"sys":"mrt","lineId":"BR","lineKey":"mrt|BR","name":"木柵","color":"#C48C31","colorDark":"#584424","colorFaintLight":"#e2cba4","colorFaintDark":"#382e21","colorFaintSat":"#474a2d","colorHiddenLight":"#eadcc2","colorHiddenDark":"#26221f","colorHiddenSat":"#37422d","colorFollowDark":"#805e29"},"geometry":{"type":"Point","coordinates":[121.573137,24.99828]}},{"type":"Feature","properties":{"sys":"mrt","lineId":"BR","lineKey":"mrt|BR","name":"萬芳社區","color":"#C48C31","colorDark":"#584424","colorFaintLight":"#e2cba4","colorFaintDark":"#382e21","colorFaintSat":"#474a2d","colorHiddenLight":"#eadcc2","colorHiddenDark":"#26221f","colorHiddenSat":"#37422d","colorFollowDark":"#805e29"},"geometry":{"type":"Point","coordinates":[121.568086,24.998615]}},{"type":"Feature","properties":{"sys":"mrt","lineId":"BR","lineKey":"mrt|BR","name":"萬芳醫院","color":"#C48C31","colorDark":"#584424","colorFaintLight":"#e2cba4","colorFaintDark":"#382e21","colorFaintSat":"#474a2d","colorHiddenLight":"#eadcc2","colorHiddenDark":"#26221f","colorHiddenSat":"#37422d","colorFollowDark":"#805e29"},"geometry":{"type":"Point","coordinates":[121.558179,24.999425]}},{"type":"Feature","properties":{"sys":"mrt","lineId":"BR","lineKey":"mrt|BR","name":"辛亥","color":"#C48C31","colorDark":"#584424","colorFaintLight":"#e2cba4","colorFaintDark":"#382e21","colorFaintSat":"#474a2d","colorHiddenLight":"#eadcc2","colorHiddenDark":"#26221f","colorHiddenSat":"#37422d","colorFollowDark":"#805e29"},"geometry":{"type":"Point","coordinates":[121.557076,25.005442]}},{"type":"Feature","properties":{"sys":"mrt","lineId":"BR","lineKey":"mrt|BR","name":"麟光","color":"#C48C31","colorDark":"#584424","colorFaintLight":"#e2cba4","colorFaintDark":"#382e21","colorFaintSat":"#474a2d","colorHiddenLight":"#eadcc2","colorHiddenDark":"#26221f","colorHiddenSat":"#37422d","colorFollowDark":"#805e29"},"geometry":{"type":"Point","coordinates":[121.558842,25.018503]}},{"type":"Feature","properties":{"sys":"mrt","lineId":"BR","lineKey":"mrt|BR","name":"六張犁","color":"#C48C31","colorDark":"#584424","colorFaintLight":"#e2cba4","colorFaintDark":"#382e21","colorFaintSat":"#474a2d","colorHiddenLight":"#eadcc2","colorHiddenDark":"#26221f","colorHiddenSat":"#37422d","colorFollowDark":"#805e29"},"geometry":{"type":"Point","coordinates":[121.553093,25.023874]}},{"type":"Feature","properties":{"sys":"mrt","lineId":"BR","lineKey":"mrt|BR","name":"科技大樓","color":"#C48C31","colorDark":"#584424","colorFaintLight":"#e2cba4","colorFaintDark":"#382e21","colorFaintSat":"#474a2d","colorHiddenLight":"#eadcc2","colorHiddenDark":"#26221f","colorHiddenSat":"#37422d","colorFollowDark":"#805e29"},"geometry":{"type":"Point","coordinates":[121.543481,25.02612]}},{"type":"Feature","properties":{"sys":"mrt","lineId":"BR","lineKey":"mrt|BR","name":"大安","color":"#C48C31","colorDark":"#584424","colorFaintLight":"#e2cba4","colorFaintDark":"#382e21","colorFaintSat":"#474a2d","colorHiddenLight":"#eadcc2","colorHiddenDark":"#26221f","colorHiddenSat":"#37422d","colorFollowDark":"#805e29"},"geometry":{"type":"Point","coordinates":[121.542374,25.033474]}},{"type":"Feature","properties":{"sys":"mrt","lineId":"BR","lineKey":"mrt|BR","name":"忠孝復興","color":"#C48C31","colorDark":"#584424","colorFaintLight":"#e2cba4","colorFaintDark":"#382e21","colorFaintSat":"#474a2d","colorHiddenLight":"#eadcc2","colorHiddenDark":"#26221f","colorHiddenSat":"#37422d","colorFollowDark":"#805e29"},"geometry":{"type":"Point","coordinates":[121.543788,25.041102]}},{"type":"Feature","properties":{"sys":"mrt","lineId":"BR","lineKey":"mrt|BR","name":"南京復興","color":"#C48C31","colorDark":"#584424","colorFaintLight":"#e2cba4","colorFaintDark":"#382e21","colorFaintSat":"#474a2d","colorHiddenLight":"#eadcc2","colorHiddenDark":"#26221f","colorHiddenSat":"#37422d","colorFollowDark":"#805e29"},"geometry":{"type":"Point","coordinates":[121.544063,25.052049]}},{"type":"Feature","properties":{"sys":"mrt","lineId":"BR","lineKey":"mrt|BR","name":"中山國中","color":"#C48C31","colorDark":"#584424","colorFaintLight":"#e2cba4","colorFaintDark":"#382e21","colorFaintSat":"#474a2d","colorHiddenLight":"#eadcc2","colorHiddenDark":"#26221f","colorHiddenSat":"#37422d","colorFollowDark":"#805e29"},"geometry":{"type":"Point","coordinates":[121.54423,25.06085]}},{"type":"Feature","properties":{"sys":"mrt","lineId":"BR","lineKey":"mrt|BR","name":"松山機場","color":"#C48C31","colorDark":"#584424","colorFaintLight":"#e2cba4","colorFaintDark":"#382e21","colorFaintSat":"#474a2d","colorHiddenLight":"#eadcc2","colorHiddenDark":"#26221f","colorHiddenSat":"#37422d","colorFollowDark":"#805e29"},"geometry":{"type":"Point","coordinates":[121.551622,25.063008]}},{"type":"Feature","properties":{"sys":"mrt","lineId":"BR","lineKey":"mrt|BR","name":"大直","color":"#C48C31","colorDark":"#584424","colorFaintLight":"#e2cba4","colorFaintDark":"#382e21","colorFaintSat":"#474a2d","colorHiddenLight":"#eadcc2","colorHiddenDark":"#26221f","colorHiddenSat":"#37422d","colorFollowDark":"#805e29"},"geometry":{"type":"Point","coordinates":[121.546828,25.07939]}},{"type":"Feature","properties":{"sys":"mrt","lineId":"BR","lineKey":"mrt|BR","name":"劍南路","color":"#C48C31","colorDark":"#584424","colorFaintLight":"#e2cba4","colorFaintDark":"#382e21","colorFaintSat":"#474a2d","colorHiddenLight":"#eadcc2","colorHiddenDark":"#26221f","colorHiddenSat":"#37422d","colorFollowDark":"#805e29"},"geometry":{"type":"Point","coordinates":[121.555586,25.084842]}},{"type":"Feature","properties":{"sys":"mrt","lineId":"BR","lineKey":"mrt|BR","name":"西湖","color":"#C48C31","colorDark":"#584424","colorFaintLight":"#e2cba4","colorFaintDark":"#382e21","colorFaintSat":"#474a2d","colorHiddenLight":"#eadcc2","colorHiddenDark":"#26221f","colorHiddenSat":"#37422d","colorFollowDark":"#805e29"},"geometry":{"type":"Point","coordinates":[121.567225,25.082099]}},{"type":"Feature","properties":{"sys":"mrt","lineId":"BR","lineKey":"mrt|BR","name":"港墘","color":"#C48C31","colorDark":"#584424","colorFaintLight":"#e2cba4","colorFaintDark":"#382e21","colorFaintSat":"#474a2d","colorHiddenLight":"#eadcc2","colorHiddenDark":"#26221f","colorHiddenSat":"#37422d","colorFollowDark":"#805e29"},"geometry":{"type":"Point","coordinates":[121.575157,25.080064]}},{"type":"Feature","properties":{"sys":"mrt","lineId":"BR","lineKey":"mrt|BR","name":"文德","color":"#C48C31","colorDark":"#584424","colorFaintLight":"#e2cba4","colorFaintDark":"#382e21","colorFaintSat":"#474a2d","colorHiddenLight":"#eadcc2","colorHiddenDark":"#26221f","colorHiddenSat":"#37422d","colorFollowDark":"#805e29"},"geometry":{"type":"Point","coordinates":[121.584974,25.078525]}},{"type":"Feature","properties":{"sys":"mrt","lineId":"BR","lineKey":"mrt|BR","name":"內湖","color":"#C48C31","colorDark":"#584424","colorFaintLight":"#e2cba4","colorFaintDark":"#382e21","colorFaintSat":"#474a2d","colorHiddenLight":"#eadcc2","colorHiddenDark":"#26221f","colorHiddenSat":"#37422d","colorFollowDark":"#805e29"},"geometry":{"type":"Point","coordinates":[121.594404,25.083629]}},{"type":"Feature","properties":{"sys":"mrt","lineId":"BR","lineKey":"mrt|BR","name":"大湖公園","color":"#C48C31","colorDark":"#584424","colorFaintLight":"#e2cba4","colorFaintDark":"#382e21","colorFaintSat":"#474a2d","colorHiddenLight":"#eadcc2","colorHiddenDark":"#26221f","colorHiddenSat":"#37422d","colorFollowDark":"#805e29"},"geometry":{"type":"Point","coordinates":[121.602218,25.08381]}},{"type":"Feature","properties":{"sys":"mrt","lineId":"BR","lineKey":"mrt|BR","name":"葫洲","color":"#C48C31","colorDark":"#584424","colorFaintLight":"#e2cba4","colorFaintDark":"#382e21","colorFaintSat":"#474a2d","colorHiddenLight":"#eadcc2","colorHiddenDark":"#26221f","colorHiddenSat":"#37422d","colorFollowDark":"#805e29"},"geometry":{"type":"Point","coordinates":[121.607143,25.072705]}},{"type":"Feature","properties":{"sys":"mrt","lineId":"BR","lineKey":"mrt|BR","name":"東湖","color":"#C48C31","colorDark":"#584424","colorFaintLight":"#e2cba4","colorFaintDark":"#382e21","colorFaintSat":"#474a2d","colorHiddenLight":"#eadcc2","colorHiddenDark":"#26221f","colorHiddenSat":"#37422d","colorFollowDark":"#805e29"},"geometry":{"type":"Point","coordinates":[121.611592,25.067427]}},{"type":"Feature","properties":{"sys":"mrt","lineId":"BR","lineKey":"mrt|BR","name":"南港軟體園區","color":"#C48C31","colorDark":"#584424","colorFaintLight":"#e2cba4","colorFaintDark":"#382e21","colorFaintSat":"#474a2d","colorHiddenLight":"#eadcc2","colorHiddenDark":"#26221f","colorHiddenSat":"#37422d","colorFollowDark":"#805e29"},"geometry":{"type":"Point","coordinates":[121.615872,25.05993]}},{"type":"Feature","properties":{"sys":"mrt","lineId":"BR","lineKey":"mrt|BR","name":"南港展覽館","color":"#C48C31","colorDark":"#584424","colorFaintLight":"#e2cba4","colorFaintDark":"#382e21","colorFaintSat":"#474a2d","colorHiddenLight":"#eadcc2","colorHiddenDark":"#26221f","colorHiddenSat":"#37422d","colorFollowDark":"#805e29"},"geometry":{"type":"Point","coordinates":[121.616885,25.054619]}},{"type":"Feature","properties":{"sys":"mrt","lineId":"R","lineKey":"mrt|R","name":"廣慈/奉天宮","color":"#E3002C","colorDark":"#640c22","colorFaintLight":"#ed9aa2","colorFaintDark":"#3e1020","colorFaintSat":"#4e2c2c","colorHiddenLight":"#efc2c1","colorHiddenDark":"#29121e","colorHiddenSat":"#3b312c","colorFollowDark":"#930826"},"geometry":{"type":"Point","coordinates":[121.581928,25.037278]}},{"type":"Feature","properties":{"sys":"mrt","lineId":"R","lineKey":"mrt|R","name":"象山","color":"#E3002C","colorDark":"#640c22","colorFaintLight":"#ed9aa2","colorFaintDark":"#3e1020","colorFaintSat":"#4e2c2c","colorHiddenLight":"#efc2c1","colorHiddenDark":"#29121e","colorHiddenSat":"#3b312c","colorFollowDark":"#930826"},"geometry":{"type":"Point","coordinates":[121.57008,25.032864]}},{"type":"Feature","properties":{"sys":"mrt","lineId":"R","lineKey":"mrt|R","name":"台北101/世貿","color":"#E3002C","colorDark":"#640c22","colorFaintLight":"#ed9aa2","colorFaintDark":"#3e1020","colorFaintSat":"#4e2c2c","colorHiddenLight":"#efc2c1","colorHiddenDark":"#29121e","colorHiddenSat":"#3b312c","colorFollowDark":"#930826"},"geometry":{"type":"Point","coordinates":[121.562755,25.033029]}},{"type":"Feature","properties":{"sys":"mrt","lineId":"R","lineKey":"mrt|R","name":"信義安和","color":"#E3002C","colorDark":"#640c22","colorFaintLight":"#ed9aa2","colorFaintDark":"#3e1020","colorFaintSat":"#4e2c2c","colorHiddenLight":"#efc2c1","colorHiddenDark":"#29121e","colorHiddenSat":"#3b312c","colorFollowDark":"#930826"},"geometry":{"type":"Point","coordinates":[121.552648,25.033242]}},{"type":"Feature","properties":{"sys":"mrt","lineId":"R","lineKey":"mrt|R","name":"大安","color":"#E3002C","colorDark":"#640c22","colorFaintLight":"#ed9aa2","colorFaintDark":"#3e1020","colorFaintSat":"#4e2c2c","colorHiddenLight":"#efc2c1","colorHiddenDark":"#29121e","colorHiddenSat":"#3b312c","colorFollowDark":"#930826"},"geometry":{"type":"Point","coordinates":[121.542374,25.033474]}},{"type":"Feature","properties":{"sys":"mrt","lineId":"R","lineKey":"mrt|R","name":"大安森林公園","color":"#E3002C","colorDark":"#640c22","colorFaintLight":"#ed9aa2","colorFaintDark":"#3e1020","colorFaintSat":"#4e2c2c","colorHiddenLight":"#efc2c1","colorHiddenDark":"#29121e","colorHiddenSat":"#3b312c","colorFollowDark":"#930826"},"geometry":{"type":"Point","coordinates":[121.53616,25.033594]}},{"type":"Feature","properties":{"sys":"mrt","lineId":"R","lineKey":"mrt|R","name":"東門","color":"#E3002C","colorDark":"#640c22","colorFaintLight":"#ed9aa2","colorFaintDark":"#3e1020","colorFaintSat":"#4e2c2c","colorHiddenLight":"#efc2c1","colorHiddenDark":"#29121e","colorHiddenSat":"#3b312c","colorFollowDark":"#930826"},"geometry":{"type":"Point","coordinates":[121.528755,25.033825]}},{"type":"Feature","properties":{"sys":"mrt","lineId":"R","lineKey":"mrt|R","name":"中正紀念堂","color":"#E3002C","colorDark":"#640c22","colorFaintLight":"#ed9aa2","colorFaintDark":"#3e1020","colorFaintSat":"#4e2c2c","colorHiddenLight":"#efc2c1","colorHiddenDark":"#29121e","colorHiddenSat":"#3b312c","colorFollowDark":"#930826"},"geometry":{"type":"Point","coordinates":[121.518349,25.032814]}},{"type":"Feature","properties":{"sys":"mrt","lineId":"R","lineKey":"mrt|R","name":"台大醫院","color":"#E3002C","colorDark":"#640c22","colorFaintLight":"#ed9aa2","colorFaintDark":"#3e1020","colorFaintSat":"#4e2c2c","colorHiddenLight":"#efc2c1","colorHiddenDark":"#29121e","colorHiddenSat":"#3b312c","colorFollowDark":"#930826"},"geometry":{"type":"Point","coordinates":[121.516123,25.041373]}},{"type":"Feature","properties":{"sys":"mrt","lineId":"R","lineKey":"mrt|R","name":"台北車站","color":"#E3002C","colorDark":"#640c22","colorFaintLight":"#ed9aa2","colorFaintDark":"#3e1020","colorFaintSat":"#4e2c2c","colorHiddenLight":"#efc2c1","colorHiddenDark":"#29121e","colorHiddenSat":"#3b312c","colorFollowDark":"#930826"},"geometry":{"type":"Point","coordinates":[121.517386,25.046213]}},{"type":"Feature","properties":{"sys":"mrt","lineId":"R","lineKey":"mrt|R","name":"中山","color":"#E3002C","colorDark":"#640c22","colorFaintLight":"#ed9aa2","colorFaintDark":"#3e1020","colorFaintSat":"#4e2c2c","colorHiddenLight":"#efc2c1","colorHiddenDark":"#29121e","colorHiddenSat":"#3b312c","colorFollowDark":"#930826"},"geometry":{"type":"Point","coordinates":[121.520356,25.052593]}},{"type":"Feature","properties":{"sys":"mrt","lineId":"R","lineKey":"mrt|R","name":"雙連","color":"#E3002C","colorDark":"#640c22","colorFaintLight":"#ed9aa2","colorFaintDark":"#3e1020","colorFaintSat":"#4e2c2c","colorHiddenLight":"#efc2c1","colorHiddenDark":"#29121e","colorHiddenSat":"#3b312c","colorFollowDark":"#930826"},"geometry":{"type":"Point","coordinates":[121.520716,25.057574]}},{"type":"Feature","properties":{"sys":"mrt","lineId":"R","lineKey":"mrt|R","name":"民權西路","color":"#E3002C","colorDark":"#640c22","colorFaintLight":"#ed9aa2","colorFaintDark":"#3e1020","colorFaintSat":"#4e2c2c","colorHiddenLight":"#efc2c1","colorHiddenDark":"#29121e","colorHiddenSat":"#3b312c","colorFollowDark":"#930826"},"geometry":{"type":"Point","coordinates":[121.519644,25.06237]}},{"type":"Feature","properties":{"sys":"mrt","lineId":"R","lineKey":"mrt|R","name":"圓山","color":"#E3002C","colorDark":"#640c22","colorFaintLight":"#ed9aa2","colorFaintDark":"#3e1020","colorFaintSat":"#4e2c2c","colorHiddenLight":"#efc2c1","colorHiddenDark":"#29121e","colorHiddenSat":"#3b312c","colorFollowDark":"#930826"},"geometry":{"type":"Point","coordinates":[121.520215,25.071391]}},{"type":"Feature","properties":{"sys":"mrt","lineId":"R","lineKey":"mrt|R","name":"劍潭","color":"#E3002C","colorDark":"#640c22","colorFaintLight":"#ed9aa2","colorFaintDark":"#3e1020","colorFaintSat":"#4e2c2c","colorHiddenLight":"#efc2c1","colorHiddenDark":"#29121e","colorHiddenSat":"#3b312c","colorFollowDark":"#930826"},"geometry":{"type":"Point","coordinates":[121.525053,25.08418]}},{"type":"Feature","properties":{"sys":"mrt","lineId":"R","lineKey":"mrt|R","name":"士林","color":"#E3002C","colorDark":"#640c22","colorFaintLight":"#ed9aa2","colorFaintDark":"#3e1020","colorFaintSat":"#4e2c2c","colorHiddenLight":"#efc2c1","colorHiddenDark":"#29121e","colorHiddenSat":"#3b312c","colorFollowDark":"#930826"},"geometry":{"type":"Point","coordinates":[121.526292,25.09351]}},{"type":"Feature","properties":{"sys":"mrt","lineId":"R","lineKey":"mrt|R","name":"芝山","color":"#E3002C","colorDark":"#640c22","colorFaintLight":"#ed9aa2","colorFaintDark":"#3e1020","colorFaintSat":"#4e2c2c","colorHiddenLight":"#efc2c1","colorHiddenDark":"#29121e","colorHiddenSat":"#3b312c","colorFollowDark":"#930826"},"geometry":{"type":"Point","coordinates":[121.522636,25.102731]}},{"type":"Feature","properties":{"sys":"mrt","lineId":"R","lineKey":"mrt|R","name":"明德","color":"#E3002C","colorDark":"#640c22","colorFaintLight":"#ed9aa2","colorFaintDark":"#3e1020","colorFaintSat":"#4e2c2c","colorHiddenLight":"#efc2c1","colorHiddenDark":"#29121e","colorHiddenSat":"#3b312c","colorFollowDark":"#930826"},"geometry":{"type":"Point","coordinates":[121.518848,25.109851]}},{"type":"Feature","properties":{"sys":"mrt","lineId":"R","lineKey":"mrt|R","name":"石牌","color":"#E3002C","colorDark":"#640c22","colorFaintLight":"#ed9aa2","colorFaintDark":"#3e1020","colorFaintSat":"#4e2c2c","colorHiddenLight":"#efc2c1","colorHiddenDark":"#29121e","colorHiddenSat":"#3b312c","colorFollowDark":"#930826"},"geometry":{"type":"Point","coordinates":[121.515657,25.114503]}},{"type":"Feature","properties":{"sys":"mrt","lineId":"R","lineKey":"mrt|R","name":"唭哩岸","color":"#E3002C","colorDark":"#640c22","colorFaintLight":"#ed9aa2","colorFaintDark":"#3e1020","colorFaintSat":"#4e2c2c","colorHiddenLight":"#efc2c1","colorHiddenDark":"#29121e","colorHiddenSat":"#3b312c","colorFollowDark":"#930826"},"geometry":{"type":"Point","coordinates":[121.506248,25.120916]}},{"type":"Feature","properties":{"sys":"mrt","lineId":"R","lineKey":"mrt|R","name":"奇岩","color":"#E3002C","colorDark":"#640c22","colorFaintLight":"#ed9aa2","colorFaintDark":"#3e1020","colorFaintSat":"#4e2c2c","colorHiddenLight":"#efc2c1","colorHiddenDark":"#29121e","colorHiddenSat":"#3b312c","colorFollowDark":"#930826"},"geometry":{"type":"Point","coordinates":[121.501208,25.125481]}},{"type":"Feature","properties":{"sys":"mrt","lineId":"R","lineKey":"mrt|R","name":"北投","color":"#E3002C","colorDark":"#640c22","colorFaintLight":"#ed9aa2","colorFaintDark":"#3e1020","colorFaintSat":"#4e2c2c","colorHiddenLight":"#efc2c1","colorHiddenDark":"#29121e","colorHiddenSat":"#3b312c","colorFollowDark":"#930826"},"geometry":{"type":"Point","coordinates":[121.498669,25.131884]}},{"type":"Feature","properties":{"sys":"mrt","lineId":"R","lineKey":"mrt|R","name":"復興崗","color":"#E3002C","colorDark":"#640c22","colorFaintLight":"#ed9aa2","colorFaintDark":"#3e1020","colorFaintSat":"#4e2c2c","colorHiddenLight":"#efc2c1","colorHiddenDark":"#29121e","colorHiddenSat":"#3b312c","colorFollowDark":"#930826"},"geometry":{"type":"Point","coordinates":[121.485449,25.137513]}},{"type":"Feature","properties":{"sys":"mrt","lineId":"R","lineKey":"mrt|R","name":"忠義","color":"#E3002C","colorDark":"#640c22","colorFaintLight":"#ed9aa2","colorFaintDark":"#3e1020","colorFaintSat":"#4e2c2c","colorHiddenLight":"#efc2c1","colorHiddenDark":"#29121e","colorHiddenSat":"#3b312c","colorFollowDark":"#930826"},"geometry":{"type":"Point","coordinates":[121.473362,25.130969]}},{"type":"Feature","properties":{"sys":"mrt","lineId":"R","lineKey":"mrt|R","name":"關渡","color":"#E3002C","colorDark":"#640c22","colorFaintLight":"#ed9aa2","colorFaintDark":"#3e1020","colorFaintSat":"#4e2c2c","colorHiddenLight":"#efc2c1","colorHiddenDark":"#29121e","colorHiddenSat":"#3b312c","colorFollowDark":"#930826"},"geometry":{"type":"Point","coordinates":[121.467075,25.125645]}},{"type":"Feature","properties":{"sys":"mrt","lineId":"R","lineKey":"mrt|R","name":"竹圍","color":"#E3002C","colorDark":"#640c22","colorFaintLight":"#ed9aa2","colorFaintDark":"#3e1020","colorFaintSat":"#4e2c2c","colorHiddenLight":"#efc2c1","colorHiddenDark":"#29121e","colorHiddenSat":"#3b312c","colorFollowDark":"#930826"},"geometry":{"type":"Point","coordinates":[121.459535,25.1369]}},{"type":"Feature","properties":{"sys":"mrt","lineId":"R","lineKey":"mrt|R","name":"紅樹林","color":"#E3002C","colorDark":"#640c22","colorFaintLight":"#ed9aa2","colorFaintDark":"#3e1020","colorFaintSat":"#4e2c2c","colorHiddenLight":"#efc2c1","colorHiddenDark":"#29121e","colorHiddenSat":"#3b312c","colorFollowDark":"#930826"},"geometry":{"type":"Point","coordinates":[121.458876,25.153994]}},{"type":"Feature","properties":{"sys":"mrt","lineId":"R","lineKey":"mrt|R","name":"淡水","color":"#E3002C","colorDark":"#640c22","colorFaintLight":"#ed9aa2","colorFaintDark":"#3e1020","colorFaintSat":"#4e2c2c","colorHiddenLight":"#efc2c1","colorHiddenDark":"#29121e","colorHiddenSat":"#3b312c","colorFollowDark":"#930826"},"geometry":{"type":"Point","coordinates":[121.445881,25.167626]}},{"type":"Feature","properties":{"sys":"mrt","lineId":"R_XBT","lineKey":"mrt|R_XBT","name":"北投","color":"#F48B9F","colorDark":"#6b4450","colorFaintLight":"#f3cbcb","colorFaintDark":"#422e39","colorFaintSat":"#524a45","colorHiddenLight":"#f2dbd6","colorHiddenDark":"#2b222c","colorHiddenSat":"#3d423a","colorFollowDark":"#9d5e6d"},"geometry":{"type":"Point","coordinates":[121.498669,25.131884]}},{"type":"Feature","properties":{"sys":"mrt","lineId":"R_XBT","lineKey":"mrt|R_XBT","name":"新北投","color":"#F48B9F","colorDark":"#6b4450","colorFaintLight":"#f3cbcb","colorFaintDark":"#422e39","colorFaintSat":"#524a45","colorHiddenLight":"#f2dbd6","colorHiddenDark":"#2b222c","colorHiddenSat":"#3d423a","colorFollowDark":"#9d5e6d"},"geometry":{"type":"Point","coordinates":[121.502535,25.137015]}},{"type":"Feature","properties":{"sys":"mrt","lineId":"G","lineKey":"mrt|G","name":"新店","color":"#008659","colorDark":"#0a4234","colorFaintLight":"#9dc9b2","colorFaintDark":"#0c2d29","colorFaintSat":"#1c4936","colorHiddenLight":"#c6dac9","colorHiddenDark":"#0e2223","colorHiddenSat":"#204131","colorFollowDark":"#065b42"},"geometry":{"type":"Point","coordinates":[121.537749,24.958201]}},{"type":"Feature","properties":{"sys":"mrt","lineId":"G","lineKey":"mrt|G","name":"新店區公所","color":"#008659","colorDark":"#0a4234","colorFaintLight":"#9dc9b2","colorFaintDark":"#0c2d29","colorFaintSat":"#1c4936","colorHiddenLight":"#c6dac9","colorHiddenDark":"#0e2223","colorHiddenSat":"#204131","colorFollowDark":"#065b42"},"geometry":{"type":"Point","coordinates":[121.541407,24.967409]}},{"type":"Feature","properties":{"sys":"mrt","lineId":"G","lineKey":"mrt|G","name":"七張","color":"#008659","colorDark":"#0a4234","colorFaintLight":"#9dc9b2","colorFaintDark":"#0c2d29","colorFaintSat":"#1c4936","colorHiddenLight":"#c6dac9","colorHiddenDark":"#0e2223","colorHiddenSat":"#204131","colorFollowDark":"#065b42"},"geometry":{"type":"Point","coordinates":[121.54294,24.975037]}},{"type":"Feature","properties":{"sys":"mrt","lineId":"G","lineKey":"mrt|G","name":"大坪林","color":"#008659","colorDark":"#0a4234","colorFaintLight":"#9dc9b2","colorFaintDark":"#0c2d29","colorFaintSat":"#1c4936","colorHiddenLight":"#c6dac9","colorHiddenDark":"#0e2223","colorHiddenSat":"#204131","colorFollowDark":"#065b42"},"geometry":{"type":"Point","coordinates":[121.54142,24.982733]}},{"type":"Feature","properties":{"sys":"mrt","lineId":"G","lineKey":"mrt|G","name":"景美","color":"#008659","colorDark":"#0a4234","colorFaintLight":"#9dc9b2","colorFaintDark":"#0c2d29","colorFaintSat":"#1c4936","colorHiddenLight":"#c6dac9","colorHiddenDark":"#0e2223","colorHiddenSat":"#204131","colorFollowDark":"#065b42"},"geometry":{"type":"Point","coordinates":[121.540799,24.992793]}},{"type":"Feature","properties":{"sys":"mrt","lineId":"G","lineKey":"mrt|G","name":"萬隆","color":"#008659","colorDark":"#0a4234","colorFaintLight":"#9dc9b2","colorFaintDark":"#0c2d29","colorFaintSat":"#1c4936","colorHiddenLight":"#c6dac9","colorHiddenDark":"#0e2223","colorHiddenSat":"#204131","colorFollowDark":"#065b42"},"geometry":{"type":"Point","coordinates":[121.539059,25.001993]}},{"type":"Feature","properties":{"sys":"mrt","lineId":"G","lineKey":"mrt|G","name":"公館","color":"#008659","colorDark":"#0a4234","colorFaintLight":"#9dc9b2","colorFaintDark":"#0c2d29","colorFaintSat":"#1c4936","colorHiddenLight":"#c6dac9","colorHiddenDark":"#0e2223","colorHiddenSat":"#204131","colorFollowDark":"#065b42"},"geometry":{"type":"Point","coordinates":[121.534373,25.014794]}},{"type":"Feature","properties":{"sys":"mrt","lineId":"G","lineKey":"mrt|G","name":"台電大樓","color":"#008659","colorDark":"#0a4234","colorFaintLight":"#9dc9b2","colorFaintDark":"#0c2d29","colorFaintSat":"#1c4936","colorHiddenLight":"#c6dac9","colorHiddenDark":"#0e2223","colorHiddenSat":"#204131","colorFollowDark":"#065b42"},"geometry":{"type":"Point","coordinates":[121.528187,25.020773]}},{"type":"Feature","properties":{"sys":"mrt","lineId":"G","lineKey":"mrt|G","name":"古亭","color":"#008659","colorDark":"#0a4234","colorFaintLight":"#9dc9b2","colorFaintDark":"#0c2d29","colorFaintSat":"#1c4936","colorHiddenLight":"#c6dac9","colorHiddenDark":"#0e2223","colorHiddenSat":"#204131","colorFollowDark":"#065b42"},"geometry":{"type":"Point","coordinates":[121.522857,25.026366]}},{"type":"Feature","properties":{"sys":"mrt","lineId":"G","lineKey":"mrt|G","name":"中正紀念堂","color":"#008659","colorDark":"#0a4234","colorFaintLight":"#9dc9b2","colorFaintDark":"#0c2d29","colorFaintSat":"#1c4936","colorHiddenLight":"#c6dac9","colorHiddenDark":"#0e2223","colorHiddenSat":"#204131","colorFollowDark":"#065b42"},"geometry":{"type":"Point","coordinates":[121.518349,25.032814]}},{"type":"Feature","properties":{"sys":"mrt","lineId":"G","lineKey":"mrt|G","name":"小南門","color":"#008659","colorDark":"#0a4234","colorFaintLight":"#9dc9b2","colorFaintDark":"#0c2d29","colorFaintSat":"#1c4936","colorHiddenLight":"#c6dac9","colorHiddenDark":"#0e2223","colorHiddenSat":"#204131","colorFollowDark":"#065b42"},"geometry":{"type":"Point","coordinates":[121.510925,25.035973]}},{"type":"Feature","properties":{"sys":"mrt","lineId":"G","lineKey":"mrt|G","name":"西門","color":"#008659","colorDark":"#0a4234","colorFaintLight":"#9dc9b2","colorFaintDark":"#0c2d29","colorFaintSat":"#1c4936","colorHiddenLight":"#c6dac9","colorHiddenDark":"#0e2223","colorHiddenSat":"#204131","colorFollowDark":"#065b42"},"geometry":{"type":"Point","coordinates":[121.508461,25.042286]}},{"type":"Feature","properties":{"sys":"mrt","lineId":"G","lineKey":"mrt|G","name":"北門","color":"#008659","colorDark":"#0a4234","colorFaintLight":"#9dc9b2","colorFaintDark":"#0c2d29","colorFaintSat":"#1c4936","colorHiddenLight":"#c6dac9","colorHiddenDark":"#0e2223","colorHiddenSat":"#204131","colorFollowDark":"#065b42"},"geometry":{"type":"Point","coordinates":[121.510348,25.049523]}},{"type":"Feature","properties":{"sys":"mrt","lineId":"G","lineKey":"mrt|G","name":"中山","color":"#008659","colorDark":"#0a4234","colorFaintLight":"#9dc9b2","colorFaintDark":"#0c2d29","colorFaintSat":"#1c4936","colorHiddenLight":"#c6dac9","colorHiddenDark":"#0e2223","colorHiddenSat":"#204131","colorFollowDark":"#065b42"},"geometry":{"type":"Point","coordinates":[121.520356,25.052593]}},{"type":"Feature","properties":{"sys":"mrt","lineId":"G","lineKey":"mrt|G","name":"松江南京","color":"#008659","colorDark":"#0a4234","colorFaintLight":"#9dc9b2","colorFaintDark":"#0c2d29","colorFaintSat":"#1c4936","colorHiddenLight":"#c6dac9","colorHiddenDark":"#0e2223","colorHiddenSat":"#204131","colorFollowDark":"#065b42"},"geometry":{"type":"Point","coordinates":[121.533136,25.052689]}},{"type":"Feature","properties":{"sys":"mrt","lineId":"G","lineKey":"mrt|G","name":"南京復興","color":"#008659","colorDark":"#0a4234","colorFaintLight":"#9dc9b2","colorFaintDark":"#0c2d29","colorFaintSat":"#1c4936","colorHiddenLight":"#c6dac9","colorHiddenDark":"#0e2223","colorHiddenSat":"#204131","colorFollowDark":"#065b42"},"geometry":{"type":"Point","coordinates":[121.544063,25.052049]}},{"type":"Feature","properties":{"sys":"mrt","lineId":"G","lineKey":"mrt|G","name":"台北小巨蛋","color":"#008659","colorDark":"#0a4234","colorFaintLight":"#9dc9b2","colorFaintDark":"#0c2d29","colorFaintSat":"#1c4936","colorHiddenLight":"#c6dac9","colorHiddenDark":"#0e2223","colorHiddenSat":"#204131","colorFollowDark":"#065b42"},"geometry":{"type":"Point","coordinates":[121.552551,25.05161]}},{"type":"Feature","properties":{"sys":"mrt","lineId":"G","lineKey":"mrt|G","name":"南京三民","color":"#008659","colorDark":"#0a4234","colorFaintLight":"#9dc9b2","colorFaintDark":"#0c2d29","colorFaintSat":"#1c4936","colorHiddenLight":"#c6dac9","colorHiddenDark":"#0e2223","colorHiddenSat":"#204131","colorFollowDark":"#065b42"},"geometry":{"type":"Point","coordinates":[121.564702,25.051351]}},{"type":"Feature","properties":{"sys":"mrt","lineId":"G","lineKey":"mrt|G","name":"松山","color":"#008659","colorDark":"#0a4234","colorFaintLight":"#9dc9b2","colorFaintDark":"#0c2d29","colorFaintSat":"#1c4936","colorHiddenLight":"#c6dac9","colorHiddenDark":"#0e2223","colorHiddenSat":"#204131","colorFollowDark":"#065b42"},"geometry":{"type":"Point","coordinates":[121.577616,25.050022]}},{"type":"Feature","properties":{"sys":"mrt","lineId":"G_XBT","lineKey":"mrt|G_XBT","name":"七張","color":"#8CC8A0","colorDark":"#425c51","colorFaintLight":"#cee0cb","colorFaintDark":"#2b3c39","colorFaintSat":"#3b5846","colorHiddenLight":"#e0e6d6","colorHiddenDark":"#1f2a2c","colorHiddenSat":"#30493a","colorFollowDark":"#5d846e"},"geometry":{"type":"Point","coordinates":[121.54294,24.975037]}},{"type":"Feature","properties":{"sys":"mrt","lineId":"G_XBT","lineKey":"mrt|G_XBT","name":"小碧潭","color":"#8CC8A0","colorDark":"#425c51","colorFaintLight":"#cee0cb","colorFaintDark":"#2b3c39","colorFaintSat":"#3b5846","colorHiddenLight":"#e0e6d6","colorHiddenDark":"#1f2a2c","colorHiddenSat":"#30493a","colorFollowDark":"#5d846e"},"geometry":{"type":"Point","coordinates":[121.530598,24.971759]}},{"type":"Feature","properties":{"sys":"mrt","lineId":"O_XINZHUANG","lineKey":"mrt|O_XINZHUANG","name":"南勢角","color":"#F8B61C","colorDark":"#6d551c","colorFaintLight":"#f4da9d","colorFaintDark":"#43381c","colorFaintSat":"#535428","colorHiddenLight":"#f3e3be","colorHiddenDark":"#2c271c","colorHiddenSat":"#3d472a","colorFollowDark":"#a0781c"},"geometry":{"type":"Point","coordinates":[121.509138,24.989891]}},{"type":"Feature","properties":{"sys":"mrt","lineId":"O_XINZHUANG","lineKey":"mrt|O_XINZHUANG","name":"景安","color":"#F8B61C","colorDark":"#6d551c","colorFaintLight":"#f4da9d","colorFaintDark":"#43381c","colorFaintSat":"#535428","colorHiddenLight":"#f3e3be","colorHiddenDark":"#2c271c","colorHiddenSat":"#3d472a","colorFollowDark":"#a0781c"},"geometry":{"type":"Point","coordinates":[121.505069,24.993932]}},{"type":"Feature","properties":{"sys":"mrt","lineId":"O_XINZHUANG","lineKey":"mrt|O_XINZHUANG","name":"永安市場","color":"#F8B61C","colorDark":"#6d551c","colorFaintLight":"#f4da9d","colorFaintDark":"#43381c","colorFaintSat":"#535428","colorHiddenLight":"#f3e3be","colorHiddenDark":"#2c271c","colorHiddenSat":"#3d472a","colorFollowDark":"#a0781c"},"geometry":{"type":"Point","coordinates":[121.511249,25.002877]}},{"type":"Feature","properties":{"sys":"mrt","lineId":"O_XINZHUANG","lineKey":"mrt|O_XINZHUANG","name":"頂溪","color":"#F8B61C","colorDark":"#6d551c","colorFaintLight":"#f4da9d","colorFaintDark":"#43381c","colorFaintSat":"#535428","colorHiddenLight":"#f3e3be","colorHiddenDark":"#2c271c","colorHiddenSat":"#3d472a","colorFollowDark":"#a0781c"},"geometry":{"type":"Point","coordinates":[121.515384,25.013083]}},{"type":"Feature","properties":{"sys":"mrt","lineId":"O_XINZHUANG","lineKey":"mrt|O_XINZHUANG","name":"古亭","color":"#F8B61C","colorDark":"#6d551c","colorFaintLight":"#f4da9d","colorFaintDark":"#43381c","colorFaintSat":"#535428","colorHiddenLight":"#f3e3be","colorHiddenDark":"#2c271c","colorHiddenSat":"#3d472a","colorFollowDark":"#a0781c"},"geometry":{"type":"Point","coordinates":[121.522857,25.026366]}},{"type":"Feature","properties":{"sys":"mrt","lineId":"O_XINZHUANG","lineKey":"mrt|O_XINZHUANG","name":"東門","color":"#F8B61C","colorDark":"#6d551c","colorFaintLight":"#f4da9d","colorFaintDark":"#43381c","colorFaintSat":"#535428","colorHiddenLight":"#f3e3be","colorHiddenDark":"#2c271c","colorHiddenSat":"#3d472a","colorFollowDark":"#a0781c"},"geometry":{"type":"Point","coordinates":[121.528755,25.033825]}},{"type":"Feature","properties":{"sys":"mrt","lineId":"O_XINZHUANG","lineKey":"mrt|O_XINZHUANG","name":"忠孝新生","color":"#F8B61C","colorDark":"#6d551c","colorFaintLight":"#f4da9d","colorFaintDark":"#43381c","colorFaintSat":"#535428","colorHiddenLight":"#f3e3be","colorHiddenDark":"#2c271c","colorHiddenSat":"#3d472a","colorFollowDark":"#a0781c"},"geometry":{"type":"Point","coordinates":[121.532971,25.041791]}},{"type":"Feature","properties":{"sys":"mrt","lineId":"O_XINZHUANG","lineKey":"mrt|O_XINZHUANG","name":"松江南京","color":"#F8B61C","colorDark":"#6d551c","colorFaintLight":"#f4da9d","colorFaintDark":"#43381c","colorFaintSat":"#535428","colorHiddenLight":"#f3e3be","colorHiddenDark":"#2c271c","colorHiddenSat":"#3d472a","colorFollowDark":"#a0781c"},"geometry":{"type":"Point","coordinates":[121.533136,25.052689]}},{"type":"Feature","properties":{"sys":"mrt","lineId":"O_XINZHUANG","lineKey":"mrt|O_XINZHUANG","name":"行天宮","color":"#F8B61C","colorDark":"#6d551c","colorFaintLight":"#f4da9d","colorFaintDark":"#43381c","colorFaintSat":"#535428","colorHiddenLight":"#f3e3be","colorHiddenDark":"#2c271c","colorHiddenSat":"#3d472a","colorFollowDark":"#a0781c"},"geometry":{"type":"Point","coordinates":[121.533236,25.059239]}},{"type":"Feature","properties":{"sys":"mrt","lineId":"O_XINZHUANG","lineKey":"mrt|O_XINZHUANG","name":"中山國小","color":"#F8B61C","colorDark":"#6d551c","colorFaintLight":"#f4da9d","colorFaintDark":"#43381c","colorFaintSat":"#535428","colorHiddenLight":"#f3e3be","colorHiddenDark":"#2c271c","colorHiddenSat":"#3d472a","colorFollowDark":"#a0781c"},"geometry":{"type":"Point","coordinates":[121.526611,25.062726]}},{"type":"Feature","properties":{"sys":"mrt","lineId":"O_XINZHUANG","lineKey":"mrt|O_XINZHUANG","name":"民權西路","color":"#F8B61C","colorDark":"#6d551c","colorFaintLight":"#f4da9d","colorFaintDark":"#43381c","colorFaintSat":"#535428","colorHiddenLight":"#f3e3be","colorHiddenDark":"#2c271c","colorHiddenSat":"#3d472a","colorFollowDark":"#a0781c"},"geometry":{"type":"Point","coordinates":[121.519644,25.06237]}},{"type":"Feature","properties":{"sys":"mrt","lineId":"O_XINZHUANG","lineKey":"mrt|O_XINZHUANG","name":"大橋頭","color":"#F8B61C","colorDark":"#6d551c","colorFaintLight":"#f4da9d","colorFaintDark":"#43381c","colorFaintSat":"#535428","colorHiddenLight":"#f3e3be","colorHiddenDark":"#2c271c","colorHiddenSat":"#3d472a","colorFollowDark":"#a0781c"},"geometry":{"type":"Point","coordinates":[121.512999,25.063291]}},{"type":"Feature","properties":{"sys":"mrt","lineId":"O_XINZHUANG","lineKey":"mrt|O_XINZHUANG","name":"台北橋","color":"#F8B61C","colorDark":"#6d551c","colorFaintLight":"#f4da9d","colorFaintDark":"#43381c","colorFaintSat":"#535428","colorHiddenLight":"#f3e3be","colorHiddenDark":"#2c271c","colorHiddenSat":"#3d472a","colorFollowDark":"#a0781c"},"geometry":{"type":"Point","coordinates":[121.500543,25.063161]}},{"type":"Feature","properties":{"sys":"mrt","lineId":"O_XINZHUANG","lineKey":"mrt|O_XINZHUANG","name":"菜寮","color":"#F8B61C","colorDark":"#6d551c","colorFaintLight":"#f4da9d","colorFaintDark":"#43381c","colorFaintSat":"#535428","colorHiddenLight":"#f3e3be","colorHiddenDark":"#2c271c","colorHiddenSat":"#3d472a","colorFollowDark":"#a0781c"},"geometry":{"type":"Point","coordinates":[121.491406,25.059861]}},{"type":"Feature","properties":{"sys":"mrt","lineId":"O_XINZHUANG","lineKey":"mrt|O_XINZHUANG","name":"三重","color":"#F8B61C","colorDark":"#6d551c","colorFaintLight":"#f4da9d","colorFaintDark":"#43381c","colorFaintSat":"#535428","colorHiddenLight":"#f3e3be","colorHiddenDark":"#2c271c","colorHiddenSat":"#3d472a","colorFollowDark":"#a0781c"},"geometry":{"type":"Point","coordinates":[121.484197,25.055804]}},{"type":"Feature","properties":{"sys":"mrt","lineId":"O_XINZHUANG","lineKey":"mrt|O_XINZHUANG","name":"先嗇宮","color":"#F8B61C","colorDark":"#6d551c","colorFaintLight":"#f4da9d","colorFaintDark":"#43381c","colorFaintSat":"#535428","colorHiddenLight":"#f3e3be","colorHiddenDark":"#2c271c","colorHiddenSat":"#3d472a","colorFollowDark":"#a0781c"},"geometry":{"type":"Point","coordinates":[121.47161,25.046422]}},{"type":"Feature","properties":{"sys":"mrt","lineId":"O_XINZHUANG","lineKey":"mrt|O_XINZHUANG","name":"頭前庄","color":"#F8B61C","colorDark":"#6d551c","colorFaintLight":"#f4da9d","colorFaintDark":"#43381c","colorFaintSat":"#535428","colorHiddenLight":"#f3e3be","colorHiddenDark":"#2c271c","colorHiddenSat":"#3d472a","colorFollowDark":"#a0781c"},"geometry":{"type":"Point","coordinates":[121.460357,25.03983]}},{"type":"Feature","properties":{"sys":"mrt","lineId":"O_XINZHUANG","lineKey":"mrt|O_XINZHUANG","name":"新莊","color":"#F8B61C","colorDark":"#6d551c","colorFaintLight":"#f4da9d","colorFaintDark":"#43381c","colorFaintSat":"#535428","colorHiddenLight":"#f3e3be","colorHiddenDark":"#2c271c","colorHiddenSat":"#3d472a","colorFollowDark":"#a0781c"},"geometry":{"type":"Point","coordinates":[121.452164,25.036139]}},{"type":"Feature","properties":{"sys":"mrt","lineId":"O_XINZHUANG","lineKey":"mrt|O_XINZHUANG","name":"輔大","color":"#F8B61C","colorDark":"#6d551c","colorFaintLight":"#f4da9d","colorFaintDark":"#43381c","colorFaintSat":"#535428","colorHiddenLight":"#f3e3be","colorHiddenDark":"#2c271c","colorHiddenSat":"#3d472a","colorFollowDark":"#a0781c"},"geometry":{"type":"Point","coordinates":[121.435723,25.032851]}},{"type":"Feature","properties":{"sys":"mrt","lineId":"O_XINZHUANG","lineKey":"mrt|O_XINZHUANG","name":"丹鳳","color":"#F8B61C","colorDark":"#6d551c","colorFaintLight":"#f4da9d","colorFaintDark":"#43381c","colorFaintSat":"#535428","colorHiddenLight":"#f3e3be","colorHiddenDark":"#2c271c","colorHiddenSat":"#3d472a","colorFollowDark":"#a0781c"},"geometry":{"type":"Point","coordinates":[121.422471,25.028945]}},{"type":"Feature","properties":{"sys":"mrt","lineId":"O_XINZHUANG","lineKey":"mrt|O_XINZHUANG","name":"迴龍","color":"#F8B61C","colorDark":"#6d551c","colorFaintLight":"#f4da9d","colorFaintDark":"#43381c","colorFaintSat":"#535428","colorHiddenLight":"#f3e3be","colorHiddenDark":"#2c271c","colorHiddenSat":"#3d472a","colorFollowDark":"#a0781c"},"geometry":{"type":"Point","coordinates":[121.411756,25.02211]}},{"type":"Feature","properties":{"sys":"mrt","lineId":"O_LUZHOU","lineKey":"mrt|O_LUZHOU","name":"南勢角","color":"#F8B61C","colorDark":"#6d551c","colorFaintLight":"#f4da9d","colorFaintDark":"#43381c","colorFaintSat":"#535428","colorHiddenLight":"#f3e3be","colorHiddenDark":"#2c271c","colorHiddenSat":"#3d472a","colorFollowDark":"#a0781c"},"geometry":{"type":"Point","coordinates":[121.509138,24.989891]}},{"type":"Feature","properties":{"sys":"mrt","lineId":"O_LUZHOU","lineKey":"mrt|O_LUZHOU","name":"景安","color":"#F8B61C","colorDark":"#6d551c","colorFaintLight":"#f4da9d","colorFaintDark":"#43381c","colorFaintSat":"#535428","colorHiddenLight":"#f3e3be","colorHiddenDark":"#2c271c","colorHiddenSat":"#3d472a","colorFollowDark":"#a0781c"},"geometry":{"type":"Point","coordinates":[121.505069,24.993932]}},{"type":"Feature","properties":{"sys":"mrt","lineId":"O_LUZHOU","lineKey":"mrt|O_LUZHOU","name":"永安市場","color":"#F8B61C","colorDark":"#6d551c","colorFaintLight":"#f4da9d","colorFaintDark":"#43381c","colorFaintSat":"#535428","colorHiddenLight":"#f3e3be","colorHiddenDark":"#2c271c","colorHiddenSat":"#3d472a","colorFollowDark":"#a0781c"},"geometry":{"type":"Point","coordinates":[121.511249,25.002877]}},{"type":"Feature","properties":{"sys":"mrt","lineId":"O_LUZHOU","lineKey":"mrt|O_LUZHOU","name":"頂溪","color":"#F8B61C","colorDark":"#6d551c","colorFaintLight":"#f4da9d","colorFaintDark":"#43381c","colorFaintSat":"#535428","colorHiddenLight":"#f3e3be","colorHiddenDark":"#2c271c","colorHiddenSat":"#3d472a","colorFollowDark":"#a0781c"},"geometry":{"type":"Point","coordinates":[121.515384,25.013083]}},{"type":"Feature","properties":{"sys":"mrt","lineId":"O_LUZHOU","lineKey":"mrt|O_LUZHOU","name":"古亭","color":"#F8B61C","colorDark":"#6d551c","colorFaintLight":"#f4da9d","colorFaintDark":"#43381c","colorFaintSat":"#535428","colorHiddenLight":"#f3e3be","colorHiddenDark":"#2c271c","colorHiddenSat":"#3d472a","colorFollowDark":"#a0781c"},"geometry":{"type":"Point","coordinates":[121.522857,25.026366]}},{"type":"Feature","properties":{"sys":"mrt","lineId":"O_LUZHOU","lineKey":"mrt|O_LUZHOU","name":"東門","color":"#F8B61C","colorDark":"#6d551c","colorFaintLight":"#f4da9d","colorFaintDark":"#43381c","colorFaintSat":"#535428","colorHiddenLight":"#f3e3be","colorHiddenDark":"#2c271c","colorHiddenSat":"#3d472a","colorFollowDark":"#a0781c"},"geometry":{"type":"Point","coordinates":[121.528755,25.033825]}},{"type":"Feature","properties":{"sys":"mrt","lineId":"O_LUZHOU","lineKey":"mrt|O_LUZHOU","name":"忠孝新生","color":"#F8B61C","colorDark":"#6d551c","colorFaintLight":"#f4da9d","colorFaintDark":"#43381c","colorFaintSat":"#535428","colorHiddenLight":"#f3e3be","colorHiddenDark":"#2c271c","colorHiddenSat":"#3d472a","colorFollowDark":"#a0781c"},"geometry":{"type":"Point","coordinates":[121.532971,25.041791]}},{"type":"Feature","properties":{"sys":"mrt","lineId":"O_LUZHOU","lineKey":"mrt|O_LUZHOU","name":"松江南京","color":"#F8B61C","colorDark":"#6d551c","colorFaintLight":"#f4da9d","colorFaintDark":"#43381c","colorFaintSat":"#535428","colorHiddenLight":"#f3e3be","colorHiddenDark":"#2c271c","colorHiddenSat":"#3d472a","colorFollowDark":"#a0781c"},"geometry":{"type":"Point","coordinates":[121.533136,25.052689]}},{"type":"Feature","properties":{"sys":"mrt","lineId":"O_LUZHOU","lineKey":"mrt|O_LUZHOU","name":"行天宮","color":"#F8B61C","colorDark":"#6d551c","colorFaintLight":"#f4da9d","colorFaintDark":"#43381c","colorFaintSat":"#535428","colorHiddenLight":"#f3e3be","colorHiddenDark":"#2c271c","colorHiddenSat":"#3d472a","colorFollowDark":"#a0781c"},"geometry":{"type":"Point","coordinates":[121.533236,25.059239]}},{"type":"Feature","properties":{"sys":"mrt","lineId":"O_LUZHOU","lineKey":"mrt|O_LUZHOU","name":"中山國小","color":"#F8B61C","colorDark":"#6d551c","colorFaintLight":"#f4da9d","colorFaintDark":"#43381c","colorFaintSat":"#535428","colorHiddenLight":"#f3e3be","colorHiddenDark":"#2c271c","colorHiddenSat":"#3d472a","colorFollowDark":"#a0781c"},"geometry":{"type":"Point","coordinates":[121.526611,25.062726]}},{"type":"Feature","properties":{"sys":"mrt","lineId":"O_LUZHOU","lineKey":"mrt|O_LUZHOU","name":"民權西路","color":"#F8B61C","colorDark":"#6d551c","colorFaintLight":"#f4da9d","colorFaintDark":"#43381c","colorFaintSat":"#535428","colorHiddenLight":"#f3e3be","colorHiddenDark":"#2c271c","colorHiddenSat":"#3d472a","colorFollowDark":"#a0781c"},"geometry":{"type":"Point","coordinates":[121.519644,25.06237]}},{"type":"Feature","properties":{"sys":"mrt","lineId":"O_LUZHOU","lineKey":"mrt|O_LUZHOU","name":"大橋頭","color":"#F8B61C","colorDark":"#6d551c","colorFaintLight":"#f4da9d","colorFaintDark":"#43381c","colorFaintSat":"#535428","colorHiddenLight":"#f3e3be","colorHiddenDark":"#2c271c","colorHiddenSat":"#3d472a","colorFollowDark":"#a0781c"},"geometry":{"type":"Point","coordinates":[121.512999,25.063291]}},{"type":"Feature","properties":{"sys":"mrt","lineId":"O_LUZHOU","lineKey":"mrt|O_LUZHOU","name":"三重國小","color":"#F8B61C","colorDark":"#6d551c","colorFaintLight":"#f4da9d","colorFaintDark":"#43381c","colorFaintSat":"#535428","colorHiddenLight":"#f3e3be","colorHiddenDark":"#2c271c","colorHiddenSat":"#3d472a","colorFollowDark":"#a0781c"},"geometry":{"type":"Point","coordinates":[121.497008,25.070273]}},{"type":"Feature","properties":{"sys":"mrt","lineId":"O_LUZHOU","lineKey":"mrt|O_LUZHOU","name":"三和國中","color":"#F8B61C","colorDark":"#6d551c","colorFaintLight":"#f4da9d","colorFaintDark":"#43381c","colorFaintSat":"#535428","colorHiddenLight":"#f3e3be","colorHiddenDark":"#2c271c","colorHiddenSat":"#3d472a","colorFollowDark":"#a0781c"},"geometry":{"type":"Point","coordinates":[121.486474,25.076821]}},{"type":"Feature","properties":{"sys":"mrt","lineId":"O_LUZHOU","lineKey":"mrt|O_LUZHOU","name":"徐匯中學","color":"#F8B61C","colorDark":"#6d551c","colorFaintLight":"#f4da9d","colorFaintDark":"#43381c","colorFaintSat":"#535428","colorHiddenLight":"#f3e3be","colorHiddenDark":"#2c271c","colorHiddenSat":"#3d472a","colorFollowDark":"#a0781c"},"geometry":{"type":"Point","coordinates":[121.479994,25.080561]}},{"type":"Feature","properties":{"sys":"mrt","lineId":"O_LUZHOU","lineKey":"mrt|O_LUZHOU","name":"三民高中","color":"#F8B61C","colorDark":"#6d551c","colorFaintLight":"#f4da9d","colorFaintDark":"#43381c","colorFaintSat":"#535428","colorHiddenLight":"#f3e3be","colorHiddenDark":"#2c271c","colorHiddenSat":"#3d472a","colorFollowDark":"#a0781c"},"geometry":{"type":"Point","coordinates":[121.473437,25.085497]}},{"type":"Feature","properties":{"sys":"mrt","lineId":"O_LUZHOU","lineKey":"mrt|O_LUZHOU","name":"蘆洲","color":"#F8B61C","colorDark":"#6d551c","colorFaintLight":"#f4da9d","colorFaintDark":"#43381c","colorFaintSat":"#535428","colorHiddenLight":"#f3e3be","colorHiddenDark":"#2c271c","colorHiddenSat":"#3d472a","colorFollowDark":"#a0781c"},"geometry":{"type":"Point","coordinates":[121.464808,25.091528]}},{"type":"Feature","properties":{"sys":"mrt","lineId":"BL","lineKey":"mrt|BL","name":"頂埔","color":"#0070BD","colorDark":"#0a395c","colorFaintLight":"#9dc1d5","colorFaintDark":"#0c283f","colorFaintSat":"#1c444c","colorHiddenLight":"#c6d7db","colorHiddenDark":"#0e1f2f","colorHiddenSat":"#203f3d","colorFollowDark":"#064d80"},"geometry":{"type":"Point","coordinates":[121.418837,24.959243]}},{"type":"Feature","properties":{"sys":"mrt","lineId":"BL","lineKey":"mrt|BL","name":"永寧","color":"#0070BD","colorDark":"#0a395c","colorFaintLight":"#9dc1d5","colorFaintDark":"#0c283f","colorFaintSat":"#1c444c","colorHiddenLight":"#c6d7db","colorHiddenDark":"#0e1f2f","colorHiddenSat":"#203f3d","colorFollowDark":"#064d80"},"geometry":{"type":"Point","coordinates":[121.43621,24.96673]}},{"type":"Feature","properties":{"sys":"mrt","lineId":"BL","lineKey":"mrt|BL","name":"土城","color":"#0070BD","colorDark":"#0a395c","colorFaintLight":"#9dc1d5","colorFaintDark":"#0c283f","colorFaintSat":"#1c444c","colorHiddenLight":"#c6d7db","colorHiddenDark":"#0e1f2f","colorHiddenSat":"#203f3d","colorFollowDark":"#064d80"},"geometry":{"type":"Point","coordinates":[121.444391,24.973077]}},{"type":"Feature","properties":{"sys":"mrt","lineId":"BL","lineKey":"mrt|BL","name":"海山","color":"#0070BD","colorDark":"#0a395c","colorFaintLight":"#9dc1d5","colorFaintDark":"#0c283f","colorFaintSat":"#1c444c","colorHiddenLight":"#c6d7db","colorHiddenDark":"#0e1f2f","colorHiddenSat":"#203f3d","colorFollowDark":"#064d80"},"geometry":{"type":"Point","coordinates":[121.448819,24.985343]}},{"type":"Feature","properties":{"sys":"mrt","lineId":"BL","lineKey":"mrt|BL","name":"亞東醫院","color":"#0070BD","colorDark":"#0a395c","colorFaintLight":"#9dc1d5","colorFaintDark":"#0c283f","colorFaintSat":"#1c444c","colorHiddenLight":"#c6d7db","colorHiddenDark":"#0e1f2f","colorHiddenSat":"#203f3d","colorFollowDark":"#064d80"},"geometry":{"type":"Point","coordinates":[121.452596,24.998244]}},{"type":"Feature","properties":{"sys":"mrt","lineId":"BL","lineKey":"mrt|BL","name":"府中","color":"#0070BD","colorDark":"#0a395c","colorFaintLight":"#9dc1d5","colorFaintDark":"#0c283f","colorFaintSat":"#1c444c","colorHiddenLight":"#c6d7db","colorHiddenDark":"#0e1f2f","colorHiddenSat":"#203f3d","colorFollowDark":"#064d80"},"geometry":{"type":"Point","coordinates":[121.459102,25.008613]}},{"type":"Feature","properties":{"sys":"mrt","lineId":"BL","lineKey":"mrt|BL","name":"板橋","color":"#0070BD","colorDark":"#0a395c","colorFaintLight":"#9dc1d5","colorFaintDark":"#0c283f","colorFaintSat":"#1c444c","colorHiddenLight":"#c6d7db","colorHiddenDark":"#0e1f2f","colorHiddenSat":"#203f3d","colorFollowDark":"#064d80"},"geometry":{"type":"Point","coordinates":[121.462627,25.014127]}},{"type":"Feature","properties":{"sys":"mrt","lineId":"BL","lineKey":"mrt|BL","name":"新埔","color":"#0070BD","colorDark":"#0a395c","colorFaintLight":"#9dc1d5","colorFaintDark":"#0c283f","colorFaintSat":"#1c444c","colorHiddenLight":"#c6d7db","colorHiddenDark":"#0e1f2f","colorHiddenSat":"#203f3d","colorFollowDark":"#064d80"},"geometry":{"type":"Point","coordinates":[121.46835,25.023742]}},{"type":"Feature","properties":{"sys":"mrt","lineId":"BL","lineKey":"mrt|BL","name":"江子翠","color":"#0070BD","colorDark":"#0a395c","colorFaintLight":"#9dc1d5","colorFaintDark":"#0c283f","colorFaintSat":"#1c444c","colorHiddenLight":"#c6d7db","colorHiddenDark":"#0e1f2f","colorHiddenSat":"#203f3d","colorFollowDark":"#064d80"},"geometry":{"type":"Point","coordinates":[121.472545,25.030283]}},{"type":"Feature","properties":{"sys":"mrt","lineId":"BL","lineKey":"mrt|BL","name":"龍山寺","color":"#0070BD","colorDark":"#0a395c","colorFaintLight":"#9dc1d5","colorFaintDark":"#0c283f","colorFaintSat":"#1c444c","colorHiddenLight":"#c6d7db","colorHiddenDark":"#0e1f2f","colorHiddenSat":"#203f3d","colorFollowDark":"#064d80"},"geometry":{"type":"Point","coordinates":[121.500326,25.035305]}},{"type":"Feature","properties":{"sys":"mrt","lineId":"BL","lineKey":"mrt|BL","name":"西門","color":"#0070BD","colorDark":"#0a395c","colorFaintLight":"#9dc1d5","colorFaintDark":"#0c283f","colorFaintSat":"#1c444c","colorHiddenLight":"#c6d7db","colorHiddenDark":"#0e1f2f","colorHiddenSat":"#203f3d","colorFollowDark":"#064d80"},"geometry":{"type":"Point","coordinates":[121.508461,25.042286]}},{"type":"Feature","properties":{"sys":"mrt","lineId":"BL","lineKey":"mrt|BL","name":"台北車站","color":"#0070BD","colorDark":"#0a395c","colorFaintLight":"#9dc1d5","colorFaintDark":"#0c283f","colorFaintSat":"#1c444c","colorHiddenLight":"#c6d7db","colorHiddenDark":"#0e1f2f","colorHiddenSat":"#203f3d","colorFollowDark":"#064d80"},"geometry":{"type":"Point","coordinates":[121.517386,25.046213]}},{"type":"Feature","properties":{"sys":"mrt","lineId":"BL","lineKey":"mrt|BL","name":"善導寺","color":"#0070BD","colorDark":"#0a395c","colorFaintLight":"#9dc1d5","colorFaintDark":"#0c283f","colorFaintSat":"#1c444c","colorHiddenLight":"#c6d7db","colorHiddenDark":"#0e1f2f","colorHiddenSat":"#203f3d","colorFollowDark":"#064d80"},"geometry":{"type":"Point","coordinates":[121.523902,25.044739]}},{"type":"Feature","properties":{"sys":"mrt","lineId":"BL","lineKey":"mrt|BL","name":"忠孝新生","color":"#0070BD","colorDark":"#0a395c","colorFaintLight":"#9dc1d5","colorFaintDark":"#0c283f","colorFaintSat":"#1c444c","colorHiddenLight":"#c6d7db","colorHiddenDark":"#0e1f2f","colorHiddenSat":"#203f3d","colorFollowDark":"#064d80"},"geometry":{"type":"Point","coordinates":[121.532838,25.04245]}},{"type":"Feature","properties":{"sys":"mrt","lineId":"BL","lineKey":"mrt|BL","name":"忠孝復興","color":"#0070BD","colorDark":"#0a395c","colorFaintLight":"#9dc1d5","colorFaintDark":"#0c283f","colorFaintSat":"#1c444c","colorHiddenLight":"#c6d7db","colorHiddenDark":"#0e1f2f","colorHiddenSat":"#203f3d","colorFollowDark":"#064d80"},"geometry":{"type":"Point","coordinates":[121.5438,25.041632]}},{"type":"Feature","properties":{"sys":"mrt","lineId":"BL","lineKey":"mrt|BL","name":"忠孝敦化","color":"#0070BD","colorDark":"#0a395c","colorFaintLight":"#9dc1d5","colorFaintDark":"#0c283f","colorFaintSat":"#1c444c","colorHiddenLight":"#c6d7db","colorHiddenDark":"#0e1f2f","colorHiddenSat":"#203f3d","colorFollowDark":"#064d80"},"geometry":{"type":"Point","coordinates":[121.550451,25.041555]}},{"type":"Feature","properties":{"sys":"mrt","lineId":"BL","lineKey":"mrt|BL","name":"國父紀念館","color":"#0070BD","colorDark":"#0a395c","colorFaintLight":"#9dc1d5","colorFaintDark":"#0c283f","colorFaintSat":"#1c444c","colorHiddenLight":"#c6d7db","colorHiddenDark":"#0e1f2f","colorHiddenSat":"#203f3d","colorFollowDark":"#064d80"},"geometry":{"type":"Point","coordinates":[121.557816,25.041402]}},{"type":"Feature","properties":{"sys":"mrt","lineId":"BL","lineKey":"mrt|BL","name":"市政府","color":"#0070BD","colorDark":"#0a395c","colorFaintLight":"#9dc1d5","colorFaintDark":"#0c283f","colorFaintSat":"#1c444c","colorHiddenLight":"#c6d7db","colorHiddenDark":"#0e1f2f","colorHiddenSat":"#203f3d","colorFollowDark":"#064d80"},"geometry":{"type":"Point","coordinates":[121.565687,25.041211]}},{"type":"Feature","properties":{"sys":"mrt","lineId":"BL","lineKey":"mrt|BL","name":"永春","color":"#0070BD","colorDark":"#0a395c","colorFaintLight":"#9dc1d5","colorFaintDark":"#0c283f","colorFaintSat":"#1c444c","colorHiddenLight":"#c6d7db","colorHiddenDark":"#0e1f2f","colorHiddenSat":"#203f3d","colorFollowDark":"#064d80"},"geometry":{"type":"Point","coordinates":[121.576202,25.040904]}},{"type":"Feature","properties":{"sys":"mrt","lineId":"BL","lineKey":"mrt|BL","name":"後山埤","color":"#0070BD","colorDark":"#0a395c","colorFaintLight":"#9dc1d5","colorFaintDark":"#0c283f","colorFaintSat":"#1c444c","colorHiddenLight":"#c6d7db","colorHiddenDark":"#0e1f2f","colorHiddenSat":"#203f3d","colorFollowDark":"#064d80"},"geometry":{"type":"Point","coordinates":[121.58223,25.044739]}},{"type":"Feature","properties":{"sys":"mrt","lineId":"BL","lineKey":"mrt|BL","name":"昆陽","color":"#0070BD","colorDark":"#0a395c","colorFaintLight":"#9dc1d5","colorFaintDark":"#0c283f","colorFaintSat":"#1c444c","colorHiddenLight":"#c6d7db","colorHiddenDark":"#0e1f2f","colorHiddenSat":"#203f3d","colorFollowDark":"#064d80"},"geometry":{"type":"Point","coordinates":[121.593211,25.05052]}},{"type":"Feature","properties":{"sys":"mrt","lineId":"BL","lineKey":"mrt|BL","name":"南港","color":"#0070BD","colorDark":"#0a395c","colorFaintLight":"#9dc1d5","colorFaintDark":"#0c283f","colorFaintSat":"#1c444c","colorHiddenLight":"#c6d7db","colorHiddenDark":"#0e1f2f","colorHiddenSat":"#203f3d","colorFollowDark":"#064d80"},"geometry":{"type":"Point","coordinates":[121.60695,25.052184]}},{"type":"Feature","properties":{"sys":"mrt","lineId":"BL","lineKey":"mrt|BL","name":"南港展覽館","color":"#0070BD","colorDark":"#0a395c","colorFaintLight":"#9dc1d5","colorFaintDark":"#0c283f","colorFaintSat":"#1c444c","colorHiddenLight":"#c6d7db","colorHiddenDark":"#0e1f2f","colorHiddenSat":"#203f3d","colorFollowDark":"#064d80"},"geometry":{"type":"Point","coordinates":[121.616885,25.054619]}},{"type":"Feature","properties":{"sys":"mrt","lineId":"Y","lineKey":"mrt|Y","name":"大坪林","color":"#FFDB00","colorDark":"#706411","colorFaintLight":"#f7e793","colorFaintDark":"#454016","colorFaintSat":"#545c22","colorHiddenLight":"#f4eab9","colorHiddenDark":"#2d2c19","colorHiddenSat":"#3e4c27","colorFollowDark":"#a48f0b"},"geometry":{"type":"Point","coordinates":[121.541643,24.982923]}},{"type":"Feature","properties":{"sys":"mrt","lineId":"Y","lineKey":"mrt|Y","name":"十四張","color":"#FFDB00","colorDark":"#706411","colorFaintLight":"#f7e793","colorFaintDark":"#454016","colorFaintSat":"#545c22","colorHiddenLight":"#f4eab9","colorHiddenDark":"#2d2c19","colorHiddenSat":"#3e4c27","colorFollowDark":"#a48f0b"},"geometry":{"type":"Point","coordinates":[121.527602,24.984485]}},{"type":"Feature","properties":{"sys":"mrt","lineId":"Y","lineKey":"mrt|Y","name":"秀朗橋","color":"#FFDB00","colorDark":"#706411","colorFaintLight":"#f7e793","colorFaintDark":"#454016","colorFaintSat":"#545c22","colorHiddenLight":"#f4eab9","colorHiddenDark":"#2d2c19","colorHiddenSat":"#3e4c27","colorFollowDark":"#a48f0b"},"geometry":{"type":"Point","coordinates":[121.525028,24.990334]}},{"type":"Feature","properties":{"sys":"mrt","lineId":"Y","lineKey":"mrt|Y","name":"景平","color":"#FFDB00","colorDark":"#706411","colorFaintLight":"#f7e793","colorFaintDark":"#454016","colorFaintSat":"#545c22","colorHiddenLight":"#f4eab9","colorHiddenDark":"#2d2c19","colorHiddenSat":"#3e4c27","colorFollowDark":"#a48f0b"},"geometry":{"type":"Point","coordinates":[121.516277,24.992139]}},{"type":"Feature","properties":{"sys":"mrt","lineId":"Y","lineKey":"mrt|Y","name":"景安","color":"#FFDB00","colorDark":"#706411","colorFaintLight":"#f7e793","colorFaintDark":"#454016","colorFaintSat":"#545c22","colorHiddenLight":"#f4eab9","colorHiddenDark":"#2d2c19","colorHiddenSat":"#3e4c27","colorFollowDark":"#a48f0b"},"geometry":{"type":"Point","coordinates":[121.505708,24.993416]}},{"type":"Feature","properties":{"sys":"mrt","lineId":"Y","lineKey":"mrt|Y","name":"中和","color":"#FFDB00","colorDark":"#706411","colorFaintLight":"#f7e793","colorFaintDark":"#454016","colorFaintSat":"#545c22","colorHiddenLight":"#f4eab9","colorHiddenDark":"#2d2c19","colorHiddenSat":"#3e4c27","colorFollowDark":"#a48f0b"},"geometry":{"type":"Point","coordinates":[121.496212,25.002357]}},{"type":"Feature","properties":{"sys":"mrt","lineId":"Y","lineKey":"mrt|Y","name":"橋和","color":"#FFDB00","colorDark":"#706411","colorFaintLight":"#f7e793","colorFaintDark":"#454016","colorFaintSat":"#545c22","colorHiddenLight":"#f4eab9","colorHiddenDark":"#2d2c19","colorHiddenSat":"#3e4c27","colorFollowDark":"#a48f0b"},"geometry":{"type":"Point","coordinates":[121.49025,25.004607]}},{"type":"Feature","properties":{"sys":"mrt","lineId":"Y","lineKey":"mrt|Y","name":"中原","color":"#FFDB00","colorDark":"#706411","colorFaintLight":"#f7e793","colorFaintDark":"#454016","colorFaintSat":"#545c22","colorHiddenLight":"#f4eab9","colorHiddenDark":"#2d2c19","colorHiddenSat":"#3e4c27","colorFollowDark":"#a48f0b"},"geometry":{"type":"Point","coordinates":[121.484277,25.008174]}},{"type":"Feature","properties":{"sys":"mrt","lineId":"Y","lineKey":"mrt|Y","name":"板新","color":"#FFDB00","colorDark":"#706411","colorFaintLight":"#f7e793","colorFaintDark":"#454016","colorFaintSat":"#545c22","colorHiddenLight":"#f4eab9","colorHiddenDark":"#2d2c19","colorHiddenSat":"#3e4c27","colorFollowDark":"#a48f0b"},"geometry":{"type":"Point","coordinates":[121.472433,25.014537]}},{"type":"Feature","properties":{"sys":"mrt","lineId":"Y","lineKey":"mrt|Y","name":"板橋","color":"#FFDB00","colorDark":"#706411","colorFaintLight":"#f7e793","colorFaintDark":"#454016","colorFaintSat":"#545c22","colorHiddenLight":"#f4eab9","colorHiddenDark":"#2d2c19","colorHiddenSat":"#3e4c27","colorFollowDark":"#a48f0b"},"geometry":{"type":"Point","coordinates":[121.46455,25.01524]}},{"type":"Feature","properties":{"sys":"mrt","lineId":"Y","lineKey":"mrt|Y","name":"新埔民生","color":"#FFDB00","colorDark":"#706411","colorFaintLight":"#f7e793","colorFaintDark":"#454016","colorFaintSat":"#545c22","colorHiddenLight":"#f4eab9","colorHiddenDark":"#2d2c19","colorHiddenSat":"#3e4c27","colorFollowDark":"#a48f0b"},"geometry":{"type":"Point","coordinates":[121.466659,25.026174]}},{"type":"Feature","properties":{"sys":"mrt","lineId":"Y","lineKey":"mrt|Y","name":"頭前庄","color":"#FFDB00","colorDark":"#706411","colorFaintLight":"#f7e793","colorFaintDark":"#454016","colorFaintSat":"#545c22","colorHiddenLight":"#f4eab9","colorHiddenDark":"#2d2c19","colorHiddenSat":"#3e4c27","colorFollowDark":"#a48f0b"},"geometry":{"type":"Point","coordinates":[121.460335,25.039901]}},{"type":"Feature","properties":{"sys":"mrt","lineId":"Y","lineKey":"mrt|Y","name":"幸福","color":"#FFDB00","colorDark":"#706411","colorFaintLight":"#f7e793","colorFaintDark":"#454016","colorFaintSat":"#545c22","colorHiddenLight":"#f4eab9","colorHiddenDark":"#2d2c19","colorHiddenSat":"#3e4c27","colorFollowDark":"#a48f0b"},"geometry":{"type":"Point","coordinates":[121.459991,25.05003]}},{"type":"Feature","properties":{"sys":"mrt","lineId":"Y","lineKey":"mrt|Y","name":"新北產業園區","color":"#FFDB00","colorDark":"#706411","colorFaintLight":"#f7e793","colorFaintDark":"#454016","colorFaintSat":"#545c22","colorHiddenLight":"#f4eab9","colorHiddenDark":"#2d2c19","colorHiddenSat":"#3e4c27","colorFollowDark":"#a48f0b"},"geometry":{"type":"Point","coordinates":[121.459831,25.061266]}},{"type":"Feature","properties":{"sys":"tymc","lineId":"A","lineKey":"tymc|A","name":"台北車站","color":"#8246AF","colorDark":"#3e2857","colorFaintLight":"#cbb3d0","colorFaintDark":"#291f3c","colorFaintSat":"#393b49","colorHiddenLight":"#decfd9","colorHiddenDark":"#1e1a2e","colorHiddenSat":"#2f3a3c","colorFollowDark":"#573377"},"geometry":{"type":"Point","coordinates":[121.514168,25.048727]}},{"type":"Feature","properties":{"sys":"tymc","lineId":"A","lineKey":"tymc|A","name":"三重站","color":"#8246AF","colorDark":"#3e2857","colorFaintLight":"#cbb3d0","colorFaintDark":"#291f3c","colorFaintSat":"#393b49","colorHiddenLight":"#decfd9","colorHiddenDark":"#1e1a2e","colorHiddenSat":"#2f3a3c","colorFollowDark":"#573377"},"geometry":{"type":"Point","coordinates":[121.482668,25.054774]}},{"type":"Feature","properties":{"sys":"tymc","lineId":"A","lineKey":"tymc|A","name":"新北產業園區站","color":"#8246AF","colorDark":"#3e2857","colorFaintLight":"#cbb3d0","colorFaintDark":"#291f3c","colorFaintSat":"#393b49","colorHiddenLight":"#decfd9","colorHiddenDark":"#1e1a2e","colorHiddenSat":"#2f3a3c","colorFollowDark":"#573377"},"geometry":{"type":"Point","coordinates":[121.45918,25.061707]}},{"type":"Feature","properties":{"sys":"tymc","lineId":"A","lineKey":"tymc|A","name":"新莊副都心站","color":"#8246AF","colorDark":"#3e2857","colorFaintLight":"#cbb3d0","colorFaintDark":"#291f3c","colorFaintSat":"#393b49","colorHiddenLight":"#decfd9","colorHiddenDark":"#1e1a2e","colorHiddenSat":"#2f3a3c","colorFollowDark":"#573377"},"geometry":{"type":"Point","coordinates":[121.445678,25.059138]}},{"type":"Feature","properties":{"sys":"tymc","lineId":"A","lineKey":"tymc|A","name":"泰山站","color":"#8246AF","colorDark":"#3e2857","colorFaintLight":"#cbb3d0","colorFaintDark":"#291f3c","colorFaintSat":"#393b49","colorHiddenLight":"#decfd9","colorHiddenDark":"#1e1a2e","colorHiddenSat":"#2f3a3c","colorFollowDark":"#573377"},"geometry":{"type":"Point","coordinates":[121.439499,25.053166]}},{"type":"Feature","properties":{"sys":"tymc","lineId":"A","lineKey":"tymc|A","name":"泰山貴和站","color":"#8246AF","colorDark":"#3e2857","colorFaintLight":"#cbb3d0","colorFaintDark":"#291f3c","colorFaintSat":"#393b49","colorHiddenLight":"#decfd9","colorHiddenDark":"#1e1a2e","colorHiddenSat":"#2f3a3c","colorFollowDark":"#573377"},"geometry":{"type":"Point","coordinates":[121.422678,25.033139]}},{"type":"Feature","properties":{"sys":"tymc","lineId":"A","lineKey":"tymc|A","name":"體育大學站","color":"#8246AF","colorDark":"#3e2857","colorFaintLight":"#cbb3d0","colorFaintDark":"#291f3c","colorFaintSat":"#393b49","colorHiddenLight":"#decfd9","colorHiddenDark":"#1e1a2e","colorHiddenSat":"#2f3a3c","colorFollowDark":"#573377"},"geometry":{"type":"Point","coordinates":[121.385372,25.041242]}},{"type":"Feature","properties":{"sys":"tymc","lineId":"A","lineKey":"tymc|A","name":"長庚醫院站","color":"#8246AF","colorDark":"#3e2857","colorFaintLight":"#cbb3d0","colorFaintDark":"#291f3c","colorFaintSat":"#393b49","colorHiddenLight":"#decfd9","colorHiddenDark":"#1e1a2e","colorHiddenSat":"#2f3a3c","colorFollowDark":"#573377"},"geometry":{"type":"Point","coordinates":[121.370713,25.060518]}},{"type":"Feature","properties":{"sys":"tymc","lineId":"A","lineKey":"tymc|A","name":"林口站","color":"#8246AF","colorDark":"#3e2857","colorFaintLight":"#cbb3d0","colorFaintDark":"#291f3c","colorFaintSat":"#393b49","colorHiddenLight":"#decfd9","colorHiddenDark":"#1e1a2e","colorHiddenSat":"#2f3a3c","colorFollowDark":"#573377"},"geometry":{"type":"Point","coordinates":[121.361338,25.065745]}},{"type":"Feature","properties":{"sys":"tymc","lineId":"A","lineKey":"tymc|A","name":"山鼻站","color":"#8246AF","colorDark":"#3e2857","colorFaintLight":"#cbb3d0","colorFaintDark":"#291f3c","colorFaintSat":"#393b49","colorHiddenLight":"#decfd9","colorHiddenDark":"#1e1a2e","colorHiddenSat":"#2f3a3c","colorFollowDark":"#573377"},"geometry":{"type":"Point","coordinates":[121.28476,25.080783]}},{"type":"Feature","properties":{"sys":"tymc","lineId":"A","lineKey":"tymc|A","name":"坑口站","color":"#8246AF","colorDark":"#3e2857","colorFaintLight":"#cbb3d0","colorFaintDark":"#291f3c","colorFaintSat":"#393b49","colorHiddenLight":"#decfd9","colorHiddenDark":"#1e1a2e","colorHiddenSat":"#2f3a3c","colorFollowDark":"#573377"},"geometry":{"type":"Point","coordinates":[121.266372,25.086463]}},{"type":"Feature","properties":{"sys":"tymc","lineId":"A","lineKey":"tymc|A","name":"機場第一航廈站","color":"#8246AF","colorDark":"#3e2857","colorFaintLight":"#cbb3d0","colorFaintDark":"#291f3c","colorFaintSat":"#393b49","colorHiddenLight":"#decfd9","colorHiddenDark":"#1e1a2e","colorHiddenSat":"#2f3a3c","colorFollowDark":"#573377"},"geometry":{"type":"Point","coordinates":[121.23783,25.0814]}},{"type":"Feature","properties":{"sys":"tymc","lineId":"A","lineKey":"tymc|A","name":"機場第二航廈站","color":"#8246AF","colorDark":"#3e2857","colorFaintLight":"#cbb3d0","colorFaintDark":"#291f3c","colorFaintSat":"#393b49","colorHiddenLight":"#decfd9","colorHiddenDark":"#1e1a2e","colorHiddenSat":"#2f3a3c","colorFollowDark":"#573377"},"geometry":{"type":"Point","coordinates":[121.232304,25.077177]}},{"type":"Feature","properties":{"sys":"tymc","lineId":"A","lineKey":"tymc|A","name":"機場旅館站","color":"#8246AF","colorDark":"#3e2857","colorFaintLight":"#cbb3d0","colorFaintDark":"#291f3c","colorFaintSat":"#393b49","colorHiddenLight":"#decfd9","colorHiddenDark":"#1e1a2e","colorHiddenSat":"#2f3a3c","colorFollowDark":"#573377"},"geometry":{"type":"Point","coordinates":[121.221605,25.069871]}},{"type":"Feature","properties":{"sys":"tymc","lineId":"A","lineKey":"tymc|A","name":"大園站","color":"#8246AF","colorDark":"#3e2857","colorFaintLight":"#cbb3d0","colorFaintDark":"#291f3c","colorFaintSat":"#393b49","colorHiddenLight":"#decfd9","colorHiddenDark":"#1e1a2e","colorHiddenSat":"#2f3a3c","colorFollowDark":"#573377"},"geometry":{"type":"Point","coordinates":[121.210596,25.056003]}},{"type":"Feature","properties":{"sys":"tymc","lineId":"A","lineKey":"tymc|A","name":"橫山站","color":"#8246AF","colorDark":"#3e2857","colorFaintLight":"#cbb3d0","colorFaintDark":"#291f3c","colorFaintSat":"#393b49","colorHiddenLight":"#decfd9","colorHiddenDark":"#1e1a2e","colorHiddenSat":"#2f3a3c","colorFollowDark":"#573377"},"geometry":{"type":"Point","coordinates":[121.215687,25.036702]}},{"type":"Feature","properties":{"sys":"tymc","lineId":"A","lineKey":"tymc|A","name":"領航站","color":"#8246AF","colorDark":"#3e2857","colorFaintLight":"#cbb3d0","colorFaintDark":"#291f3c","colorFaintSat":"#393b49","colorHiddenLight":"#decfd9","colorHiddenDark":"#1e1a2e","colorHiddenSat":"#2f3a3c","colorFollowDark":"#573377"},"geometry":{"type":"Point","coordinates":[121.220993,25.024213]}},{"type":"Feature","properties":{"sys":"tymc","lineId":"A","lineKey":"tymc|A","name":"高鐵桃園站","color":"#8246AF","colorDark":"#3e2857","colorFaintLight":"#cbb3d0","colorFaintDark":"#291f3c","colorFaintSat":"#393b49","colorHiddenLight":"#decfd9","colorHiddenDark":"#1e1a2e","colorHiddenSat":"#2f3a3c","colorFollowDark":"#573377"},"geometry":{"type":"Point","coordinates":[121.214152,25.013666]}},{"type":"Feature","properties":{"sys":"tymc","lineId":"A","lineKey":"tymc|A","name":"桃園體育園區站","color":"#8246AF","colorDark":"#3e2857","colorFaintLight":"#cbb3d0","colorFaintDark":"#291f3c","colorFaintSat":"#393b49","colorHiddenLight":"#decfd9","colorHiddenDark":"#1e1a2e","colorHiddenSat":"#2f3a3c","colorFollowDark":"#573377"},"geometry":{"type":"Point","coordinates":[121.203525,25.00196]}},{"type":"Feature","properties":{"sys":"tymc","lineId":"A","lineKey":"tymc|A","name":"興南站","color":"#8246AF","colorDark":"#3e2857","colorFaintLight":"#cbb3d0","colorFaintDark":"#291f3c","colorFaintSat":"#393b49","colorHiddenLight":"#decfd9","colorHiddenDark":"#1e1a2e","colorHiddenSat":"#2f3a3c","colorFollowDark":"#573377"},"geometry":{"type":"Point","coordinates":[121.21629,24.98026]}},{"type":"Feature","properties":{"sys":"tymc","lineId":"A","lineKey":"tymc|A","name":"環北站","color":"#8246AF","colorDark":"#3e2857","colorFaintLight":"#cbb3d0","colorFaintDark":"#291f3c","colorFaintSat":"#393b49","colorHiddenLight":"#decfd9","colorHiddenDark":"#1e1a2e","colorHiddenSat":"#2f3a3c","colorFollowDark":"#573377"},"geometry":{"type":"Point","coordinates":[121.220885,24.967223]}},{"type":"Feature","properties":{"sys":"tymc","lineId":"A","lineKey":"tymc|A","name":"老街溪站","color":"#8246AF","colorDark":"#3e2857","colorFaintLight":"#cbb3d0","colorFaintDark":"#291f3c","colorFaintSat":"#393b49","colorHiddenLight":"#decfd9","colorHiddenDark":"#1e1a2e","colorHiddenSat":"#2f3a3c","colorFollowDark":"#573377"},"geometry":{"type":"Point","coordinates":[121.219433,24.958575]}},{"type":"Feature","properties":{"sys":"ntdlrt","lineId":"V","lineKey":"ntdlrt|V","name":"紅樹林","color":"#FF2A00","colorDark":"#701d11","colorFaintLight":"#f7a993","colorFaintDark":"#451916","colorFaintSat":"#543522","colorHiddenLight":"#f4cab9","colorHiddenDark":"#2d1719","colorHiddenSat":"#3e3627","colorFollowDark":"#a4220b"},"geometry":{"type":"Point","coordinates":[121.458956,25.155606]}},{"type":"Feature","properties":{"sys":"ntdlrt","lineId":"V","lineKey":"ntdlrt|V","name":"竿蓁林","color":"#FF2A00","colorDark":"#701d11","colorFaintLight":"#f7a993","colorFaintDark":"#451916","colorFaintSat":"#543522","colorHiddenLight":"#f4cab9","colorHiddenDark":"#2d1719","colorHiddenSat":"#3e3627","colorFollowDark":"#a4220b"},"geometry":{"type":"Point","coordinates":[121.456267,25.162413]}},{"type":"Feature","properties":{"sys":"ntdlrt","lineId":"V","lineKey":"ntdlrt|V","name":"淡金鄧公","color":"#FF2A00","colorDark":"#701d11","colorFaintLight":"#f7a993","colorFaintDark":"#451916","colorFaintSat":"#543522","colorHiddenLight":"#f4cab9","colorHiddenDark":"#2d1719","colorHiddenSat":"#3e3627","colorFollowDark":"#a4220b"},"geometry":{"type":"Point","coordinates":[121.460849,25.169367]}},{"type":"Feature","properties":{"sys":"ntdlrt","lineId":"V","lineKey":"ntdlrt|V","name":"淡江大學","color":"#FF2A00","colorDark":"#701d11","colorFaintLight":"#f7a993","colorFaintDark":"#451916","colorFaintSat":"#543522","colorHiddenLight":"#f4cab9","colorHiddenDark":"#2d1719","colorHiddenSat":"#3e3627","colorFollowDark":"#a4220b"},"geometry":{"type":"Point","coordinates":[121.456091,25.176964]}},{"type":"Feature","properties":{"sys":"ntdlrt","lineId":"V","lineKey":"ntdlrt|V","name":"淡金北新","color":"#FF2A00","colorDark":"#701d11","colorFaintLight":"#f7a993","colorFaintDark":"#451916","colorFaintSat":"#543522","colorHiddenLight":"#f4cab9","colorHiddenDark":"#2d1719","colorHiddenSat":"#3e3627","colorFollowDark":"#a4220b"},"geometry":{"type":"Point","coordinates":[121.45235,25.18111]}},{"type":"Feature","properties":{"sys":"ntdlrt","lineId":"V","lineKey":"ntdlrt|V","name":"新市一路","color":"#FF2A00","colorDark":"#701d11","colorFaintLight":"#f7a993","colorFaintDark":"#451916","colorFaintSat":"#543522","colorHiddenLight":"#f4cab9","colorHiddenDark":"#2d1719","colorHiddenSat":"#3e3627","colorFollowDark":"#a4220b"},"geometry":{"type":"Point","coordinates":[121.448262,25.183821]}},{"type":"Feature","properties":{"sys":"ntdlrt","lineId":"V","lineKey":"ntdlrt|V","name":"淡水行政中心","color":"#FF2A00","colorDark":"#701d11","colorFaintLight":"#f7a993","colorFaintDark":"#451916","colorFaintSat":"#543522","colorHiddenLight":"#f4cab9","colorHiddenDark":"#2d1719","colorHiddenSat":"#3e3627","colorFollowDark":"#a4220b"},"geometry":{"type":"Point","coordinates":[121.44448,25.188996]}},{"type":"Feature","properties":{"sys":"ntdlrt","lineId":"V","lineKey":"ntdlrt|V","name":"濱海義山","color":"#FF2A00","colorDark":"#701d11","colorFaintLight":"#f7a993","colorFaintDark":"#451916","colorFaintSat":"#543522","colorHiddenLight":"#f4cab9","colorHiddenDark":"#2d1719","colorHiddenSat":"#3e3627","colorFollowDark":"#a4220b"},"geometry":{"type":"Point","coordinates":[121.437381,25.189779]}},{"type":"Feature","properties":{"sys":"ntdlrt","lineId":"V","lineKey":"ntdlrt|V","name":"濱海沙崙","color":"#FF2A00","colorDark":"#701d11","colorFaintLight":"#f7a993","colorFaintDark":"#451916","colorFaintSat":"#543522","colorHiddenLight":"#f4cab9","colorHiddenDark":"#2d1719","colorHiddenSat":"#3e3627","colorFollowDark":"#a4220b"},"geometry":{"type":"Point","coordinates":[121.43159,25.190509]}},{"type":"Feature","properties":{"sys":"ntdlrt","lineId":"V","lineKey":"ntdlrt|V","name":"淡海新市鎮","color":"#FF2A00","colorDark":"#701d11","colorFaintLight":"#f7a993","colorFaintDark":"#451916","colorFaintSat":"#543522","colorHiddenLight":"#f4cab9","colorHiddenDark":"#2d1719","colorHiddenSat":"#3e3627","colorFollowDark":"#a4220b"},"geometry":{"type":"Point","coordinates":[121.432513,25.195679]}},{"type":"Feature","properties":{"sys":"ntdlrt","lineId":"V","lineKey":"ntdlrt|V","name":"崁頂","color":"#FF2A00","colorDark":"#701d11","colorFaintLight":"#f7a993","colorFaintDark":"#451916","colorFaintSat":"#543522","colorHiddenLight":"#f4cab9","colorHiddenDark":"#2d1719","colorHiddenSat":"#3e3627","colorFollowDark":"#a4220b"},"geometry":{"type":"Point","coordinates":[121.43466,25.200935]}},{"type":"Feature","properties":{"sys":"ntdlrt","lineId":"VB","lineKey":"ntdlrt|VB","name":"紅樹林","color":"#FF2A00","colorDark":"#701d11","colorFaintLight":"#f7a993","colorFaintDark":"#451916","colorFaintSat":"#543522","colorHiddenLight":"#f4cab9","colorHiddenDark":"#2d1719","colorHiddenSat":"#3e3627","colorFollowDark":"#a4220b"},"geometry":{"type":"Point","coordinates":[121.458956,25.155606]}},{"type":"Feature","properties":{"sys":"ntdlrt","lineId":"VB","lineKey":"ntdlrt|VB","name":"竿蓁林","color":"#FF2A00","colorDark":"#701d11","colorFaintLight":"#f7a993","colorFaintDark":"#451916","colorFaintSat":"#543522","colorHiddenLight":"#f4cab9","colorHiddenDark":"#2d1719","colorHiddenSat":"#3e3627","colorFollowDark":"#a4220b"},"geometry":{"type":"Point","coordinates":[121.456267,25.162413]}},{"type":"Feature","properties":{"sys":"ntdlrt","lineId":"VB","lineKey":"ntdlrt|VB","name":"淡金鄧公","color":"#FF2A00","colorDark":"#701d11","colorFaintLight":"#f7a993","colorFaintDark":"#451916","colorFaintSat":"#543522","colorHiddenLight":"#f4cab9","colorHiddenDark":"#2d1719","colorHiddenSat":"#3e3627","colorFollowDark":"#a4220b"},"geometry":{"type":"Point","coordinates":[121.460849,25.169367]}},{"type":"Feature","properties":{"sys":"ntdlrt","lineId":"VB","lineKey":"ntdlrt|VB","name":"淡江大學","color":"#FF2A00","colorDark":"#701d11","colorFaintLight":"#f7a993","colorFaintDark":"#451916","colorFaintSat":"#543522","colorHiddenLight":"#f4cab9","colorHiddenDark":"#2d1719","colorHiddenSat":"#3e3627","colorFollowDark":"#a4220b"},"geometry":{"type":"Point","coordinates":[121.456091,25.176964]}},{"type":"Feature","properties":{"sys":"ntdlrt","lineId":"VB","lineKey":"ntdlrt|VB","name":"淡金北新","color":"#FF2A00","colorDark":"#701d11","colorFaintLight":"#f7a993","colorFaintDark":"#451916","colorFaintSat":"#543522","colorHiddenLight":"#f4cab9","colorHiddenDark":"#2d1719","colorHiddenSat":"#3e3627","colorFollowDark":"#a4220b"},"geometry":{"type":"Point","coordinates":[121.45235,25.18111]}},{"type":"Feature","properties":{"sys":"ntdlrt","lineId":"VB","lineKey":"ntdlrt|VB","name":"新市一路","color":"#FF2A00","colorDark":"#701d11","colorFaintLight":"#f7a993","colorFaintDark":"#451916","colorFaintSat":"#543522","colorHiddenLight":"#f4cab9","colorHiddenDark":"#2d1719","colorHiddenSat":"#3e3627","colorFollowDark":"#a4220b"},"geometry":{"type":"Point","coordinates":[121.448262,25.183821]}},{"type":"Feature","properties":{"sys":"ntdlrt","lineId":"VB","lineKey":"ntdlrt|VB","name":"淡水行政中心","color":"#FF2A00","colorDark":"#701d11","colorFaintLight":"#f7a993","colorFaintDark":"#451916","colorFaintSat":"#543522","colorHiddenLight":"#f4cab9","colorHiddenDark":"#2d1719","colorHiddenSat":"#3e3627","colorFollowDark":"#a4220b"},"geometry":{"type":"Point","coordinates":[121.44448,25.188996]}},{"type":"Feature","properties":{"sys":"ntdlrt","lineId":"VB","lineKey":"ntdlrt|VB","name":"濱海義山","color":"#FF2A00","colorDark":"#701d11","colorFaintLight":"#f7a993","colorFaintDark":"#451916","colorFaintSat":"#543522","colorHiddenLight":"#f4cab9","colorHiddenDark":"#2d1719","colorHiddenSat":"#3e3627","colorFollowDark":"#a4220b"},"geometry":{"type":"Point","coordinates":[121.437381,25.189779]}},{"type":"Feature","properties":{"sys":"ntdlrt","lineId":"VB","lineKey":"ntdlrt|VB","name":"濱海沙崙","color":"#FF2A00","colorDark":"#701d11","colorFaintLight":"#f7a993","colorFaintDark":"#451916","colorFaintSat":"#543522","colorHiddenLight":"#f4cab9","colorHiddenDark":"#2d1719","colorHiddenSat":"#3e3627","colorFollowDark":"#a4220b"},"geometry":{"type":"Point","coordinates":[121.43159,25.190509]}},{"type":"Feature","properties":{"sys":"ntdlrt","lineId":"VB","lineKey":"ntdlrt|VB","name":"台北海洋大學","color":"#FF2A00","colorDark":"#701d11","colorFaintLight":"#f7a993","colorFaintDark":"#451916","colorFaintSat":"#543522","colorHiddenLight":"#f4cab9","colorHiddenDark":"#2d1719","colorHiddenSat":"#3e3627","colorFollowDark":"#a4220b"},"geometry":{"type":"Point","coordinates":[121.426371,25.191177]}},{"type":"Feature","properties":{"sys":"ntdlrt","lineId":"VB","lineKey":"ntdlrt|VB","name":"沙崙","color":"#FF2A00","colorDark":"#701d11","colorFaintLight":"#f7a993","colorFaintDark":"#451916","colorFaintSat":"#543522","colorHiddenLight":"#f4cab9","colorHiddenDark":"#2d1719","colorHiddenSat":"#3e3627","colorFollowDark":"#a4220b"},"geometry":{"type":"Point","coordinates":[121.417308,25.187559]}},{"type":"Feature","properties":{"sys":"ntdlrt","lineId":"VB","lineKey":"ntdlrt|VB","name":"淡水漁人碼頭","color":"#FF2A00","colorDark":"#701d11","colorFaintLight":"#f7a993","colorFaintDark":"#451916","colorFaintSat":"#543522","colorHiddenLight":"#f4cab9","colorHiddenDark":"#2d1719","colorHiddenSat":"#3e3627","colorFollowDark":"#a4220b"},"geometry":{"type":"Point","coordinates":[121.418677,25.182094]}},{"type":"Feature","properties":{"sys":"ntalrt","lineId":"K","lineKey":"ntalrt|K","name":"雙城","color":"#9E925E","colorDark":"#494636","colorFaintLight":"#d5cdb4","colorFaintDark":"#2f302b","colorFaintSat":"#3f4c37","colorHiddenLight":"#e3ddca","colorHiddenDark":"#212324","colorHiddenSat":"#334332","colorFollowDark":"#686245"},"geometry":{"type":"Point","coordinates":[121.489682,24.946319]}},{"type":"Feature","properties":{"sys":"ntalrt","lineId":"K","lineKey":"ntalrt|K","name":"玫瑰中國城","color":"#9E925E","colorDark":"#494636","colorFaintLight":"#d5cdb4","colorFaintDark":"#2f302b","colorFaintSat":"#3f4c37","colorHiddenLight":"#e3ddca","colorHiddenDark":"#212324","colorHiddenSat":"#334332","colorFollowDark":"#686245"},"geometry":{"type":"Point","coordinates":[121.493894,24.950729]}},{"type":"Feature","properties":{"sys":"ntalrt","lineId":"K","lineKey":"ntalrt|K","name":"台北小城","color":"#9E925E","colorDark":"#494636","colorFaintLight":"#d5cdb4","colorFaintDark":"#2f302b","colorFaintSat":"#3f4c37","colorHiddenLight":"#e3ddca","colorHiddenDark":"#212324","colorHiddenSat":"#334332","colorFollowDark":"#686245"},"geometry":{"type":"Point","coordinates":[121.499374,24.95368]}},{"type":"Feature","properties":{"sys":"ntalrt","lineId":"K","lineKey":"ntalrt|K","name":"耕莘安康院區","color":"#9E925E","colorDark":"#494636","colorFaintLight":"#d5cdb4","colorFaintDark":"#2f302b","colorFaintSat":"#3f4c37","colorHiddenLight":"#e3ddca","colorHiddenDark":"#212324","colorHiddenSat":"#334332","colorFollowDark":"#686245"},"geometry":{"type":"Point","coordinates":[121.504803,24.954456]}},{"type":"Feature","properties":{"sys":"ntalrt","lineId":"K","lineKey":"ntalrt|K","name":"景文科大","color":"#9E925E","colorDark":"#494636","colorFaintLight":"#d5cdb4","colorFaintDark":"#2f302b","colorFaintSat":"#3f4c37","colorHiddenLight":"#e3ddca","colorHiddenDark":"#212324","colorHiddenSat":"#334332","colorFollowDark":"#686245"},"geometry":{"type":"Point","coordinates":[121.510384,24.955508]}},{"type":"Feature","properties":{"sys":"ntalrt","lineId":"K","lineKey":"ntalrt|K","name":"安康","color":"#9E925E","colorDark":"#494636","colorFaintLight":"#d5cdb4","colorFaintDark":"#2f302b","colorFaintSat":"#3f4c37","colorHiddenLight":"#e3ddca","colorHiddenDark":"#212324","colorHiddenSat":"#334332","colorFollowDark":"#686245"},"geometry":{"type":"Point","coordinates":[121.517291,24.965213]}},{"type":"Feature","properties":{"sys":"ntalrt","lineId":"K","lineKey":"ntalrt|K","name":"陽光運動公園","color":"#9E925E","colorDark":"#494636","colorFaintLight":"#d5cdb4","colorFaintDark":"#2f302b","colorFaintSat":"#3f4c37","colorHiddenLight":"#e3ddca","colorHiddenDark":"#212324","colorHiddenSat":"#334332","colorFollowDark":"#686245"},"geometry":{"type":"Point","coordinates":[121.519548,24.972342]}},{"type":"Feature","properties":{"sys":"ntalrt","lineId":"K","lineKey":"ntalrt|K","name":"新和國小","color":"#9E925E","colorDark":"#494636","colorFaintLight":"#d5cdb4","colorFaintDark":"#2f302b","colorFaintSat":"#3f4c37","colorHiddenLight":"#e3ddca","colorHiddenDark":"#212324","colorHiddenSat":"#334332","colorFollowDark":"#686245"},"geometry":{"type":"Point","coordinates":[121.518449,24.983412]}},{"type":"Feature","properties":{"sys":"ntalrt","lineId":"K","lineKey":"ntalrt|K","name":"十四張","color":"#9E925E","colorDark":"#494636","colorFaintLight":"#d5cdb4","colorFaintDark":"#2f302b","colorFaintSat":"#3f4c37","colorHiddenLight":"#e3ddca","colorHiddenDark":"#212324","colorHiddenSat":"#334332","colorFollowDark":"#686245"},"geometry":{"type":"Point","coordinates":[121.52727,24.984351]}},{"type":"Feature","properties":{"sys":"sanying","lineId":"LB","lineKey":"sanying|LB","name":"頂埔","color":"#79BCE8","colorDark":"#3a576e","colorFaintLight":"#c8dce4","colorFaintDark":"#273949","colorFaintSat":"#375555","colorHiddenLight":"#dce4e3","colorHiddenDark":"#1d2834","colorHiddenSat":"#2e4843","colorFollowDark":"#517c9a"},"geometry":{"type":"Point","coordinates":[121.419393,24.959561]}},{"type":"Feature","properties":{"sys":"sanying","lineId":"LB","lineKey":"sanying|LB","name":"媽祖田","color":"#79BCE8","colorDark":"#3a576e","colorFaintLight":"#c8dce4","colorFaintDark":"#273949","colorFaintSat":"#375555","colorHiddenLight":"#dce4e3","colorHiddenDark":"#1d2834","colorHiddenSat":"#2e4843","colorFollowDark":"#517c9a"},"geometry":{"type":"Point","coordinates":[121.412131,24.953419]}},{"type":"Feature","properties":{"sys":"sanying","lineId":"LB","lineKey":"sanying|LB","name":"長壽山","color":"#79BCE8","colorDark":"#3a576e","colorFaintLight":"#c8dce4","colorFaintDark":"#273949","colorFaintSat":"#375555","colorHiddenLight":"#dce4e3","colorHiddenDark":"#1d2834","colorHiddenSat":"#2e4843","colorFollowDark":"#517c9a"},"geometry":{"type":"Point","coordinates":[121.402606,24.944156]}},{"type":"Feature","properties":{"sys":"sanying","lineId":"LB","lineKey":"sanying|LB","name":"橫溪","color":"#79BCE8","colorDark":"#3a576e","colorFaintLight":"#c8dce4","colorFaintDark":"#273949","colorFaintSat":"#375555","colorHiddenLight":"#dce4e3","colorHiddenDark":"#1d2834","colorHiddenSat":"#2e4843","colorFollowDark":"#517c9a"},"geometry":{"type":"Point","coordinates":[121.391292,24.937408]}},{"type":"Feature","properties":{"sys":"sanying","lineId":"LB","lineKey":"sanying|LB","name":"龍埔","color":"#79BCE8","colorDark":"#3a576e","colorFaintLight":"#c8dce4","colorFaintDark":"#273949","colorFaintSat":"#375555","colorHiddenLight":"#dce4e3","colorHiddenDark":"#1d2834","colorHiddenSat":"#2e4843","colorFollowDark":"#517c9a"},"geometry":{"type":"Point","coordinates":[121.384678,24.939842]}},{"type":"Feature","properties":{"sys":"sanying","lineId":"LB","lineKey":"sanying|LB","name":"三峽","color":"#79BCE8","colorDark":"#3a576e","colorFaintLight":"#c8dce4","colorFaintDark":"#273949","colorFaintSat":"#375555","colorHiddenLight":"#dce4e3","colorHiddenDark":"#1d2834","colorHiddenSat":"#2e4843","colorFollowDark":"#517c9a"},"geometry":{"type":"Point","coordinates":[121.376439,24.938914]}},{"type":"Feature","properties":{"sys":"sanying","lineId":"LB","lineKey":"sanying|LB","name":"臺北大學","color":"#79BCE8","colorDark":"#3a576e","colorFaintLight":"#c8dce4","colorFaintDark":"#273949","colorFaintSat":"#375555","colorHiddenLight":"#dce4e3","colorHiddenDark":"#1d2834","colorHiddenSat":"#2e4843","colorFollowDark":"#517c9a"},"geometry":{"type":"Point","coordinates":[121.367158,24.93896]}},{"type":"Feature","properties":{"sys":"sanying","lineId":"LB","lineKey":"sanying|LB","name":"鶯歌車站","color":"#79BCE8","colorDark":"#3a576e","colorFaintLight":"#c8dce4","colorFaintDark":"#273949","colorFaintSat":"#375555","colorHiddenLight":"#dce4e3","colorHiddenDark":"#1d2834","colorHiddenSat":"#2e4843","colorFollowDark":"#517c9a"},"geometry":{"type":"Point","coordinates":[121.356502,24.953149]}},{"type":"Feature","properties":{"sys":"sanying","lineId":"LB","lineKey":"sanying|LB","name":"陶瓷老街","color":"#79BCE8","colorDark":"#3a576e","colorFaintLight":"#c8dce4","colorFaintDark":"#273949","colorFaintSat":"#375555","colorHiddenLight":"#dce4e3","colorHiddenDark":"#1d2834","colorHiddenSat":"#2e4843","colorFollowDark":"#517c9a"},"geometry":{"type":"Point","coordinates":[121.349469,24.952532]}},{"type":"Feature","properties":{"sys":"sanying","lineId":"LB","lineKey":"sanying|LB","name":"國華","color":"#79BCE8","colorDark":"#3a576e","colorFaintLight":"#c8dce4","colorFaintDark":"#273949","colorFaintSat":"#375555","colorHiddenLight":"#dce4e3","colorHiddenDark":"#1d2834","colorHiddenSat":"#2e4843","colorFollowDark":"#517c9a"},"geometry":{"type":"Point","coordinates":[121.342384,24.954645]}},{"type":"Feature","properties":{"sys":"sanying","lineId":"LB","lineKey":"sanying|LB","name":"永吉公園","color":"#79BCE8","colorDark":"#3a576e","colorFaintLight":"#c8dce4","colorFaintDark":"#273949","colorFaintSat":"#375555","colorHiddenLight":"#dce4e3","colorHiddenDark":"#1d2834","colorHiddenSat":"#2e4843","colorFollowDark":"#517c9a"},"geometry":{"type":"Point","coordinates":[121.334471,24.960753]}},{"type":"Feature","properties":{"sys":"sanying","lineId":"LB","lineKey":"sanying|LB","name":"鶯桃福德","color":"#79BCE8","colorDark":"#3a576e","colorFaintLight":"#c8dce4","colorFaintDark":"#273949","colorFaintSat":"#375555","colorHiddenLight":"#dce4e3","colorHiddenDark":"#1d2834","colorHiddenSat":"#2e4843","colorFollowDark":"#517c9a"},"geometry":{"type":"Point","coordinates":[121.32988,24.966759]}},{"type":"Feature","properties":{"sys":"krtc","lineId":"KR","lineKey":"krtc|KR","name":"小港","color":"#E4002B","colorDark":"#650c22","colorFaintLight":"#ed9aa2","colorFaintDark":"#3f101f","colorFaintSat":"#4e2c2c","colorHiddenLight":"#efc2c1","colorHiddenDark":"#29121e","colorHiddenSat":"#3b312c","colorFollowDark":"#930825"},"geometry":{"type":"Point","coordinates":[120.353569,22.56476]}},{"type":"Feature","properties":{"sys":"krtc","lineId":"KR","lineKey":"krtc|KR","name":"高雄國際機場","color":"#E4002B","colorDark":"#650c22","colorFaintLight":"#ed9aa2","colorFaintDark":"#3f101f","colorFaintSat":"#4e2c2c","colorHiddenLight":"#efc2c1","colorHiddenDark":"#29121e","colorHiddenSat":"#3b312c","colorFollowDark":"#930825"},"geometry":{"type":"Point","coordinates":[120.341769,22.570062]}},{"type":"Feature","properties":{"sys":"krtc","lineId":"KR","lineKey":"krtc|KR","name":"草衙","color":"#E4002B","colorDark":"#650c22","colorFaintLight":"#ed9aa2","colorFaintDark":"#3f101f","colorFaintSat":"#4e2c2c","colorHiddenLight":"#efc2c1","colorHiddenDark":"#29121e","colorHiddenSat":"#3b312c","colorFollowDark":"#930825"},"geometry":{"type":"Point","coordinates":[120.328449,22.580268]}},{"type":"Feature","properties":{"sys":"krtc","lineId":"KR","lineKey":"krtc|KR","name":"前鎮高中","color":"#E4002B","colorDark":"#650c22","colorFaintLight":"#ed9aa2","colorFaintDark":"#3f101f","colorFaintSat":"#4e2c2c","colorHiddenLight":"#efc2c1","colorHiddenDark":"#29121e","colorHiddenSat":"#3b312c","colorFollowDark":"#930825"},"geometry":{"type":"Point","coordinates":[120.321651,22.588456]}},{"type":"Feature","properties":{"sys":"krtc","lineId":"KR","lineKey":"krtc|KR","name":"凱旋","color":"#E4002B","colorDark":"#650c22","colorFaintLight":"#ed9aa2","colorFaintDark":"#3f101f","colorFaintSat":"#4e2c2c","colorHiddenLight":"#efc2c1","colorHiddenDark":"#29121e","colorHiddenSat":"#3b312c","colorFollowDark":"#930825"},"geometry":{"type":"Point","coordinates":[120.315052,22.596718]}},{"type":"Feature","properties":{"sys":"krtc","lineId":"KR","lineKey":"krtc|KR","name":"獅甲","color":"#E4002B","colorDark":"#650c22","colorFaintLight":"#ed9aa2","colorFaintDark":"#3f101f","colorFaintSat":"#4e2c2c","colorHiddenLight":"#efc2c1","colorHiddenDark":"#29121e","colorHiddenSat":"#3b312c","colorFollowDark":"#930825"},"geometry":{"type":"Point","coordinates":[120.307954,22.605966]}},{"type":"Feature","properties":{"sys":"krtc","lineId":"KR","lineKey":"krtc|KR","name":"三多商圈","color":"#E4002B","colorDark":"#650c22","colorFaintLight":"#ed9aa2","colorFaintDark":"#3f101f","colorFaintSat":"#4e2c2c","colorHiddenLight":"#efc2c1","colorHiddenDark":"#29121e","colorHiddenSat":"#3b312c","colorFollowDark":"#930825"},"geometry":{"type":"Point","coordinates":[120.304421,22.613927]}},{"type":"Feature","properties":{"sys":"krtc","lineId":"KR","lineKey":"krtc|KR","name":"中央公園","color":"#E4002B","colorDark":"#650c22","colorFaintLight":"#ed9aa2","colorFaintDark":"#3f101f","colorFaintSat":"#4e2c2c","colorHiddenLight":"#efc2c1","colorHiddenDark":"#29121e","colorHiddenSat":"#3b312c","colorFollowDark":"#930825"},"geometry":{"type":"Point","coordinates":[120.301066,22.624852]}},{"type":"Feature","properties":{"sys":"krtc","lineId":"KR","lineKey":"krtc|KR","name":"美麗島","color":"#E4002B","colorDark":"#650c22","colorFaintLight":"#ed9aa2","colorFaintDark":"#3f101f","colorFaintSat":"#4e2c2c","colorHiddenLight":"#efc2c1","colorHiddenDark":"#29121e","colorHiddenSat":"#3b312c","colorFollowDark":"#930825"},"geometry":{"type":"Point","coordinates":[120.301992,22.631365]}},{"type":"Feature","properties":{"sys":"krtc","lineId":"KR","lineKey":"krtc|KR","name":"高雄車站","color":"#E4002B","colorDark":"#650c22","colorFaintLight":"#ed9aa2","colorFaintDark":"#3f101f","colorFaintSat":"#4e2c2c","colorHiddenLight":"#efc2c1","colorHiddenDark":"#29121e","colorHiddenSat":"#3b312c","colorFollowDark":"#930825"},"geometry":{"type":"Point","coordinates":[120.302529,22.639707]}},{"type":"Feature","properties":{"sys":"krtc","lineId":"KR","lineKey":"krtc|KR","name":"後驛","color":"#E4002B","colorDark":"#650c22","colorFaintLight":"#ed9aa2","colorFaintDark":"#3f101f","colorFaintSat":"#4e2c2c","colorHiddenLight":"#efc2c1","colorHiddenDark":"#29121e","colorHiddenSat":"#3b312c","colorFollowDark":"#930825"},"geometry":{"type":"Point","coordinates":[120.30325,22.648506]}},{"type":"Feature","properties":{"sys":"krtc","lineId":"KR","lineKey":"krtc|KR","name":"凹子底","color":"#E4002B","colorDark":"#650c22","colorFaintLight":"#ed9aa2","colorFaintDark":"#3f101f","colorFaintSat":"#4e2c2c","colorHiddenLight":"#efc2c1","colorHiddenDark":"#29121e","colorHiddenSat":"#3b312c","colorFollowDark":"#930825"},"geometry":{"type":"Point","coordinates":[120.303018,22.657261]}},{"type":"Feature","properties":{"sys":"krtc","lineId":"KR","lineKey":"krtc|KR","name":"巨蛋","color":"#E4002B","colorDark":"#650c22","colorFaintLight":"#ed9aa2","colorFaintDark":"#3f101f","colorFaintSat":"#4e2c2c","colorHiddenLight":"#efc2c1","colorHiddenDark":"#29121e","colorHiddenSat":"#3b312c","colorFollowDark":"#930825"},"geometry":{"type":"Point","coordinates":[120.303273,22.66616]}},{"type":"Feature","properties":{"sys":"krtc","lineId":"KR","lineKey":"krtc|KR","name":"生態園區","color":"#E4002B","colorDark":"#650c22","colorFaintLight":"#ed9aa2","colorFaintDark":"#3f101f","colorFaintSat":"#4e2c2c","colorHiddenLight":"#efc2c1","colorHiddenDark":"#29121e","colorHiddenSat":"#3b312c","colorFollowDark":"#930825"},"geometry":{"type":"Point","coordinates":[120.306483,22.676767]}},{"type":"Feature","properties":{"sys":"krtc","lineId":"KR","lineKey":"krtc|KR","name":"左營","color":"#E4002B","colorDark":"#650c22","colorFaintLight":"#ed9aa2","colorFaintDark":"#3f101f","colorFaintSat":"#4e2c2c","colorHiddenLight":"#efc2c1","colorHiddenDark":"#29121e","colorHiddenSat":"#3b312c","colorFollowDark":"#930825"},"geometry":{"type":"Point","coordinates":[120.308734,22.688241]}},{"type":"Feature","properties":{"sys":"krtc","lineId":"KR","lineKey":"krtc|KR","name":"世運","color":"#E4002B","colorDark":"#650c22","colorFaintLight":"#ed9aa2","colorFaintDark":"#3f101f","colorFaintSat":"#4e2c2c","colorHiddenLight":"#efc2c1","colorHiddenDark":"#29121e","colorHiddenSat":"#3b312c","colorFollowDark":"#930825"},"geometry":{"type":"Point","coordinates":[120.302444,22.701837]}},{"type":"Feature","properties":{"sys":"krtc","lineId":"KR","lineKey":"krtc|KR","name":"油廠國小","color":"#E4002B","colorDark":"#650c22","colorFaintLight":"#ed9aa2","colorFaintDark":"#3f101f","colorFaintSat":"#4e2c2c","colorHiddenLight":"#efc2c1","colorHiddenDark":"#29121e","colorHiddenSat":"#3b312c","colorFollowDark":"#930825"},"geometry":{"type":"Point","coordinates":[120.302268,22.708871]}},{"type":"Feature","properties":{"sys":"krtc","lineId":"KR","lineKey":"krtc|KR","name":"楠梓科技園區","color":"#E4002B","colorDark":"#650c22","colorFaintLight":"#ed9aa2","colorFaintDark":"#3f101f","colorFaintSat":"#4e2c2c","colorHiddenLight":"#efc2c1","colorHiddenDark":"#29121e","colorHiddenSat":"#3b312c","colorFollowDark":"#930825"},"geometry":{"type":"Point","coordinates":[120.307182,22.718793]}},{"type":"Feature","properties":{"sys":"krtc","lineId":"KR","lineKey":"krtc|KR","name":"後勁","color":"#E4002B","colorDark":"#650c22","colorFaintLight":"#ed9aa2","colorFaintDark":"#3f101f","colorFaintSat":"#4e2c2c","colorHiddenLight":"#efc2c1","colorHiddenDark":"#29121e","colorHiddenSat":"#3b312c","colorFollowDark":"#930825"},"geometry":{"type":"Point","coordinates":[120.316367,22.722331]}},{"type":"Feature","properties":{"sys":"krtc","lineId":"KR","lineKey":"krtc|KR","name":"都會公園","color":"#E4002B","colorDark":"#650c22","colorFaintLight":"#ed9aa2","colorFaintDark":"#3f101f","colorFaintSat":"#4e2c2c","colorHiddenLight":"#efc2c1","colorHiddenDark":"#29121e","colorHiddenSat":"#3b312c","colorFollowDark":"#930825"},"geometry":{"type":"Point","coordinates":[120.320999,22.729525]}},{"type":"Feature","properties":{"sys":"krtc","lineId":"KR","lineKey":"krtc|KR","name":"青埔","color":"#E4002B","colorDark":"#650c22","colorFaintLight":"#ed9aa2","colorFaintDark":"#3f101f","colorFaintSat":"#4e2c2c","colorHiddenLight":"#efc2c1","colorHiddenDark":"#29121e","colorHiddenSat":"#3b312c","colorFollowDark":"#930825"},"geometry":{"type":"Point","coordinates":[120.317771,22.744345]}},{"type":"Feature","properties":{"sys":"krtc","lineId":"KR","lineKey":"krtc|KR","name":"橋頭糖廠","color":"#E4002B","colorDark":"#650c22","colorFaintLight":"#ed9aa2","colorFaintDark":"#3f101f","colorFaintSat":"#4e2c2c","colorHiddenLight":"#efc2c1","colorHiddenDark":"#29121e","colorHiddenSat":"#3b312c","colorFollowDark":"#930825"},"geometry":{"type":"Point","coordinates":[120.314805,22.753212]}},{"type":"Feature","properties":{"sys":"krtc","lineId":"KR","lineKey":"krtc|KR","name":"橋頭火車站","color":"#E4002B","colorDark":"#650c22","colorFaintLight":"#ed9aa2","colorFaintDark":"#3f101f","colorFaintSat":"#4e2c2c","colorHiddenLight":"#efc2c1","colorHiddenDark":"#29121e","colorHiddenSat":"#3b312c","colorFollowDark":"#930825"},"geometry":{"type":"Point","coordinates":[120.311072,22.760295]}},{"type":"Feature","properties":{"sys":"krtc","lineId":"KR","lineKey":"krtc|KR","name":"岡山高醫","color":"#E4002B","colorDark":"#650c22","colorFaintLight":"#ed9aa2","colorFaintDark":"#3f101f","colorFaintSat":"#4e2c2c","colorHiddenLight":"#efc2c1","colorHiddenDark":"#29121e","colorHiddenSat":"#3b312c","colorFollowDark":"#930825"},"geometry":{"type":"Point","coordinates":[120.301875,22.78064]}},{"type":"Feature","properties":{"sys":"krtc","lineId":"KR","lineKey":"krtc|KR","name":"岡山車站","color":"#E4002B","colorDark":"#650c22","colorFaintLight":"#ed9aa2","colorFaintDark":"#3f101f","colorFaintSat":"#4e2c2c","colorHiddenLight":"#efc2c1","colorHiddenDark":"#29121e","colorHiddenSat":"#3b312c","colorFollowDark":"#930825"},"geometry":{"type":"Point","coordinates":[120.299083,22.792436]}},{"type":"Feature","properties":{"sys":"krtc","lineId":"KO","lineKey":"krtc|KO","name":"哈瑪星","color":"#F8981D","colorDark":"#6d491c","colorFaintLight":"#f4cf9d","colorFaintDark":"#43311c","colorFaintSat":"#534d29","colorHiddenLight":"#f3debf","colorHiddenDark":"#2c241c","colorHiddenSat":"#3d442a","colorFollowDark":"#a0661d"},"geometry":{"type":"Point","coordinates":[120.274504,22.621485]}},{"type":"Feature","properties":{"sys":"krtc","lineId":"KO","lineKey":"krtc|KO","name":"鹽埕埔","color":"#F8981D","colorDark":"#6d491c","colorFaintLight":"#f4cf9d","colorFaintDark":"#43311c","colorFaintSat":"#534d29","colorHiddenLight":"#f3debf","colorHiddenDark":"#2c241c","colorHiddenSat":"#3d442a","colorFollowDark":"#a0661d"},"geometry":{"type":"Point","coordinates":[120.283782,22.623498]}},{"type":"Feature","properties":{"sys":"krtc","lineId":"KO","lineKey":"krtc|KO","name":"前金","color":"#F8981D","colorDark":"#6d491c","colorFaintLight":"#f4cf9d","colorFaintDark":"#43311c","colorFaintSat":"#534d29","colorHiddenLight":"#f3debf","colorHiddenDark":"#2c241c","colorHiddenSat":"#3d442a","colorFollowDark":"#a0661d"},"geometry":{"type":"Point","coordinates":[120.294763,22.62894]}},{"type":"Feature","properties":{"sys":"krtc","lineId":"KO","lineKey":"krtc|KO","name":"美麗島","color":"#F8981D","colorDark":"#6d491c","colorFaintLight":"#f4cf9d","colorFaintDark":"#43311c","colorFaintSat":"#534d29","colorHiddenLight":"#f3debf","colorHiddenDark":"#2c241c","colorHiddenSat":"#3d442a","colorFollowDark":"#a0661d"},"geometry":{"type":"Point","coordinates":[120.303254,22.631283]}},{"type":"Feature","properties":{"sys":"krtc","lineId":"KO","lineKey":"krtc|KO","name":"信義國小","color":"#F8981D","colorDark":"#6d491c","colorFaintLight":"#f4cf9d","colorFaintDark":"#43311c","colorFaintSat":"#534d29","colorHiddenLight":"#f3debf","colorHiddenDark":"#2c241c","colorHiddenSat":"#3d442a","colorFollowDark":"#a0661d"},"geometry":{"type":"Point","coordinates":[120.311391,22.63068]}},{"type":"Feature","properties":{"sys":"krtc","lineId":"KO","lineKey":"krtc|KO","name":"文化中心","color":"#F8981D","colorDark":"#6d491c","colorFaintLight":"#f4cf9d","colorFaintDark":"#43311c","colorFaintSat":"#534d29","colorHiddenLight":"#f3debf","colorHiddenDark":"#2c241c","colorHiddenSat":"#3d442a","colorFollowDark":"#a0661d"},"geometry":{"type":"Point","coordinates":[120.317629,22.630197]}},{"type":"Feature","properties":{"sys":"krtc","lineId":"KO","lineKey":"krtc|KO","name":"五塊厝","color":"#F8981D","colorDark":"#6d491c","colorFaintLight":"#f4cf9d","colorFaintDark":"#43311c","colorFaintSat":"#534d29","colorHiddenLight":"#f3debf","colorHiddenDark":"#2c241c","colorHiddenSat":"#3d442a","colorFollowDark":"#a0661d"},"geometry":{"type":"Point","coordinates":[120.32773,22.629411]}},{"type":"Feature","properties":{"sys":"krtc","lineId":"KO","lineKey":"krtc|KO","name":"苓雅運動園區","color":"#F8981D","colorDark":"#6d491c","colorFaintLight":"#f4cf9d","colorFaintDark":"#43311c","colorFaintSat":"#534d29","colorHiddenLight":"#f3debf","colorHiddenDark":"#2c241c","colorHiddenSat":"#3d442a","colorFollowDark":"#a0661d"},"geometry":{"type":"Point","coordinates":[120.334652,22.627203]}},{"type":"Feature","properties":{"sys":"krtc","lineId":"KO","lineKey":"krtc|KO","name":"衛武營","color":"#F8981D","colorDark":"#6d491c","colorFaintLight":"#f4cf9d","colorFaintDark":"#43311c","colorFaintSat":"#534d29","colorHiddenLight":"#f3debf","colorHiddenDark":"#2c241c","colorHiddenSat":"#3d442a","colorFollowDark":"#a0661d"},"geometry":{"type":"Point","coordinates":[120.341041,22.625042]}},{"type":"Feature","properties":{"sys":"krtc","lineId":"KO","lineKey":"krtc|KO","name":"鳳山西站","color":"#F8981D","colorDark":"#6d491c","colorFaintLight":"#f4cf9d","colorFaintDark":"#43311c","colorFaintSat":"#534d29","colorHiddenLight":"#f3debf","colorHiddenDark":"#2c241c","colorHiddenSat":"#3d442a","colorFollowDark":"#a0661d"},"geometry":{"type":"Point","coordinates":[120.348114,22.625304]}},{"type":"Feature","properties":{"sys":"krtc","lineId":"KO","lineKey":"krtc|KO","name":"鳳山","color":"#F8981D","colorDark":"#6d491c","colorFaintLight":"#f4cf9d","colorFaintDark":"#43311c","colorFaintSat":"#534d29","colorHiddenLight":"#f3debf","colorHiddenDark":"#2c241c","colorHiddenSat":"#3d442a","colorFollowDark":"#a0661d"},"geometry":{"type":"Point","coordinates":[120.355166,22.625964]}},{"type":"Feature","properties":{"sys":"krtc","lineId":"KO","lineKey":"krtc|KO","name":"大東","color":"#F8981D","colorDark":"#6d491c","colorFaintLight":"#f4cf9d","colorFaintDark":"#43311c","colorFaintSat":"#534d29","colorHiddenLight":"#f3debf","colorHiddenDark":"#2c241c","colorHiddenSat":"#3d442a","colorFollowDark":"#a0661d"},"geometry":{"type":"Point","coordinates":[120.363493,22.625163]}},{"type":"Feature","properties":{"sys":"krtc","lineId":"KO","lineKey":"krtc|KO","name":"鳳山國中","color":"#F8981D","colorDark":"#6d491c","colorFaintLight":"#f4cf9d","colorFaintDark":"#43311c","colorFaintSat":"#534d29","colorHiddenLight":"#f3debf","colorHiddenDark":"#2c241c","colorHiddenSat":"#3d442a","colorFollowDark":"#a0661d"},"geometry":{"type":"Point","coordinates":[120.371475,22.624364]}},{"type":"Feature","properties":{"sys":"krtc","lineId":"KO","lineKey":"krtc|KO","name":"大寮","color":"#F8981D","colorDark":"#6d491c","colorFaintLight":"#f4cf9d","colorFaintDark":"#43311c","colorFaintSat":"#534d29","colorHiddenLight":"#f3debf","colorHiddenDark":"#2c241c","colorHiddenSat":"#3d442a","colorFollowDark":"#a0661d"},"geometry":{"type":"Point","coordinates":[120.390509,22.622129]}},{"type":"Feature","properties":{"sys":"krtc","lineId":"C","lineKey":"krtc|C","name":"籬仔內","color":"#77C043","colorDark":"#39592c","colorFaintLight":"#c7ddaa","colorFaintDark":"#273a25","colorFaintSat":"#365631","colorHiddenLight":"#dce5c5","colorHiddenDark":"#1c2921","colorHiddenSat":"#2e482f","colorFollowDark":"#507f34"},"geometry":{"type":"Point","coordinates":[120.32462,22.604634]}},{"type":"Feature","properties":{"sys":"krtc","lineId":"C","lineKey":"krtc|C","name":"凱旋瑞田","color":"#77C043","colorDark":"#39592c","colorFaintLight":"#c7ddaa","colorFaintDark":"#273a25","colorFaintSat":"#365631","colorHiddenLight":"#dce5c5","colorHiddenDark":"#1c2921","colorHiddenSat":"#2e482f","colorFollowDark":"#507f34"},"geometry":{"type":"Point","coordinates":[120.319768,22.599562]}},{"type":"Feature","properties":{"sys":"krtc","lineId":"C","lineKey":"krtc|C","name":"前鎮之星","color":"#77C043","colorDark":"#39592c","colorFaintLight":"#c7ddaa","colorFaintDark":"#273a25","colorFaintSat":"#365631","colorHiddenLight":"#dce5c5","colorHiddenDark":"#1c2921","colorHiddenSat":"#2e482f","colorFollowDark":"#507f34"},"geometry":{"type":"Point","coordinates":[120.315372,22.595498]}},{"type":"Feature","properties":{"sys":"krtc","lineId":"C","lineKey":"krtc|C","name":"凱旋中華","color":"#77C043","colorDark":"#39592c","colorFaintLight":"#c7ddaa","colorFaintDark":"#273a25","colorFaintSat":"#365631","colorHiddenLight":"#dce5c5","colorHiddenDark":"#1c2921","colorHiddenSat":"#2e482f","colorFollowDark":"#507f34"},"geometry":{"type":"Point","coordinates":[120.310529,22.593625]}},{"type":"Feature","properties":{"sys":"krtc","lineId":"C","lineKey":"krtc|C","name":"夢時代","color":"#77C043","colorDark":"#39592c","colorFaintLight":"#c7ddaa","colorFaintDark":"#273a25","colorFaintSat":"#365631","colorHiddenLight":"#dce5c5","colorHiddenDark":"#1c2921","colorHiddenSat":"#2e482f","colorFollowDark":"#507f34"},"geometry":{"type":"Point","coordinates":[120.304979,22.594878]}},{"type":"Feature","properties":{"sys":"krtc","lineId":"C","lineKey":"krtc|C","name":"經貿園區","color":"#77C043","colorDark":"#39592c","colorFaintLight":"#c7ddaa","colorFaintDark":"#273a25","colorFaintSat":"#365631","colorHiddenLight":"#dce5c5","colorHiddenDark":"#1c2921","colorHiddenSat":"#2e482f","colorFollowDark":"#507f34"},"geometry":{"type":"Point","coordinates":[120.302633,22.600952]}},{"type":"Feature","properties":{"sys":"krtc","lineId":"C","lineKey":"krtc|C","name":"軟體園區","color":"#77C043","colorDark":"#39592c","colorFaintLight":"#c7ddaa","colorFaintDark":"#273a25","colorFaintSat":"#365631","colorHiddenLight":"#dce5c5","colorHiddenDark":"#1c2921","colorHiddenSat":"#2e482f","colorFollowDark":"#507f34"},"geometry":{"type":"Point","coordinates":[120.300826,22.605682]}},{"type":"Feature","properties":{"sys":"krtc","lineId":"C","lineKey":"krtc|C","name":"高雄展覽館","color":"#77C043","colorDark":"#39592c","colorFaintLight":"#c7ddaa","colorFaintDark":"#273a25","colorFaintSat":"#365631","colorHiddenLight":"#dce5c5","colorHiddenDark":"#1c2921","colorHiddenSat":"#2e482f","colorFollowDark":"#507f34"},"geometry":{"type":"Point","coordinates":[120.298025,22.610125]}},{"type":"Feature","properties":{"sys":"krtc","lineId":"C","lineKey":"krtc|C","name":"旅運中心","color":"#77C043","colorDark":"#39592c","colorFaintLight":"#c7ddaa","colorFaintDark":"#273a25","colorFaintSat":"#365631","colorHiddenLight":"#dce5c5","colorHiddenDark":"#1c2921","colorHiddenSat":"#2e482f","colorFollowDark":"#507f34"},"geometry":{"type":"Point","coordinates":[120.293436,22.611609]}},{"type":"Feature","properties":{"sys":"krtc","lineId":"C","lineKey":"krtc|C","name":"光榮碼頭","color":"#77C043","colorDark":"#39592c","colorFaintLight":"#c7ddaa","colorFaintDark":"#273a25","colorFaintSat":"#365631","colorHiddenLight":"#dce5c5","colorHiddenDark":"#1c2921","colorHiddenSat":"#2e482f","colorFollowDark":"#507f34"},"geometry":{"type":"Point","coordinates":[120.293235,22.616805]}},{"type":"Feature","properties":{"sys":"krtc","lineId":"C","lineKey":"krtc|C","name":"真愛碼頭","color":"#77C043","colorDark":"#39592c","colorFaintLight":"#c7ddaa","colorFaintDark":"#273a25","colorFaintSat":"#365631","colorHiddenLight":"#dce5c5","colorHiddenDark":"#1c2921","colorHiddenSat":"#2e482f","colorFollowDark":"#507f34"},"geometry":{"type":"Point","coordinates":[120.289463,22.619326]}},{"type":"Feature","properties":{"sys":"krtc","lineId":"C","lineKey":"krtc|C","name":"駁二大義","color":"#77C043","colorDark":"#39592c","colorFaintLight":"#c7ddaa","colorFaintDark":"#273a25","colorFaintSat":"#365631","colorHiddenLight":"#dce5c5","colorHiddenDark":"#1c2921","colorHiddenSat":"#2e482f","colorFollowDark":"#507f34"},"geometry":{"type":"Point","coordinates":[120.284187,22.618532]}},{"type":"Feature","properties":{"sys":"krtc","lineId":"C","lineKey":"krtc|C","name":"駁二蓬萊","color":"#77C043","colorDark":"#39592c","colorFaintLight":"#c7ddaa","colorFaintDark":"#273a25","colorFaintSat":"#365631","colorHiddenLight":"#dce5c5","colorHiddenDark":"#1c2921","colorHiddenSat":"#2e482f","colorFollowDark":"#507f34"},"geometry":{"type":"Point","coordinates":[120.279921,22.620497]}},{"type":"Feature","properties":{"sys":"krtc","lineId":"C","lineKey":"krtc|C","name":"哈瑪星","color":"#77C043","colorDark":"#39592c","colorFaintLight":"#c7ddaa","colorFaintDark":"#273a25","colorFaintSat":"#365631","colorHiddenLight":"#dce5c5","colorHiddenDark":"#1c2921","colorHiddenSat":"#2e482f","colorFollowDark":"#507f34"},"geometry":{"type":"Point","coordinates":[120.275856,22.621614]}},{"type":"Feature","properties":{"sys":"krtc","lineId":"C","lineKey":"krtc|C","name":"壽山公園站","color":"#77C043","colorDark":"#39592c","colorFaintLight":"#c7ddaa","colorFaintDark":"#273a25","colorFaintSat":"#365631","colorHiddenLight":"#dce5c5","colorHiddenDark":"#1c2921","colorHiddenSat":"#2e482f","colorFollowDark":"#507f34"},"geometry":{"type":"Point","coordinates":[120.278681,22.626494]}},{"type":"Feature","properties":{"sys":"krtc","lineId":"C","lineKey":"krtc|C","name":"文武聖殿站","color":"#77C043","colorDark":"#39592c","colorFaintLight":"#c7ddaa","colorFaintDark":"#273a25","colorFaintSat":"#365631","colorHiddenLight":"#dce5c5","colorHiddenDark":"#1c2921","colorHiddenSat":"#2e482f","colorFollowDark":"#507f34"},"geometry":{"type":"Point","coordinates":[120.280731,22.629572]}},{"type":"Feature","properties":{"sys":"krtc","lineId":"C","lineKey":"krtc|C","name":"鼓山區公所站","color":"#77C043","colorDark":"#39592c","colorFaintLight":"#c7ddaa","colorFaintDark":"#273a25","colorFaintSat":"#365631","colorHiddenLight":"#dce5c5","colorHiddenDark":"#1c2921","colorHiddenSat":"#2e482f","colorFollowDark":"#507f34"},"geometry":{"type":"Point","coordinates":[120.282591,22.635994]}},{"type":"Feature","properties":{"sys":"krtc","lineId":"C","lineKey":"krtc|C","name":"鼓山","color":"#77C043","colorDark":"#39592c","colorFaintLight":"#c7ddaa","colorFaintDark":"#273a25","colorFaintSat":"#365631","colorHiddenLight":"#dce5c5","colorHiddenDark":"#1c2921","colorHiddenSat":"#2e482f","colorFollowDark":"#507f34"},"geometry":{"type":"Point","coordinates":[120.281088,22.642039]}},{"type":"Feature","properties":{"sys":"krtc","lineId":"C","lineKey":"krtc|C","name":"馬卡道","color":"#77C043","colorDark":"#39592c","colorFaintLight":"#c7ddaa","colorFaintDark":"#273a25","colorFaintSat":"#365631","colorHiddenLight":"#dce5c5","colorHiddenDark":"#1c2921","colorHiddenSat":"#2e482f","colorFollowDark":"#507f34"},"geometry":{"type":"Point","coordinates":[120.281457,22.647086]}},{"type":"Feature","properties":{"sys":"krtc","lineId":"C","lineKey":"krtc|C","name":"臺鐵美術館","color":"#77C043","colorDark":"#39592c","colorFaintLight":"#c7ddaa","colorFaintDark":"#273a25","colorFaintSat":"#365631","colorHiddenLight":"#dce5c5","colorHiddenDark":"#1c2921","colorHiddenSat":"#2e482f","colorFollowDark":"#507f34"},"geometry":{"type":"Point","coordinates":[120.28176,22.652069]}},{"type":"Feature","properties":{"sys":"krtc","lineId":"C","lineKey":"krtc|C","name":"內惟藝術中心","color":"#77C043","colorDark":"#39592c","colorFaintLight":"#c7ddaa","colorFaintDark":"#273a25","colorFaintSat":"#365631","colorHiddenLight":"#dce5c5","colorHiddenDark":"#1c2921","colorHiddenSat":"#2e482f","colorFollowDark":"#507f34"},"geometry":{"type":"Point","coordinates":[120.282868,22.654944]}},{"type":"Feature","properties":{"sys":"krtc","lineId":"C","lineKey":"krtc|C","name":"美術館","color":"#77C043","colorDark":"#39592c","colorFaintLight":"#c7ddaa","colorFaintDark":"#273a25","colorFaintSat":"#365631","colorHiddenLight":"#dce5c5","colorHiddenDark":"#1c2921","colorHiddenSat":"#2e482f","colorFollowDark":"#507f34"},"geometry":{"type":"Point","coordinates":[120.287436,22.654956]}},{"type":"Feature","properties":{"sys":"krtc","lineId":"C","lineKey":"krtc|C","name":"聯合醫院","color":"#77C043","colorDark":"#39592c","colorFaintLight":"#c7ddaa","colorFaintDark":"#273a25","colorFaintSat":"#365631","colorHiddenLight":"#dce5c5","colorHiddenDark":"#1c2921","colorHiddenSat":"#2e482f","colorFollowDark":"#507f34"},"geometry":{"type":"Point","coordinates":[120.290917,22.654788]}},{"type":"Feature","properties":{"sys":"krtc","lineId":"C","lineKey":"krtc|C","name":"龍華國小","color":"#77C043","colorDark":"#39592c","colorFaintLight":"#c7ddaa","colorFaintDark":"#273a25","colorFaintSat":"#365631","colorHiddenLight":"#dce5c5","colorHiddenDark":"#1c2921","colorHiddenSat":"#2e482f","colorFollowDark":"#507f34"},"geometry":{"type":"Point","coordinates":[120.295036,22.654454]}},{"type":"Feature","properties":{"sys":"krtc","lineId":"C","lineKey":"krtc|C","name":"愛河之心","color":"#77C043","colorDark":"#39592c","colorFaintLight":"#c7ddaa","colorFaintDark":"#273a25","colorFaintSat":"#365631","colorHiddenLight":"#dce5c5","colorHiddenDark":"#1c2921","colorHiddenSat":"#2e482f","colorFollowDark":"#507f34"},"geometry":{"type":"Point","coordinates":[120.302821,22.656038]}},{"type":"Feature","properties":{"sys":"krtc","lineId":"C","lineKey":"krtc|C","name":"新上國小","color":"#77C043","colorDark":"#39592c","colorFaintLight":"#c7ddaa","colorFaintDark":"#273a25","colorFaintSat":"#365631","colorHiddenLight":"#dce5c5","colorHiddenDark":"#1c2921","colorHiddenSat":"#2e482f","colorFollowDark":"#507f34"},"geometry":{"type":"Point","coordinates":[120.308299,22.656693]}},{"type":"Feature","properties":{"sys":"krtc","lineId":"C","lineKey":"krtc|C","name":"大順民族","color":"#77C043","colorDark":"#39592c","colorFaintLight":"#c7ddaa","colorFaintDark":"#273a25","colorFaintSat":"#365631","colorHiddenLight":"#dce5c5","colorHiddenDark":"#1c2921","colorHiddenSat":"#2e482f","colorFollowDark":"#507f34"},"geometry":{"type":"Point","coordinates":[120.314895,22.655582]}},{"type":"Feature","properties":{"sys":"krtc","lineId":"C","lineKey":"krtc|C","name":"灣仔內(大順鼎山)","color":"#77C043","colorDark":"#39592c","colorFaintLight":"#c7ddaa","colorFaintDark":"#273a25","colorFaintSat":"#365631","colorHiddenLight":"#dce5c5","colorHiddenDark":"#1c2921","colorHiddenSat":"#2e482f","colorFollowDark":"#507f34"},"geometry":{"type":"Point","coordinates":[120.318489,22.653787]}},{"type":"Feature","properties":{"sys":"krtc","lineId":"C","lineKey":"krtc|C","name":"高雄高工","color":"#77C043","colorDark":"#39592c","colorFaintLight":"#c7ddaa","colorFaintDark":"#273a25","colorFaintSat":"#365631","colorHiddenLight":"#dce5c5","colorHiddenDark":"#1c2921","colorHiddenSat":"#2e482f","colorFollowDark":"#507f34"},"geometry":{"type":"Point","coordinates":[120.323861,22.649974]}},{"type":"Feature","properties":{"sys":"krtc","lineId":"C","lineKey":"krtc|C","name":"樹德家商","color":"#77C043","colorDark":"#39592c","colorFaintLight":"#c7ddaa","colorFaintDark":"#273a25","colorFaintSat":"#365631","colorHiddenLight":"#dce5c5","colorHiddenDark":"#1c2921","colorHiddenSat":"#2e482f","colorFollowDark":"#507f34"},"geometry":{"type":"Point","coordinates":[120.326171,22.644192]}},{"type":"Feature","properties":{"sys":"krtc","lineId":"C","lineKey":"krtc|C","name":"科工館","color":"#77C043","colorDark":"#39592c","colorFaintLight":"#c7ddaa","colorFaintDark":"#273a25","colorFaintSat":"#365631","colorHiddenLight":"#dce5c5","colorHiddenDark":"#1c2921","colorHiddenSat":"#2e482f","colorFollowDark":"#507f34"},"geometry":{"type":"Point","coordinates":[120.327358,22.637515]}},{"type":"Feature","properties":{"sys":"krtc","lineId":"C","lineKey":"krtc|C","name":"聖功醫院","color":"#77C043","colorDark":"#39592c","colorFaintLight":"#c7ddaa","colorFaintDark":"#273a25","colorFaintSat":"#365631","colorHiddenLight":"#dce5c5","colorHiddenDark":"#1c2921","colorHiddenSat":"#2e482f","colorFollowDark":"#507f34"},"geometry":{"type":"Point","coordinates":[120.325808,22.633281]}},{"type":"Feature","properties":{"sys":"krtc","lineId":"C","lineKey":"krtc|C","name":"凱旋公園站","color":"#77C043","colorDark":"#39592c","colorFaintLight":"#c7ddaa","colorFaintDark":"#273a25","colorFaintSat":"#365631","colorHiddenLight":"#dce5c5","colorHiddenDark":"#1c2921","colorHiddenSat":"#2e482f","colorFollowDark":"#507f34"},"geometry":{"type":"Point","coordinates":[120.322813,22.629412]}},{"type":"Feature","properties":{"sys":"krtc","lineId":"C","lineKey":"krtc|C","name":"衛生局站","color":"#77C043","colorDark":"#39592c","colorFaintLight":"#c7ddaa","colorFaintDark":"#273a25","colorFaintSat":"#365631","colorHiddenLight":"#dce5c5","colorHiddenDark":"#1c2921","colorHiddenSat":"#2e482f","colorFollowDark":"#507f34"},"geometry":{"type":"Point","coordinates":[120.323635,22.625178]}},{"type":"Feature","properties":{"sys":"krtc","lineId":"C","lineKey":"krtc|C","name":"五權國小站","color":"#77C043","colorDark":"#39592c","colorFaintLight":"#c7ddaa","colorFaintDark":"#273a25","colorFaintSat":"#365631","colorHiddenLight":"#dce5c5","colorHiddenDark":"#1c2921","colorHiddenSat":"#2e482f","colorFollowDark":"#507f34"},"geometry":{"type":"Point","coordinates":[120.325153,22.621194]}},{"type":"Feature","properties":{"sys":"krtc","lineId":"C","lineKey":"krtc|C","name":"凱旋武昌站","color":"#77C043","colorDark":"#39592c","colorFaintLight":"#c7ddaa","colorFaintDark":"#273a25","colorFaintSat":"#365631","colorHiddenLight":"#dce5c5","colorHiddenDark":"#1c2921","colorHiddenSat":"#2e482f","colorFollowDark":"#507f34"},"geometry":{"type":"Point","coordinates":[120.326812,22.6169]}},{"type":"Feature","properties":{"sys":"krtc","lineId":"C","lineKey":"krtc|C","name":"凱旋二聖站","color":"#77C043","colorDark":"#39592c","colorFaintLight":"#c7ddaa","colorFaintDark":"#273a25","colorFaintSat":"#365631","colorHiddenLight":"#dce5c5","colorHiddenDark":"#1c2921","colorHiddenSat":"#2e482f","colorFollowDark":"#507f34"},"geometry":{"type":"Point","coordinates":[120.327144,22.612544]}},{"type":"Feature","properties":{"sys":"krtc","lineId":"C","lineKey":"krtc|C","name":"輕軌機廠站","color":"#77C043","colorDark":"#39592c","colorFaintLight":"#c7ddaa","colorFaintDark":"#273a25","colorFaintSat":"#365631","colorHiddenLight":"#dce5c5","colorHiddenDark":"#1c2921","colorHiddenSat":"#2e482f","colorFollowDark":"#507f34"},"geometry":{"type":"Point","coordinates":[120.326046,22.608515]}},{"type":"Feature","properties":{"sys":"tmrt","lineId":"TG","lineKey":"tmrt|TG","name":"北屯總站","color":"#79BB29","colorDark":"#3a5721","colorFaintLight":"#c8dca1","colorFaintDark":"#27391f","colorFaintSat":"#37552b","colorHiddenLight":"#dce4c1","colorHiddenDark":"#1d281e","colorHiddenSat":"#2e482c","colorFollowDark":"#517c24"},"geometry":{"type":"Point","coordinates":[120.708751,24.188796]}},{"type":"Feature","properties":{"sys":"tmrt","lineId":"TG","lineKey":"tmrt|TG","name":"舊社","color":"#79BB29","colorDark":"#3a5721","colorFaintLight":"#c8dca1","colorFaintDark":"#27391f","colorFaintSat":"#37552b","colorHiddenLight":"#dce4c1","colorHiddenDark":"#1d281e","colorHiddenSat":"#2e482c","colorFollowDark":"#517c24"},"geometry":{"type":"Point","coordinates":[120.707286,24.182341]}},{"type":"Feature","properties":{"sys":"tmrt","lineId":"TG","lineKey":"tmrt|TG","name":"松竹","color":"#79BB29","colorDark":"#3a5721","colorFaintLight":"#c8dca1","colorFaintDark":"#27391f","colorFaintSat":"#37552b","colorHiddenLight":"#dce4c1","colorHiddenDark":"#1d281e","colorHiddenSat":"#2e482c","colorFollowDark":"#517c24"},"geometry":{"type":"Point","coordinates":[120.701395,24.180821]}},{"type":"Feature","properties":{"sys":"tmrt","lineId":"TG","lineKey":"tmrt|TG","name":"四維國小","color":"#79BB29","colorDark":"#3a5721","colorFaintLight":"#c8dca1","colorFaintDark":"#27391f","colorFaintSat":"#37552b","colorHiddenLight":"#dce4c1","colorHiddenDark":"#1d281e","colorHiddenSat":"#2e482c","colorFollowDark":"#517c24"},"geometry":{"type":"Point","coordinates":[120.693295,24.171281]}},{"type":"Feature","properties":{"sys":"tmrt","lineId":"TG","lineKey":"tmrt|TG","name":"文心崇德","color":"#79BB29","colorDark":"#3a5721","colorFaintLight":"#c8dca1","colorFaintDark":"#27391f","colorFaintSat":"#37552b","colorHiddenLight":"#dce4c1","colorHiddenDark":"#1d281e","colorHiddenSat":"#2e482c","colorFollowDark":"#517c24"},"geometry":{"type":"Point","coordinates":[120.684866,24.172236]}},{"type":"Feature","properties":{"sys":"tmrt","lineId":"TG","lineKey":"tmrt|TG","name":"文心中清","color":"#79BB29","colorDark":"#3a5721","colorFaintLight":"#c8dca1","colorFaintDark":"#27391f","colorFaintSat":"#37552b","colorHiddenLight":"#dce4c1","colorHiddenDark":"#1d281e","colorHiddenSat":"#2e482c","colorFollowDark":"#517c24"},"geometry":{"type":"Point","coordinates":[120.670583,24.17372]}},{"type":"Feature","properties":{"sys":"tmrt","lineId":"TG","lineKey":"tmrt|TG","name":"文華高中","color":"#79BB29","colorDark":"#3a5721","colorFaintLight":"#c8dca1","colorFaintDark":"#27391f","colorFaintSat":"#37552b","colorHiddenLight":"#dce4c1","colorHiddenDark":"#1d281e","colorHiddenSat":"#2e482c","colorFollowDark":"#517c24"},"geometry":{"type":"Point","coordinates":[120.66043,24.171463]}},{"type":"Feature","properties":{"sys":"tmrt","lineId":"TG","lineKey":"tmrt|TG","name":"文心櫻花","color":"#79BB29","colorDark":"#3a5721","colorFaintLight":"#c8dca1","colorFaintDark":"#27391f","colorFaintSat":"#37552b","colorHiddenLight":"#dce4c1","colorHiddenDark":"#1d281e","colorHiddenSat":"#2e482c","colorFollowDark":"#517c24"},"geometry":{"type":"Point","coordinates":[120.653668,24.167633]}},{"type":"Feature","properties":{"sys":"tmrt","lineId":"TG","lineKey":"tmrt|TG","name":"市政府","color":"#79BB29","colorDark":"#3a5721","colorFaintLight":"#c8dca1","colorFaintDark":"#27391f","colorFaintSat":"#37552b","colorHiddenLight":"#dce4c1","colorHiddenDark":"#1d281e","colorHiddenSat":"#2e482c","colorFollowDark":"#517c24"},"geometry":{"type":"Point","coordinates":[120.649084,24.161959]}},{"type":"Feature","properties":{"sys":"tmrt","lineId":"TG","lineKey":"tmrt|TG","name":"水安宮","color":"#79BB29","colorDark":"#3a5721","colorFaintLight":"#c8dca1","colorFaintDark":"#27391f","colorFaintSat":"#37552b","colorHiddenLight":"#dce4c1","colorHiddenDark":"#1d281e","colorHiddenSat":"#2e482c","colorFollowDark":"#517c24"},"geometry":{"type":"Point","coordinates":[120.646755,24.153109]}},{"type":"Feature","properties":{"sys":"tmrt","lineId":"TG","lineKey":"tmrt|TG","name":"文心森林公園","color":"#79BB29","colorDark":"#3a5721","colorFaintLight":"#c8dca1","colorFaintDark":"#27391f","colorFaintSat":"#37552b","colorHiddenLight":"#dce4c1","colorHiddenDark":"#1d281e","colorHiddenSat":"#2e482c","colorFollowDark":"#517c24"},"geometry":{"type":"Point","coordinates":[120.646687,24.1454]}},{"type":"Feature","properties":{"sys":"tmrt","lineId":"TG","lineKey":"tmrt|TG","name":"南屯","color":"#79BB29","colorDark":"#3a5721","colorFaintLight":"#c8dca1","colorFaintDark":"#27391f","colorFaintSat":"#37552b","colorHiddenLight":"#dce4c1","colorHiddenDark":"#1d281e","colorHiddenSat":"#2e482c","colorFollowDark":"#517c24"},"geometry":{"type":"Point","coordinates":[120.646661,24.1405]}},{"type":"Feature","properties":{"sys":"tmrt","lineId":"TG","lineKey":"tmrt|TG","name":"豐樂公園","color":"#79BB29","colorDark":"#3a5721","colorFaintLight":"#c8dca1","colorFaintDark":"#27391f","colorFaintSat":"#37552b","colorHiddenLight":"#dce4c1","colorHiddenDark":"#1d281e","colorHiddenSat":"#2e482c","colorFollowDark":"#517c24"},"geometry":{"type":"Point","coordinates":[120.646417,24.132599]}},{"type":"Feature","properties":{"sys":"tmrt","lineId":"TG","lineKey":"tmrt|TG","name":"大慶","color":"#79BB29","colorDark":"#3a5721","colorFaintLight":"#c8dca1","colorFaintDark":"#27391f","colorFaintSat":"#37552b","colorHiddenLight":"#dce4c1","colorHiddenDark":"#1d281e","colorHiddenSat":"#2e482c","colorFollowDark":"#517c24"},"geometry":{"type":"Point","coordinates":[120.64759,24.119113]}},{"type":"Feature","properties":{"sys":"tmrt","lineId":"TG","lineKey":"tmrt|TG","name":"九張犁","color":"#79BB29","colorDark":"#3a5721","colorFaintLight":"#c8dca1","colorFaintDark":"#27391f","colorFaintSat":"#37552b","colorHiddenLight":"#dce4c1","colorHiddenDark":"#1d281e","colorHiddenSat":"#2e482c","colorFollowDark":"#517c24"},"geometry":{"type":"Point","coordinates":[120.640096,24.114506]}},{"type":"Feature","properties":{"sys":"tmrt","lineId":"TG","lineKey":"tmrt|TG","name":"九德","color":"#79BB29","colorDark":"#3a5721","colorFaintLight":"#c8dca1","colorFaintDark":"#27391f","colorFaintSat":"#37552b","colorHiddenLight":"#dce4c1","colorHiddenDark":"#1d281e","colorHiddenSat":"#2e482c","colorFollowDark":"#517c24"},"geometry":{"type":"Point","coordinates":[120.634475,24.111046]}},{"type":"Feature","properties":{"sys":"tmrt","lineId":"TG","lineKey":"tmrt|TG","name":"烏日","color":"#79BB29","colorDark":"#3a5721","colorFaintLight":"#c8dca1","colorFaintDark":"#27391f","colorFaintSat":"#37552b","colorHiddenLight":"#dce4c1","colorHiddenDark":"#1d281e","colorHiddenSat":"#2e482c","colorFollowDark":"#517c24"},"geometry":{"type":"Point","coordinates":[120.624898,24.108891]}},{"type":"Feature","properties":{"sys":"tmrt","lineId":"TG","lineKey":"tmrt|TG","name":"高鐵臺中站","color":"#79BB29","colorDark":"#3a5721","colorFaintLight":"#c8dca1","colorFaintDark":"#27391f","colorFaintSat":"#37552b","colorHiddenLight":"#dce4c1","colorHiddenDark":"#1d281e","colorHiddenSat":"#2e482c","colorFollowDark":"#517c24"},"geometry":{"type":"Point","coordinates":[120.614112,24.110118]}}],"osm":{"credit":"© OpenStreetMap contributors","license":"ODbL-1.0","osmData":"2026-10-03T03:16:11Z","method":"each station on the nearest point of its line, match_osm.py"}}
