{"type":"FeatureCollection","source":"由 data/{tra,thsr_track,afr,trtc,tymc,ntdlrt,ntalrt,sanying,krtc,tmrt}.json 的 lines[].shape 與 lines[].stations 轉成 GeoJSON([lon,lat],小數 6 位),scripts/build_track_geojson.mjs 可重建;sortKey 依 data/rail_crossing_levels.json 的 31 筆立體交叉做拓撲排序;六個狀態色由 index.html 的 railMix 常數預先混色。","features":[{"type":"Feature","properties":{"sys":"tra_sched","id":"縱貫線北段","lineKey":"tra_sched|縱貫線北段","name":"縱貫線北段（基隆–竹南）","color":"#2E6FB0","colorDark":"#1c3857","colorFaintLight":"#adc1d1","colorFaintDark":"#17283d","colorFaintSat":"#264449","colorHiddenLight":"#cfd6d9","colorHiddenDark":"#141f2e","colorHiddenSat":"#253f3c","colorFollowDark":"#234c78","sortKey":0,"kind":"track"},"geometry":{"type":"LineString","coordinates":[[121.739645,25.133717],[121.738472,25.131908],[121.738046,25.131275],[121.737785,25.130809],[121.737642,25.130475],[121.737586,25.130304],[121.737506,25.129962],[121.737467,25.129614],[121.73747,25.129086],[121.7376,25.128543],[121.73775,25.1282],[121.737943,25.127874],[121.738272,25.127455],[121.738647,25.127097],[121.740126,25.126209],[121.74054,25.125923],[121.740792,25.125712],[121.741109,25.125361],[121.741321,25.125076],[121.741518,25.124746],[121.741602,25.124574],[121.741741,25.124221],[121.741795,25.12404],[121.741874,25.123631],[121.742061,25.122209],[121.742656,25.117206],[121.742656,25.116838],[121.742622,25.116524],[121.742568,25.116225],[121.742497,25.115969],[121.742375,25.115632],[121.742167,25.115232],[121.742043,25.115032],[121.741919,25.114862],[121.741645,25.114544],[121.74142,25.114333],[121.741244,25.114188],[121.740894,25.113953],[121.740614,25.113802],[121.740128,25.113571],[121.732134,25.110081],[121.730969,25.109628],[121.729355,25.108936],[121.728614,25.108594],[121.728017,25.108235],[121.727388,25.107761],[121.72698,25.107427],[121.726669,25.107111],[121.726486,25.106863],[121.726323,25.106561],[121.726241,25.106356],[121.726027,25.105734],[121.725898,25.105259],[121.725794,25.104947],[121.725374,25.103751],[121.72504,25.102448],[121.724768,25.101682],[121.724596,25.101271],[121.724292,25.1008],[121.724095,25.100553],[121.723817,25.100255],[121.723584,25.100044],[121.723093,25.099697],[121.721583,25.098714],[121.720089,25.097702],[121.718586,25.096438],[121.717999,25.095973],[121.71731,25.095392],[121.715797,25.094229],[121.712491,25.092004],[121.712211,25.091826],[121.711764,25.0916],[121.71115,25.091264],[121.70968,25.090593],[121.709077,25.090333],[121.708225,25.089934],[121.707857,25.089705],[121.707496,25.089448],[121.707356,25.089328],[121.706973,25.088946],[121.70633,25.088091],[121.706169,25.087796],[121.706054,25.087532],[121.705673,25.086409],[121.705549,25.085712],[121.705473,25.085116],[121.705376,25.084684],[121.705158,25.084164],[121.705065,25.084],[121.703781,25.082426],[121.703409,25.081873],[121.702612,25.080863],[121.702257,25.080521],[121.702067,25.080388],[121.701759,25.080203],[121.7007,25.079688],[121.7005,25.079606],[121.700088,25.079466],[121.699643,25.079352],[121.698037,25.079041],[121.696712,25.078724],[121.695436,25.07833],[121.693566,25.077802],[121.693192,25.077721],[121.692805,25.077658],[121.692413,25.077632],[121.692029,25.077643],[121.691474,25.077723],[121.690978,25.077873],[121.688109,25.078941],[121.684577,25.080231],[121.68247,25.080911],[121.681769,25.081122],[121.681066,25.081312],[121.679643,25.081768],[121.678404,25.082099],[121.677299,25.082329],[121.676805,25.082382],[121.676105,25.082387],[121.675641,25.082346],[121.675183,25.082267],[121.674798,25.08217],[121.67419,25.081969],[121.673589,25.081705],[121.673046,25.081398],[121.668861,25.078698],[121.667664,25.077887],[121.667353,25.077652],[121.667111,25.077444],[121.666761,25.077095],[121.666569,25.07687],[121.666184,25.076321],[121.665934,25.075807],[121.665736,25.075229],[121.66568,25.075008],[121.6656,25.07438],[121.665583,25.074022],[121.665582,25.073168],[121.665533,25.072745],[121.665372,25.072121],[121.665272,25.071837],[121.665108,25.071523],[121.664768,25.071038],[121.664146,25.070439],[121.663236,25.069638],[121.662472,25.06893],[121.66198,25.068438],[121.660405,25.067155],[121.659956,25.066863],[121.65895,25.066324],[121.657714,25.065848],[121.656895,25.065582],[121.656434,25.065414],[121.650499,25.063217],[121.649958,25.06304],[121.649369,25.062894],[121.648533,25.062805],[121.647556,25.062726],[121.646952,25.062618],[121.646596,25.062521],[121.645264,25.061994],[121.64117,25.060287],[121.640514,25.059926],[121.639977,25.05956],[121.639814,25.059421],[121.639617,25.059237],[121.639183,25.058778],[121.637703,25.05701],[121.637154,25.056445],[121.636403,25.055796],[121.635952,25.055456],[121.635273,25.055018],[121.634014,25.054344],[121.633247,25.053963],[121.632809,25.053789],[121.631966,25.05351],[121.631125,25.053305],[121.630458,25.053173],[121.629946,25.053108],[121.629042,25.053021],[121.628288,25.053008],[121.627631,25.053027],[121.627092,25.053067],[121.626565,25.053129],[121.625882,25.053241],[121.625196,25.053385],[121.62451,25.053574],[121.622719,25.05413],[121.622316,25.054234],[121.621892,25.054322],[121.621301,25.054422],[121.62075,25.054483],[121.620289,25.054507],[121.619291,25.054508],[121.61637,25.054391],[121.615254,25.054326],[121.609161,25.053617],[121.581938,25.049446],[121.580998,25.049365],[121.580219,25.049346],[121.571706,25.049426],[121.570667,25.049373],[121.57011,25.049314],[121.56945,25.049221],[121.568433,25.049016],[121.566299,25.048509],[121.565663,25.04832],[121.564278,25.04784],[121.563102,25.047409],[121.558907,25.045592],[121.558254,25.045358],[121.557936,25.045262],[121.557144,25.045067],[121.5548,25.04462],[121.554299,25.044545],[121.553676,25.044493],[121.553241,25.044488],[121.552843,25.044505],[121.547234,25.045098],[121.546756,25.045137],[121.54626,25.045152],[121.54588,25.045152],[121.544974,25.045078],[121.542071,25.044719],[121.541279,25.044662],[121.54045,25.044643],[121.539762,25.044669],[121.536092,25.044866],[121.535246,25.044958],[121.534675,25.045064],[121.534208,25.045179],[121.532558,25.045658],[121.532263,25.045725],[121.531643,25.045825],[121.531114,25.045865],[121.530537,25.045875],[121.527051,25.045843],[121.52656,25.045866],[121.525871,25.045945],[121.523974,25.046377],[121.521139,25.047065],[121.520269,25.047243],[121.52,25.047315],[121.51884,25.047709],[121.518706,25.047739]]}},{"type":"Feature","properties":{"sys":"tra_sched","id":"縱貫線北段","lineKey":"tra_sched|縱貫線北段","name":"縱貫線北段（基隆–竹南）","color":"#2E6FB0","colorDark":"#1c3857","colorFaintLight":"#adc1d1","colorFaintDark":"#17283d","colorFaintSat":"#264449","colorHiddenLight":"#cfd6d9","colorHiddenDark":"#141f2e","colorHiddenSat":"#253f3c","colorFollowDark":"#234c78","sortKey":2,"kind":"track"},"geometry":{"type":"LineString","coordinates":[[121.518706,25.047739],[121.518438,25.0478],[121.517375,25.047983]]}},{"type":"Feature","properties":{"sys":"tra_sched","id":"縱貫線北段","lineKey":"tra_sched|縱貫線北段","name":"縱貫線北段（基隆–竹南）","color":"#2E6FB0","colorDark":"#1c3857","colorFaintLight":"#adc1d1","colorFaintDark":"#17283d","colorFaintSat":"#264449","colorHiddenLight":"#cfd6d9","colorHiddenDark":"#141f2e","colorHiddenSat":"#253f3c","colorFollowDark":"#234c78","sortKey":0,"kind":"track"},"geometry":{"type":"LineString","coordinates":[[121.517375,25.047983],[121.516258,25.048171],[121.51576,25.048212],[121.514623,25.048241],[121.514,25.048298],[121.512806,25.048504],[121.512382,25.048552],[121.512041,25.048557],[121.511534,25.048502],[121.51104,25.048371],[121.51057,25.048166],[121.510144,25.047892]]}},{"type":"Feature","properties":{"sys":"tra_sched","id":"縱貫線北段","lineKey":"tra_sched|縱貫線北段","name":"縱貫線北段（基隆–竹南）","color":"#2E6FB0","colorDark":"#1c3857","colorFaintLight":"#adc1d1","colorFaintDark":"#17283d","colorFaintSat":"#264449","colorHiddenLight":"#cfd6d9","colorHiddenDark":"#141f2e","colorHiddenSat":"#253f3c","colorFollowDark":"#234c78","sortKey":3,"kind":"track"},"geometry":{"type":"LineString","coordinates":[[121.510144,25.047892],[121.50986,25.04758]]}},{"type":"Feature","properties":{"sys":"tra_sched","id":"縱貫線北段","lineKey":"tra_sched|縱貫線北段","name":"縱貫線北段（基隆–竹南）","color":"#2E6FB0","colorDark":"#1c3857","colorFaintLight":"#adc1d1","colorFaintDark":"#17283d","colorFaintSat":"#264449","colorHiddenLight":"#cfd6d9","colorHiddenDark":"#141f2e","colorHiddenSat":"#253f3c","colorFollowDark":"#234c78","sortKey":0,"kind":"track"},"geometry":{"type":"LineString","coordinates":[[121.50986,25.04758],[121.509635,25.047324],[121.509445,25.047045],[121.509295,25.046747],[121.509175,25.046409],[121.508914,25.045306],[121.508779,25.044812],[121.506643,25.037353]]}},{"type":"Feature","properties":{"sys":"tra_sched","id":"縱貫線北段","lineKey":"tra_sched|縱貫線北段","name":"縱貫線北段（基隆–竹南）","color":"#2E6FB0","colorDark":"#1c3857","colorFaintLight":"#adc1d1","colorFaintDark":"#17283d","colorFaintSat":"#264449","colorHiddenLight":"#cfd6d9","colorHiddenDark":"#141f2e","colorHiddenSat":"#253f3c","colorFollowDark":"#234c78","sortKey":0,"kind":"track"},"geometry":{"type":"LineString","coordinates":[[121.506643,25.037353],[121.506156,25.035611]]}},{"type":"Feature","properties":{"sys":"tra_sched","id":"縱貫線北段","lineKey":"tra_sched|縱貫線北段","name":"縱貫線北段（基隆–竹南）","color":"#2E6FB0","colorDark":"#1c3857","colorFaintLight":"#adc1d1","colorFaintDark":"#17283d","colorFaintSat":"#264449","colorHiddenLight":"#cfd6d9","colorHiddenDark":"#141f2e","colorHiddenSat":"#253f3c","colorFollowDark":"#234c78","sortKey":0,"kind":"track"},"geometry":{"type":"LineString","coordinates":[[121.506156,25.035611],[121.506058,25.035442],[121.505837,25.035004],[121.505581,25.03466],[121.505404,25.034473],[121.505204,25.034296],[121.504906,25.034091],[121.504628,25.033935],[121.504344,25.033819],[121.504034,25.033729],[121.5038,25.033678],[121.50322,25.033599],[121.502256,25.033501],[121.501339,25.033428],[121.499965,25.033329],[121.497281,25.033196],[121.496802,25.033123],[121.496544,25.033051],[121.496062,25.032853],[121.495831,25.032719],[121.495511,25.032487],[121.490955,25.028468],[121.490172,25.027964],[121.489806,25.027776],[121.489428,25.027619],[121.489176,25.027527],[121.488708,25.027384],[121.488348,25.027303],[121.48776,25.027194],[121.483653,25.02671],[121.48327,25.02665],[121.483032,25.026593],[121.482481,25.026388],[121.481815,25.026056],[121.48116,25.025678],[121.48074,25.025395],[121.479574,25.024543],[121.476953,25.022698],[121.469539,25.017532],[121.469081,25.017181],[121.467875,25.01636],[121.466704,25.015699],[121.465832,25.015244]]}},{"type":"Feature","properties":{"sys":"tra_sched","id":"縱貫線北段","lineKey":"tra_sched|縱貫線北段","name":"縱貫線北段（基隆–竹南）","color":"#2E6FB0","colorDark":"#1c3857","colorFaintLight":"#adc1d1","colorFaintDark":"#17283d","colorFaintSat":"#264449","colorHiddenLight":"#cfd6d9","colorHiddenDark":"#141f2e","colorHiddenSat":"#253f3c","colorFollowDark":"#234c78","sortKey":0,"kind":"track"},"geometry":{"type":"LineString","coordinates":[[121.465832,25.015244],[121.465389,25.014904],[121.464477,25.014236]]}},{"type":"Feature","properties":{"sys":"tra_sched","id":"縱貫線北段","lineKey":"tra_sched|縱貫線北段","name":"縱貫線北段（基隆–竹南）","color":"#2E6FB0","colorDark":"#1c3857","colorFaintLight":"#adc1d1","colorFaintDark":"#17283d","colorFaintSat":"#264449","colorHiddenLight":"#cfd6d9","colorHiddenDark":"#141f2e","colorHiddenSat":"#253f3c","colorFollowDark":"#234c78","sortKey":0,"kind":"track"},"geometry":{"type":"LineString","coordinates":[[121.464477,25.014236],[121.464063,25.013895],[121.46343,25.013299],[121.462109,25.011673],[121.460717,25.01007],[121.456669,25.005513],[121.456084,25.004897],[121.455627,25.004512]]}},{"type":"Feature","properties":{"sys":"tra_sched","id":"縱貫線北段","lineKey":"tra_sched|縱貫線北段","name":"縱貫線北段（基隆–竹南）","color":"#2E6FB0","colorDark":"#1c3857","colorFaintLight":"#adc1d1","colorFaintDark":"#17283d","colorFaintSat":"#264449","colorHiddenLight":"#cfd6d9","colorHiddenDark":"#141f2e","colorHiddenSat":"#253f3c","colorFollowDark":"#234c78","sortKey":1,"kind":"track"},"geometry":{"type":"LineString","coordinates":[[121.455627,25.004512],[121.455077,25.004182],[121.454673,25.004028]]}},{"type":"Feature","properties":{"sys":"tra_sched","id":"縱貫線北段","lineKey":"tra_sched|縱貫線北段","name":"縱貫線北段（基隆–竹南）","color":"#2E6FB0","colorDark":"#1c3857","colorFaintLight":"#adc1d1","colorFaintDark":"#17283d","colorFaintSat":"#264449","colorHiddenLight":"#cfd6d9","colorHiddenDark":"#141f2e","colorHiddenSat":"#253f3c","colorFollowDark":"#234c78","sortKey":0,"kind":"track"},"geometry":{"type":"LineString","coordinates":[[121.454673,25.004028],[121.454245,25.00389],[121.453854,25.003817],[121.453436,25.003776],[121.452686,25.003773],[121.447023,25.004077],[121.44476,25.004165],[121.443308,25.004251],[121.442296,25.004365],[121.440356,25.004641],[121.439708,25.004713],[121.43666,25.004893],[121.435894,25.004922],[121.435402,25.0049],[121.434698,25.00482],[121.434333,25.004734],[121.43357,25.004502],[121.433294,25.004385],[121.43262,25.004003],[121.432216,25.003709],[121.431679,25.003228],[121.429996,25.001318],[121.429274,25.000461],[121.428783,24.999678],[121.42681,24.995868],[121.426331,24.995004],[121.425928,24.994152],[121.425739,24.993794],[121.42526,24.992654],[121.424133,24.990417],[121.423738,24.989825],[121.423596,24.989638],[121.422884,24.988245],[121.422379,24.987597],[121.421842,24.987083],[121.421543,24.986863],[121.421249,24.986691],[121.420334,24.986224],[121.417383,24.984757],[121.416365,24.984269],[121.412403,24.982297],[121.410378,24.981271],[121.40909,24.980576],[121.40766,24.979871],[121.406893,24.979462],[121.406346,24.979138],[121.405847,24.978787],[121.402349,24.976217],[121.401667,24.975773],[121.401397,24.97562],[121.398527,24.974239],[121.396997,24.973581],[121.396568,24.973438],[121.396201,24.973356],[121.393501,24.972952],[121.393117,24.972868],[121.392741,24.972758],[121.392338,24.972609],[121.391915,24.972411],[121.391712,24.9723],[121.391322,24.972054],[121.39082,24.971621],[121.390341,24.971155],[121.389365,24.970153],[121.388913,24.969807],[121.388396,24.969468],[121.386552,24.968422],[121.382149,24.965539],[121.378889,24.963172],[121.377586,24.962266],[121.373279,24.959475],[121.372612,24.959085],[121.372287,24.958916],[121.37162,24.958605],[121.367252,24.956817],[121.366821,24.956659],[121.366389,24.956523],[121.365983,24.956415],[121.365525,24.956322],[121.365014,24.956254],[121.364226,24.956211],[121.363671,24.956219],[121.363169,24.956254],[121.362562,24.95635],[121.360846,24.956743],[121.360504,24.956793],[121.36016,24.956817],[121.35978,24.956812],[121.35937,24.95677],[121.358967,24.956689],[121.358763,24.956629],[121.358372,24.956483],[121.358055,24.956336],[121.357578,24.956047],[121.352034,24.95233]]}},{"type":"Feature","properties":{"sys":"tra_sched","id":"縱貫線北段","lineKey":"tra_sched|縱貫線北段","name":"縱貫線北段（基隆–竹南）","color":"#2E6FB0","colorDark":"#1c3857","colorFaintLight":"#adc1d1","colorFaintDark":"#17283d","colorFaintSat":"#264449","colorHiddenLight":"#cfd6d9","colorHiddenDark":"#141f2e","colorHiddenSat":"#253f3c","colorFollowDark":"#234c78","sortKey":0,"kind":"track"},"geometry":{"type":"LineString","coordinates":[[121.352034,24.95233],[121.350821,24.951557]]}},{"type":"Feature","properties":{"sys":"tra_sched","id":"縱貫線北段","lineKey":"tra_sched|縱貫線北段","name":"縱貫線北段（基隆–竹南）","color":"#2E6FB0","colorDark":"#1c3857","colorFaintLight":"#adc1d1","colorFaintDark":"#17283d","colorFaintSat":"#264449","colorHiddenLight":"#cfd6d9","colorHiddenDark":"#141f2e","colorHiddenSat":"#253f3c","colorFollowDark":"#234c78","sortKey":0,"kind":"track"},"geometry":{"type":"LineString","coordinates":[[121.350821,24.951557],[121.350124,24.951103],[121.349972,24.951018],[121.349657,24.950867],[121.349161,24.950688],[121.348602,24.950561],[121.346663,24.950304],[121.345977,24.950193],[121.345552,24.950077],[121.345233,24.94996],[121.344779,24.94976],[121.34384,24.949293],[121.342096,24.948461],[121.3416,24.94829],[121.341228,24.948209],[121.340861,24.94816],[121.340304,24.948146],[121.339742,24.948203],[121.339326,24.948299],[121.338789,24.948493],[121.338288,24.948752],[121.337977,24.948958],[121.337219,24.949576],[121.337024,24.949765],[121.336764,24.950053],[121.33653,24.950361],[121.336325,24.950684],[121.336105,24.951129],[121.335926,24.951614],[121.335847,24.951948],[121.335805,24.952252],[121.335783,24.952908],[121.335804,24.953201],[121.335856,24.953543],[121.335949,24.953931],[121.33608,24.95431],[121.336245,24.954678],[121.336753,24.955502],[121.337623,24.956807],[121.338497,24.958215],[121.338697,24.958653],[121.338755,24.958813],[121.338878,24.959303],[121.338917,24.959637],[121.338922,24.959975],[121.338911,24.960144],[121.338815,24.960749],[121.33786,24.963358],[121.337794,24.96381],[121.337749,24.964282],[121.337773,24.964632],[121.337835,24.964967],[121.337886,24.965176],[121.33809,24.965693],[121.338387,24.966234],[121.338936,24.967178],[121.339099,24.967522],[121.339268,24.968004],[121.339347,24.96843],[121.339365,24.968617],[121.339372,24.968804],[121.339357,24.969179],[121.339301,24.969551],[121.339258,24.969734],[121.339051,24.970327],[121.338807,24.970794],[121.338494,24.971226],[121.338116,24.971586],[121.337977,24.971684],[121.337578,24.971886],[121.337183,24.972159],[121.335183,24.974014],[121.33419,24.974863],[121.333361,24.975714],[121.332744,24.976389],[121.330989,24.977987],[121.33039,24.978622],[121.329674,24.979463],[121.324337,24.98641],[121.322394,24.98891],[121.322155,24.989181],[121.321744,24.989545],[121.321439,24.989755],[121.320944,24.990019],[121.320593,24.990157],[121.320218,24.990267],[121.319834,24.990342],[121.319246,24.990389],[121.318853,24.990375],[121.318463,24.990327],[121.316853,24.989885],[121.316537,24.989781],[121.314564,24.988984],[121.313767,24.988746],[121.313178,24.988601],[121.310874,24.988143],[121.310214,24.987984],[121.309856,24.987912],[121.309099,24.987826],[121.308032,24.987772],[121.305546,24.987464],[121.304727,24.987286],[121.30445,24.987236],[121.304073,24.987193],[121.303144,24.987023],[121.302623,24.986897],[121.300558,24.98633],[121.293704,24.984364],[121.292328,24.984147],[121.282328,24.982884],[121.280979,24.982658],[121.280242,24.982475],[121.279607,24.982282],[121.277921,24.981667],[121.276632,24.981165],[121.276201,24.980975],[121.275556,24.980658],[121.275325,24.980519],[121.274864,24.980206],[121.272384,24.978441],[121.270117,24.976796],[121.269207,24.976179],[121.268575,24.975803],[121.267958,24.975475],[121.266769,24.974995],[121.265768,24.974687],[121.262514,24.973823],[121.256819,24.972021],[121.256273,24.971825],[121.255448,24.971446],[121.254463,24.970919],[121.252585,24.969847],[121.250794,24.968444],[121.249432,24.967306],[121.245813,24.964364],[121.244139,24.963021],[121.242859,24.96195],[121.241733,24.961038],[121.239685,24.95981],[121.23568,24.957442],[121.235323,24.957268],[121.234013,24.956715],[121.229038,24.954705],[121.228478,24.954374],[121.227268,24.953737],[121.22617,24.953291],[121.223919,24.95241],[121.222568,24.951947],[121.222093,24.951678],[121.221724,24.951447],[121.221496,24.951285],[121.221095,24.95095],[121.22052,24.950415],[121.219929,24.949731],[121.21854,24.947937],[121.217872,24.947104],[121.215357,24.943856],[121.214699,24.943038],[121.214484,24.942811],[121.213809,24.942193],[121.210802,24.939523],[121.207855,24.935878],[121.207025,24.934975],[121.206087,24.934242],[121.205392,24.933838],[121.20436,24.93328],[121.203474,24.932841],[121.20015,24.931245],[121.196925,24.92966],[121.190611,24.926492],[121.190057,24.926206],[121.189628,24.925948],[121.189223,24.925661],[121.188872,24.925374],[121.18844,24.92497],[121.188056,24.924578],[121.187407,24.92376],[121.186291,24.922456],[121.185842,24.921961],[121.18498,24.921091],[121.180762,24.916702],[121.179805,24.915748],[121.178407,24.914753],[121.177039,24.914064],[121.175741,24.913617],[121.174772,24.913381],[121.173417,24.913217],[121.17237,24.913236],[121.166217,24.913411],[121.154262,24.913853],[121.153091,24.913908],[121.145524,24.914339],[121.144836,24.914433],[121.143983,24.914629],[121.143476,24.914791],[121.141493,24.915585],[121.141025,24.915807],[121.139373,24.916715],[121.138865,24.916953],[121.138361,24.91716],[121.126154,24.921355],[121.125692,24.921482],[121.125234,24.92158],[121.113426,24.923727],[121.112447,24.923936],[121.112015,24.924063],[121.111618,24.9242],[121.111222,24.924363],[121.104416,24.927696],[121.09926,24.930227],[121.093591,24.933038],[121.091587,24.933945],[121.091177,24.934091],[121.09036,24.934336],[121.089829,24.934456],[121.088976,24.934594],[121.088107,24.934673],[121.087094,24.934651],[121.084988,24.934421],[121.083343,24.93415],[121.079211,24.933368],[121.066299,24.930827],[121.065461,24.930647],[121.065108,24.930553],[121.06432,24.930331],[121.063722,24.930123],[121.062734,24.92969],[121.061824,24.929188],[121.061136,24.928748],[121.060247,24.928065],[121.059814,24.927679],[121.059393,24.927252],[121.058913,24.926724],[121.05843,24.926089],[121.057804,24.925214],[121.054988,24.921086],[121.054793,24.920831],[121.053199,24.918478],[121.051583,24.916031],[121.044867,24.904619],[121.041733,24.899383],[121.040998,24.8982],[121.04054,24.89762],[121.040306,24.897354],[121.039438,24.896538],[121.038809,24.89607],[121.038364,24.895788],[121.037696,24.895428],[121.037233,24.895217],[121.022024,24.889363],[121.021522,24.889156],[121.020828,24.888797],[121.019989,24.888218],[121.019153,24.887551],[121.010014,24.880173],[121.004234,24.875459],[121.001284,24.873082],[120.994002,24.86716],[120.993591,24.866809],[120.993459,24.866671],[120.993221,24.86638],[120.993016,24.866068],[120.992927,24.865906],[120.992778,24.865569],[120.992717,24.865397],[120.992625,24.865043],[120.992573,24.864684],[120.992563,24.864503],[120.992572,24.864141],[120.992591,24.863961],[120.992621,24.863782],[120.99271,24.863429],[120.99277,24.863256],[120.992917,24.86292],[120.993101,24.862599],[120.99332,24.862296],[120.993571,24.862015],[120.993708,24.861884],[120.993853,24.861759],[120.994162,24.861529],[120.996771,24.860073],[120.999197,24.858795],[120.999946,24.858377],[121.002215,24.857158],[121.005035,24.855977],[121.008512,24.854588],[121.00912,24.854321],[121.009623,24.854068],[121.01034,24.853631],[121.010788,24.853304],[121.011211,24.85295],[121.011607,24.852571],[121.011796,24.85237],[121.011977,24.852163],[121.012315,24.851732],[121.012472,24.851509],[121.012759,24.851049],[121.012889,24.850812],[121.013117,24.850328],[121.01331,24.849831],[121.01339,24.849577],[121.013581,24.848845],[121.013638,24.848502],[121.013698,24.847929],[121.013712,24.847415],[121.013686,24.846876],[121.013657,24.846608],[121.013568,24.846074],[121.013431,24.845506],[121.013147,24.844574],[121.012695,24.843706],[121.008637,24.838326],[121.007335,24.836563],[121.006863,24.835976],[121.006618,24.835601],[121.005904,24.834626],[121.003811,24.831819],[121.003202,24.83092],[121.002873,24.830487],[121.001934,24.829],[121.001488,24.828234],[121.001234,24.827764],[121.000399,24.825945],[120.999927,24.82481],[120.997999,24.81977],[120.99771,24.81912],[120.997398,24.818476],[120.997134,24.818039],[120.996624,24.817328],[120.996245,24.816879],[120.996036,24.816653],[120.995595,24.816221],[120.995124,24.815815],[120.990142,24.81194],[120.989802,24.811691],[120.989253,24.811326],[120.987542,24.810355],[120.986568,24.809837],[120.986214,24.80967],[120.98399,24.808698],[120.97918,24.806029],[120.977883,24.805197],[120.976092,24.804079],[120.96862,24.799457],[120.968361,24.799299],[120.968059,24.799148],[120.967812,24.799004],[120.964436,24.796909],[120.963963,24.796673],[120.963379,24.79646],[120.962945,24.796351],[120.962502,24.796278],[120.962001,24.79624],[120.959299,24.796283],[120.955083,24.796374],[120.953861,24.796365],[120.952698,24.796275],[120.952191,24.796189],[120.951692,24.796068],[120.951258,24.79593],[120.950888,24.795787],[120.948698,24.79484],[120.943394,24.792415],[120.94265,24.792109],[120.941945,24.791854],[120.93666,24.790302],[120.933598,24.78929],[120.926879,24.786781],[120.924858,24.78602],[120.92385,24.785627],[120.92341,24.785434],[120.922871,24.78515],[120.922433,24.784886],[120.922016,24.784595],[120.921622,24.784279],[120.921253,24.78394],[120.920911,24.783579],[120.920451,24.783],[120.920182,24.782592],[120.919922,24.782112],[120.919671,24.781537],[120.919533,24.781143],[120.919371,24.780539],[120.91901,24.778237],[120.917819,24.771476],[120.917708,24.771043],[120.917567,24.77058],[120.917308,24.769909],[120.914684,24.764179],[120.911461,24.757248],[120.906348,24.747096],[120.905793,24.746217],[120.905296,24.745519],[120.904985,24.74511],[120.904167,24.744168],[120.902901,24.742993],[120.902541,24.742694],[120.901803,24.742162],[120.901264,24.741797],[120.900376,24.741281],[120.899396,24.740741],[120.89676,24.739418],[120.894226,24.738485],[120.89245,24.737814],[120.891731,24.737495],[120.88525,24.734147],[120.883507,24.733071],[120.87972,24.730429],[120.876096,24.728037],[120.875489,24.727607],[120.874966,24.727178],[120.874218,24.72645],[120.871747,24.723071],[120.870542,24.721512],[120.869823,24.720431],[120.86904,24.718891],[120.868746,24.718192],[120.868591,24.717714],[120.868468,24.717227],[120.868375,24.716707],[120.868319,24.716154],[120.868304,24.715599],[120.868332,24.715044],[120.868403,24.714493],[120.868454,24.714219],[120.869132,24.711636],[120.869665,24.709776],[120.869839,24.709336],[120.870042,24.708906],[120.870233,24.708547],[120.870416,24.708258],[120.870558,24.708045],[120.872157,24.706104],[120.877599,24.699809],[120.878861,24.698435],[120.880319,24.696651],[120.880441,24.696478],[120.88069,24.696001],[120.88086,24.695611],[120.880968,24.695282],[120.881073,24.694718],[120.881088,24.694485],[120.881087,24.693802],[120.880909,24.690799],[120.880894,24.689285],[120.880821,24.687925],[120.880732,24.686649]]}},{"type":"Feature","properties":{"sys":"tra_sched","id":"山線","lineKey":"tra_sched|山線","name":"山線（竹南–彰化）","color":"#E8792B","colorDark":"#663c22","colorFaintLight":"#efc4a2","colorFaintDark":"#402a1f","colorFaintSat":"#4f462c","colorHiddenLight":"#f0d8c1","colorHiddenDark":"#2a201e","colorHiddenSat":"#3c402c","colorFollowDark":"#965325","sortKey":0,"kind":"track"},"geometry":{"type":"LineString","coordinates":[[120.880732,24.686649],[120.880436,24.682639],[120.879923,24.674556],[120.879837,24.673655],[120.879694,24.672702],[120.878751,24.667962],[120.878377,24.665958],[120.878172,24.664967],[120.87773,24.66248],[120.877186,24.659722],[120.87699,24.658638],[120.876606,24.656676],[120.876339,24.655045],[120.876245,24.652261],[120.876183,24.651157],[120.876068,24.650492],[120.875915,24.64992],[120.875666,24.649247],[120.875105,24.648235],[120.874826,24.647843],[120.874502,24.647434],[120.874071,24.646952],[120.873683,24.64659],[120.872313,24.645544],[120.868266,24.642518],[120.867823,24.642109],[120.866947,24.641229],[120.865973,24.640097],[120.86472,24.638688],[120.864461,24.638366],[120.863799,24.637721],[120.862757,24.636813],[120.86099,24.635398],[120.858233,24.633254],[120.857272,24.632463],[120.856675,24.631909],[120.855988,24.631135],[120.85538,24.630358],[120.853991,24.628673],[120.853179,24.627825],[120.848096,24.624368],[120.847756,24.624158],[120.846679,24.623366],[120.84602,24.622734],[120.843859,24.620066],[120.843425,24.61957],[120.843092,24.619237],[120.84261,24.618802],[120.842201,24.618479],[120.841731,24.618157],[120.840848,24.617629],[120.839942,24.617114],[120.838982,24.616532],[120.838376,24.616116],[120.837751,24.615618],[120.835484,24.613419],[120.833996,24.611933],[120.83247,24.610496],[120.831102,24.609144],[120.828105,24.606236],[120.826865,24.604999],[120.826097,24.604173],[120.825115,24.603061],[120.824543,24.602336],[120.824052,24.601442],[120.823693,24.600624],[120.823326,24.599318],[120.821982,24.594837],[120.821836,24.594257],[120.821604,24.593154],[120.821174,24.590269],[120.821094,24.589611],[120.820853,24.588082],[120.820539,24.585866],[120.820303,24.584],[120.820272,24.58314],[120.820308,24.582352],[120.820481,24.581051],[120.821072,24.576939],[120.821789,24.572491],[120.822708,24.566417],[120.822856,24.565312],[120.822869,24.564719],[120.822827,24.56408],[120.822659,24.563247],[120.822346,24.562418],[120.822101,24.561954],[120.821901,24.561641],[120.821556,24.561162],[120.821191,24.560721],[120.820489,24.559994],[120.820273,24.559797],[120.819798,24.5594],[120.81927,24.559011],[120.818996,24.558827],[120.818431,24.558483],[120.814117,24.556032],[120.813378,24.555594],[120.81233,24.554913],[120.810389,24.553768],[120.802438,24.5489],[120.802017,24.548603],[120.801492,24.548137],[120.801059,24.54769],[120.800686,24.547237],[120.800374,24.546782],[120.799839,24.545828],[120.799585,24.545123],[120.799411,24.544324],[120.799353,24.54392],[120.799306,24.54326],[120.799302,24.542482],[120.79944,24.54148],[120.800163,24.539256],[120.800281,24.538631],[120.800368,24.5379],[120.800355,24.537032],[120.800317,24.536645],[120.800179,24.535918],[120.799917,24.535097],[120.799622,24.534383],[120.799419,24.534016],[120.79147,24.522654],[120.789716,24.520225],[120.788304,24.517548],[120.788021,24.516816],[120.78767,24.51485],[120.785679,24.502776],[120.785588,24.501878],[120.785526,24.500573],[120.785584,24.499816],[120.786341,24.49533],[120.786518,24.494004],[120.78659,24.493234],[120.78542,24.479073],[120.785322,24.478173],[120.785136,24.476825],[120.782933,24.464995],[120.782695,24.463893],[120.782379,24.462872],[120.781987,24.461869],[120.781621,24.46111],[120.781208,24.460316],[120.780351,24.458811],[120.778733,24.455714],[120.778271,24.454541],[120.77791,24.453516],[120.775679,24.446756],[120.775511,24.446062],[120.775376,24.445092],[120.77477,24.440188],[120.773852,24.433136],[120.773513,24.430727],[120.773457,24.429734],[120.773448,24.429164],[120.773463,24.428682],[120.773501,24.428219],[120.77358,24.427646],[120.773893,24.426092],[120.77417,24.424549],[120.774241,24.423672],[120.774243,24.42274],[120.774176,24.417282],[120.774124,24.415572],[120.774049,24.415014],[120.77387,24.41425],[120.773672,24.413665],[120.773323,24.412849],[120.772926,24.412183],[120.771877,24.41076],[120.771516,24.410245],[120.771234,24.409807],[120.770936,24.409223],[120.770658,24.408589],[120.77052,24.40813],[120.770394,24.407642],[120.770328,24.407171],[120.77029,24.406612],[120.770293,24.405863],[120.770402,24.405088],[120.770576,24.404373],[120.770816,24.403731],[120.771301,24.402687],[120.772098,24.401109],[120.772587,24.39988],[120.772953,24.39867],[120.77326,24.397512],[120.773412,24.396371],[120.773519,24.39528],[120.773539,24.394081],[120.773484,24.393135],[120.773408,24.392373],[120.773286,24.391509],[120.773134,24.390629],[120.772823,24.389459],[120.772245,24.387805],[120.771739,24.386733],[120.770723,24.384982],[120.770156,24.384174],[120.76943,24.38325],[120.761812,24.374299],[120.760956,24.373271],[120.756316,24.367874],[120.755252,24.366488],[120.754677,24.365678],[120.754117,24.364821],[120.752948,24.362797],[120.75208,24.360988],[120.751675,24.359919],[120.751433,24.359181],[120.750864,24.35733],[120.750554,24.356149],[120.750377,24.355377],[120.748401,24.348432],[120.748383,24.348326],[120.747573,24.34593],[120.745984,24.341836],[120.742943,24.334167],[120.742053,24.331744],[120.741702,24.330839],[120.740699,24.32845],[120.735761,24.31587],[120.734162,24.311757],[120.733938,24.311272],[120.732991,24.308851],[120.732497,24.307524],[120.731956,24.305978],[120.731781,24.305177],[120.731734,24.304352],[120.731768,24.303567],[120.731839,24.303106],[120.731994,24.302403],[120.732305,24.30119],[120.732423,24.300459],[120.732659,24.296347],[120.733013,24.291027],[120.733133,24.290135],[120.733224,24.28972],[120.734883,24.284152],[120.737674,24.27504],[120.737816,24.274517],[120.737893,24.274176],[120.737988,24.273633],[120.738047,24.273087],[120.738069,24.272538],[120.738055,24.271989],[120.738005,24.271441],[120.737862,24.270627],[120.737721,24.270091],[120.737545,24.269564],[120.737334,24.269047],[120.737089,24.268543],[120.736811,24.268054],[120.736366,24.267208],[120.735795,24.266285],[120.735121,24.265358],[120.734593,24.264764],[120.734324,24.264507],[120.733114,24.263497],[120.729588,24.26084],[120.727316,24.259152],[120.726541,24.258612],[120.726174,24.258245],[120.725656,24.257661],[120.725199,24.257021],[120.72486,24.256497],[120.724112,24.255264],[120.721408,24.250393],[120.721235,24.250108],[120.72093,24.249665],[120.720576,24.249223],[120.720205,24.248818],[120.71476,24.243144],[120.714432,24.242778],[120.713934,24.242136],[120.713514,24.241496],[120.71327,24.24105],[120.713055,24.2406],[120.71281,24.24002],[120.709929,24.232821],[120.7095,24.231665],[120.709289,24.230957],[120.708424,24.227621],[120.706787,24.220857],[120.706678,24.220343],[120.70659,24.219793],[120.70613,24.215033],[120.705051,24.203307],[120.704941,24.20235],[120.704265,24.197439],[120.704001,24.195338],[120.703819,24.194104],[120.702849,24.187016],[120.702682,24.185016],[120.702622,24.184484],[120.697139,24.144394],[120.697036,24.14392],[120.696909,24.143491],[120.696745,24.143073],[120.696545,24.142668],[120.696309,24.142278],[120.69604,24.141908],[120.695428,24.141219],[120.69507,24.140919],[120.694678,24.140635],[120.694278,24.140395],[120.693849,24.140174],[120.69199,24.139399],[120.690309,24.138676],[120.688408,24.137725],[120.685855,24.136594],[120.684546,24.136154],[120.683575,24.135798],[120.682979,24.135599],[120.682392,24.135366],[120.681062,24.134798],[120.660392,24.12615],[120.658969,24.125547],[120.658358,24.125251],[120.657794,24.12494],[120.657234,24.124604],[120.648101,24.119006],[120.646971,24.11829],[120.640821,24.114512],[120.639889,24.113974],[120.639103,24.113542],[120.63696,24.11228],[120.634003,24.110418],[120.633694,24.110211],[120.633249,24.109961],[120.632825,24.109751],[120.632386,24.109565],[120.631536,24.109293],[120.630878,24.109103],[120.629393,24.108714],[120.628645,24.10855],[120.628208,24.108483],[120.627823,24.108444],[120.62742,24.108418],[120.627028,24.108414],[120.626134,24.108469],[120.618399,24.109319],[120.616387,24.109516],[120.61013,24.110212],[120.606493,24.110599],[120.605215,24.110752],[120.601426,24.111142],[120.600102,24.111308],[120.598821,24.111512],[120.59848,24.111583],[120.598233,24.111645],[120.596926,24.112034],[120.595676,24.112465],[120.59315,24.113377],[120.588218,24.115126],[120.586959,24.115555],[120.586576,24.115667],[120.586169,24.115755],[120.585617,24.115833],[120.585235,24.115861],[120.584725,24.115862],[120.584234,24.115844],[120.58377,24.11579],[120.583222,24.115684],[120.582765,24.115555],[120.58232,24.115396],[120.58168,24.1151],[120.581275,24.114867],[120.580879,24.114598],[120.580496,24.114291],[120.580142,24.113958],[120.579817,24.113599],[120.579526,24.113218],[120.579269,24.112816],[120.579048,24.112397],[120.578844,24.111934],[120.576072,24.103539],[120.575746,24.102714],[120.575612,24.102427],[120.575317,24.101865],[120.574987,24.101319],[120.574624,24.100791],[120.574228,24.100283],[120.573801,24.099796],[120.573343,24.099333],[120.572871,24.098905],[120.572387,24.098513],[120.57188,24.098145],[120.571081,24.097642],[120.570212,24.097187],[120.569688,24.09695],[120.558524,24.092829],[120.553231,24.090892],[120.551216,24.09013],[120.549231,24.089424],[120.544363,24.087643],[120.542433,24.086857],[120.542237,24.086761],[120.541943,24.086595],[120.541555,24.086335],[120.541251,24.086087],[120.540926,24.085759],[120.539725,24.084092],[120.539352,24.083493],[120.539134,24.083035],[120.538144,24.081482]]}},{"type":"Feature","properties":{"sys":"tra_sched","id":"海線","lineKey":"tra_sched|海線","name":"海線（竹南–彰化）","color":"#3AA76D","colorDark":"#214f3c","colorFaintLight":"#b2d5b9","colorFaintDark":"#19342e","colorFaintSat":"#29503a","colorHiddenLight":"#d1e0cd","colorHiddenDark":"#152626","colorHiddenSat":"#274534","colorFollowDark":"#2a6f4e","sortKey":0,"kind":"track"},"geometry":{"type":"LineString","coordinates":[[120.880732,24.686649],[120.88012,24.679165],[120.88004,24.677643],[120.879942,24.676563],[120.879853,24.675904],[120.879731,24.675282],[120.879524,24.674529],[120.879237,24.673767],[120.879025,24.673282],[120.878498,24.672324],[120.877994,24.671527],[120.877148,24.670305],[120.876223,24.668871],[120.874931,24.66698],[120.872998,24.664041],[120.872577,24.663432],[120.872097,24.66281],[120.87182,24.662479],[120.871111,24.661745],[120.870423,24.661142],[120.869911,24.66075],[120.869349,24.660368],[120.868763,24.660017],[120.868171,24.659705],[120.867529,24.65941],[120.86721,24.65928],[120.865984,24.658868],[120.865031,24.658605],[120.862202,24.65794],[120.86167,24.657805],[120.861286,24.657686],[120.860577,24.657446],[120.85822,24.656552],[120.854553,24.655224],[120.853661,24.655071],[120.85321,24.655045],[120.852469,24.655063],[120.851958,24.65512],[120.851452,24.655213],[120.850616,24.655476],[120.850124,24.655679],[120.847145,24.65748],[120.845595,24.658655],[120.843393,24.660401],[120.842355,24.661175],[120.84178,24.661529],[120.841032,24.661895],[120.838834,24.662683],[120.832886,24.664752],[120.832347,24.664899],[120.8317,24.665033],[120.831287,24.665092],[120.830959,24.665129],[120.830563,24.665151],[120.829739,24.665154],[120.828917,24.665073],[120.828323,24.664974],[120.827906,24.6649],[120.827248,24.664721],[120.82526,24.664151],[120.819905,24.662551],[120.819511,24.662411],[120.818855,24.662139],[120.818369,24.661893],[120.817715,24.661522],[120.81686,24.660937],[120.815806,24.66008],[120.814786,24.659327],[120.813774,24.658522],[120.810947,24.656358],[120.810522,24.656049],[120.810046,24.65566],[120.809648,24.655298],[120.809343,24.65498],[120.808926,24.654485],[120.808712,24.654166],[120.808395,24.653638],[120.807175,24.651709],[120.805579,24.649116],[120.805568,24.648979],[120.805074,24.6481],[120.804539,24.647226],[120.804419,24.647061],[120.80428,24.646812],[120.802461,24.643905],[120.802232,24.64366],[120.802167,24.643618],[120.801662,24.642813],[120.800264,24.640499],[120.798635,24.63786],[120.798425,24.637558],[120.7976,24.636257],[120.79496,24.631994],[120.794536,24.631248],[120.794356,24.630889],[120.79408,24.630253],[120.793291,24.62799],[120.791442,24.622507],[120.791275,24.622063],[120.791033,24.621522],[120.790781,24.621027],[120.790283,24.620227],[120.789861,24.619629],[120.788642,24.618083],[120.78676,24.615599],[120.785294,24.613725],[120.78339,24.611222],[120.782068,24.609519],[120.781439,24.60883],[120.780884,24.608336],[120.780264,24.607859],[120.779862,24.60763],[120.778786,24.606968],[120.778366,24.606739],[120.777855,24.606496],[120.777308,24.606278],[120.776568,24.606057],[120.775826,24.605908],[120.775175,24.60584],[120.774557,24.605822],[120.774185,24.605831],[120.773852,24.605849],[120.772656,24.606018],[120.771163,24.606333],[120.770167,24.606517],[120.769276,24.606708],[120.768647,24.606908],[120.768433,24.606992],[120.767645,24.607373],[120.767084,24.607772],[120.766647,24.608126],[120.766247,24.608516],[120.764912,24.609891],[120.764528,24.610212],[120.764032,24.610579],[120.763509,24.610874],[120.763099,24.611081],[120.762744,24.611217],[120.762127,24.611411],[120.761928,24.611459],[120.761376,24.611543],[120.759674,24.61175],[120.758078,24.61191],[120.757382,24.611967],[120.756828,24.61198],[120.756414,24.61197],[120.756002,24.611937],[120.755651,24.6119],[120.755258,24.611832],[120.754679,24.611703],[120.754177,24.611554],[120.753204,24.611234],[120.751517,24.610655],[120.751204,24.610542],[120.750796,24.610363],[120.750463,24.610194],[120.749974,24.609919],[120.749416,24.609566],[120.747141,24.608059],[120.744592,24.606332],[120.743783,24.605899],[120.742981,24.605589],[120.742772,24.605525],[120.742292,24.605401],[120.741702,24.605298],[120.740817,24.605249],[120.738277,24.605398],[120.735698,24.605592],[120.734644,24.60561],[120.733619,24.605563],[120.732935,24.605461],[120.732146,24.605242],[120.731125,24.604861],[120.73024,24.604388],[120.728399,24.60326],[120.727323,24.602378],[120.725615,24.600794],[120.723138,24.598346],[120.721226,24.596369],[120.720107,24.594887],[120.718616,24.592718],[120.717605,24.591192],[120.717458,24.590992],[120.716949,24.59012],[120.71651,24.589317],[120.716018,24.588172],[120.715493,24.586877],[120.713834,24.582486],[120.711788,24.577174],[120.711585,24.576255],[120.711527,24.575819],[120.7115,24.575449],[120.711498,24.575085],[120.711544,24.574365],[120.711667,24.573188],[120.711728,24.572344],[120.711704,24.571633],[120.711636,24.571251],[120.711546,24.57087],[120.711221,24.570008],[120.70796,24.564924],[120.705767,24.56147],[120.698353,24.549632],[120.69815,24.549327],[120.697776,24.548693],[120.697468,24.547996],[120.697201,24.547144],[120.696396,24.544055],[120.696278,24.543578],[120.695929,24.541857],[120.695532,24.540265],[120.694593,24.536779],[120.694215,24.535237],[120.693501,24.532506],[120.693192,24.531213],[120.692708,24.527949],[120.691668,24.521569],[120.691484,24.520028],[120.691479,24.517665],[120.691333,24.516101],[120.688966,24.507243],[120.688577,24.506048],[120.685252,24.499917],[120.684713,24.499006],[120.684048,24.498144],[120.681217,24.494939],[120.678386,24.49175],[120.677092,24.490383],[120.676601,24.489831],[120.676285,24.489411],[120.675224,24.48765],[120.674252,24.486103],[120.673752,24.48548],[120.671541,24.483245],[120.670935,24.482529],[120.669618,24.480824],[120.666378,24.476715],[120.666076,24.476297],[120.665761,24.475915],[120.663946,24.47359],[120.663467,24.472868],[120.663102,24.472089],[120.662878,24.471425],[120.662579,24.469922],[120.661392,24.46253],[120.66085,24.459643],[120.660526,24.458652],[120.659987,24.457225],[120.65926,24.455727],[120.6589,24.455094],[120.658567,24.454588],[120.657599,24.45322],[120.657112,24.45264],[120.655499,24.450584],[120.654703,24.449616],[120.654182,24.448942],[120.653667,24.448245],[120.652899,24.44698],[120.652399,24.446126],[120.651356,24.443983],[120.6502,24.441373],[120.649779,24.440504],[120.649336,24.439412],[120.64917,24.438902],[120.648918,24.437705],[120.648885,24.437193],[120.648891,24.436732],[120.649015,24.435539],[120.649113,24.43516],[120.649281,24.434562],[120.651542,24.427109],[120.651752,24.426482],[120.654222,24.418374],[120.662311,24.391758],[120.662482,24.391096],[120.662548,24.390647],[120.662595,24.38981],[120.662587,24.389368],[120.662548,24.388941],[120.662463,24.388437],[120.662283,24.387767],[120.662011,24.387081],[120.661821,24.386701],[120.661568,24.386252],[120.661226,24.385804],[120.660286,24.384661],[120.658531,24.382707],[120.658014,24.382174],[120.657092,24.381122],[120.656239,24.380121],[120.655626,24.379372],[120.654751,24.378249],[120.652581,24.375826],[120.649854,24.372729],[120.648247,24.370973],[120.645293,24.367576],[120.643363,24.365389],[120.641457,24.3632],[120.640484,24.361876],[120.63698,24.356973],[120.636099,24.355808],[120.635303,24.35492],[120.63489,24.354514],[120.633192,24.352639],[120.632692,24.352133],[120.632195,24.351602],[120.631892,24.351221],[120.631371,24.350437],[120.629155,24.347193],[120.628774,24.346591],[120.627967,24.34521],[120.627322,24.344242],[120.626717,24.34336],[120.625569,24.341754],[120.625189,24.341292],[120.62274,24.337628],[120.621812,24.336496],[120.621173,24.335897],[120.620552,24.335366],[120.619488,24.334632],[120.618132,24.333803],[120.614995,24.331934],[120.614201,24.331489],[120.612785,24.330453],[120.612076,24.329835],[120.611246,24.328954],[120.610518,24.327932],[120.610175,24.327402],[120.609749,24.326513],[120.609364,24.325528],[120.608931,24.324152],[120.605589,24.313198],[120.605289,24.312263],[120.604585,24.310482],[120.602439,24.303548],[120.601063,24.299389],[120.600627,24.298334],[120.599696,24.296481],[120.599454,24.295743],[120.598686,24.29419],[120.596941,24.291969],[120.590237,24.284036],[120.58684,24.279982],[120.585401,24.278295],[120.583904,24.276209],[120.583493,24.275693],[120.58311,24.275272],[120.582768,24.274992],[120.582422,24.274762],[120.582027,24.274553],[120.581745,24.274446],[120.581359,24.274331],[120.581025,24.274264],[120.58065,24.274205],[120.576415,24.27408],[120.576064,24.274056],[120.575623,24.273992],[120.575194,24.273898],[120.574504,24.273691],[120.574321,24.273596],[120.573719,24.273208],[120.573196,24.272776],[120.572765,24.27225],[120.572438,24.271651],[120.572131,24.270997],[120.571006,24.268499],[120.57063,24.267547],[120.570398,24.267018],[120.570296,24.266791],[120.570182,24.266633],[120.567945,24.261534],[120.5678,24.261196],[120.567594,24.26063],[120.566607,24.258402],[120.564282,24.25293],[120.563492,24.251205],[120.560492,24.244291],[120.559781,24.242575],[120.558948,24.240761],[120.558256,24.239079],[120.557936,24.238416],[120.555022,24.231677],[120.553962,24.229372],[120.551971,24.224704],[120.550823,24.221958],[120.549848,24.219724],[120.54953,24.218929],[120.548644,24.216032],[120.547688,24.213025],[120.546632,24.209527],[120.545345,24.205188],[120.544908,24.203378],[120.544457,24.20182],[120.542646,24.195671],[120.542524,24.195411],[120.542281,24.194614],[120.541633,24.192306],[120.541335,24.191364],[120.54105,24.190666],[120.540807,24.19028],[120.540316,24.189418],[120.539877,24.188704],[120.539426,24.187995],[120.538795,24.187126],[120.538571,24.18676],[120.538212,24.186006],[120.537991,24.185506],[120.537693,24.184717],[120.537464,24.183769],[120.537336,24.182923],[120.537282,24.18223],[120.537289,24.181353],[120.537353,24.180673],[120.537489,24.179678],[120.537913,24.176782],[120.53834,24.17428],[120.539462,24.16637],[120.539672,24.16527],[120.541208,24.159273],[120.541548,24.15801],[120.54182,24.156675],[120.542015,24.155589],[120.542154,24.154937],[120.542593,24.15248],[120.542918,24.150839],[120.542932,24.150705],[120.543329,24.148525],[120.543612,24.147095],[120.543794,24.146074],[120.543949,24.145394],[120.544061,24.145015],[120.544287,24.14441],[120.544525,24.143946],[120.544863,24.143378],[120.545079,24.143047],[120.545858,24.142004],[120.546537,24.141048],[120.547205,24.140017],[120.548478,24.138155],[120.549414,24.136851],[120.552003,24.133137],[120.552566,24.132391],[120.553833,24.130545],[120.554393,24.129702],[120.555422,24.128262],[120.556042,24.127346],[120.556905,24.126174],[120.55756,24.125367],[120.55836,24.124589],[120.559076,24.124016],[120.560134,24.123297],[120.560957,24.122861],[120.561674,24.122539],[120.562535,24.122282],[120.563395,24.121991],[120.565893,24.121334],[120.566785,24.121077],[120.569701,24.12029],[120.574932,24.118896],[120.575269,24.118782],[120.575747,24.118593],[120.57624,24.118322],[120.576772,24.117986],[120.577114,24.117714],[120.577435,24.117419],[120.577733,24.117102],[120.578191,24.116507],[120.578351,24.11624],[120.578549,24.115858],[120.578713,24.115463],[120.578843,24.115058],[120.578938,24.114645],[120.578997,24.114226],[120.57902,24.113804],[120.579005,24.113362],[120.57895,24.112924],[120.578908,24.112706],[120.578795,24.112277],[120.578231,24.11053],[120.575932,24.103587],[120.575719,24.103009],[120.57544,24.102402],[120.575156,24.101877],[120.574791,24.101268],[120.574411,24.100769],[120.57355,24.099733],[120.573177,24.099344],[120.572237,24.098537],[120.571751,24.098191],[120.571053,24.097759],[120.570481,24.097431],[120.570088,24.097234],[120.569652,24.097042],[120.566314,24.09581],[120.565474,24.095439],[120.562813,24.09445],[120.555593,24.091807],[120.553231,24.090892],[120.551216,24.09013],[120.549231,24.089424],[120.544363,24.087643],[120.542433,24.086857],[120.542237,24.086761],[120.541943,24.086595],[120.541555,24.086335],[120.541251,24.086087],[120.540926,24.085759],[120.539725,24.084092],[120.539352,24.083493],[120.539134,24.083035],[120.538144,24.081482]]}},{"type":"Feature","properties":{"sys":"tra_sched","id":"縱貫線南段","lineKey":"tra_sched|縱貫線南段","name":"縱貫線南段（彰化–高雄）","color":"#C0392B","colorDark":"#562322","colorFaintLight":"#e1aea2","colorFaintDark":"#371c1f","colorFaintSat":"#46382c","colorHiddenLight":"#e9cdc1","colorHiddenDark":"#25181e","colorHiddenSat":"#37382c","colorFollowDark":"#7d2b25","sortKey":0,"kind":"track"},"geometry":{"type":"LineString","coordinates":[[120.538144,24.081482],[120.537482,24.080436],[120.536202,24.078547],[120.535466,24.07741],[120.535037,24.076386],[120.53492,24.076062],[120.534717,24.075273],[120.533904,24.071837],[120.531282,24.06009],[120.530987,24.058648],[120.530238,24.055656],[120.528498,24.047888],[120.52845,24.047436],[120.528435,24.046755],[120.528498,24.045998],[120.528591,24.045473],[120.528725,24.044956],[120.528883,24.044482],[120.530368,24.040948],[120.536176,24.027417],[120.536614,24.026413],[120.536845,24.025955],[120.537742,24.023843],[120.538077,24.022943],[120.538226,24.022604],[120.539522,24.019392],[120.539916,24.018523],[120.540317,24.017792],[120.540683,24.017198],[120.541648,24.015971],[120.543112,24.014227],[120.544697,24.012285],[120.54535,24.011513],[120.547202,24.00946],[120.547922,24.008613],[120.54984,24.006035],[120.550347,24.005395],[120.556125,23.998422],[120.558002,23.996101],[120.558437,23.995465],[120.558786,23.99481],[120.558973,23.994376],[120.559422,23.993242],[120.559843,23.992125],[120.560104,23.991345],[120.560592,23.990057],[120.561079,23.988862],[120.562465,23.985254],[120.564124,23.980859],[120.566134,23.975634],[120.569101,23.967858],[120.569336,23.967212],[120.569472,23.966688],[120.56956,23.966209],[120.569663,23.965342],[120.569687,23.964528],[120.56967,23.962417],[120.56968,23.955357],[120.569669,23.950815],[120.569614,23.946032],[120.569614,23.937705],[120.569646,23.936292],[120.569625,23.935926],[120.569647,23.935363],[120.569698,23.93488],[120.569756,23.934525],[120.569986,23.933452],[120.570169,23.932852],[120.572401,23.926166],[120.573004,23.924431],[120.574952,23.918675],[120.57551,23.916523],[120.576664,23.911868],[120.578667,23.903511],[120.579473,23.900226],[120.57991,23.89859],[120.582964,23.885993],[120.583015,23.885967],[120.586419,23.871762],[120.586876,23.869924],[120.587157,23.869044],[120.587701,23.867639],[120.588722,23.865172],[120.590587,23.860858],[120.591585,23.858395],[120.592664,23.855822],[120.593666,23.853386],[120.595625,23.848449],[120.596664,23.845976],[120.596998,23.845126],[120.602716,23.831277],[120.603164,23.830252],[120.60353,23.829559],[120.603876,23.829033],[120.604386,23.828314],[120.61173,23.818395],[120.612364,23.817646],[120.61298,23.817052],[120.613627,23.816527],[120.616272,23.814707],[120.618358,23.813247],[120.621075,23.811373],[120.623353,23.809769],[120.624457,23.809017],[120.627727,23.806741],[120.628486,23.806164],[120.629158,23.805587],[120.631102,23.803496],[120.639036,23.794885],[120.639493,23.79428],[120.639889,23.793651],[120.640097,23.793231],[120.640299,23.792746],[120.640382,23.792503],[120.640459,23.792267],[120.640559,23.79185],[120.640648,23.791353],[120.640712,23.79064],[120.640704,23.789945],[120.640637,23.789303],[120.64045,23.788201],[120.638529,23.778723],[120.63814,23.77673],[120.638005,23.776159],[120.637794,23.77549],[120.63754,23.774862],[120.636877,23.773657],[120.636543,23.773195],[120.636173,23.772749],[120.635608,23.772118],[120.635407,23.771912],[120.635188,23.771721],[120.634731,23.771362],[120.634255,23.771023],[120.633478,23.770552],[120.632935,23.770277],[120.632489,23.770073],[120.62466,23.766832],[120.623838,23.766451],[120.622986,23.765974],[120.622442,23.765621],[120.621921,23.765241],[120.621201,23.764682],[120.61725,23.761698],[120.614644,23.759701],[120.612808,23.75834],[120.60919,23.755521],[120.60853,23.75505],[120.60736,23.754276],[120.606522,23.753757],[120.605447,23.753165],[120.601442,23.751138],[120.600364,23.750522],[120.599663,23.750079],[120.598978,23.749608],[120.595469,23.746994],[120.594209,23.74593],[120.59126,23.743049],[120.579787,23.73176],[120.576395,23.728395],[120.57057,23.72269],[120.570288,23.722364],[120.56481,23.717064],[120.564226,23.716612],[120.563785,23.716308],[120.563228,23.715984],[120.562686,23.715715],[120.562139,23.715482],[120.56159,23.715285],[120.56103,23.715118],[120.56046,23.714983],[120.559879,23.714881],[120.559431,23.714827],[120.551212,23.714378],[120.549327,23.714254],[120.546905,23.714152],[120.546158,23.714077],[120.545472,23.713966],[120.544801,23.713793],[120.544084,23.713534],[120.543625,23.713321],[120.543368,23.713182],[120.54232,23.712565],[120.536792,23.709076],[120.535116,23.708038],[120.534613,23.707697],[120.53416,23.707341],[120.532035,23.705352],[120.527802,23.701216],[120.527121,23.700616],[120.526627,23.700245],[120.52614,23.699921],[120.524936,23.699298],[120.522024,23.698045],[120.508392,23.692038],[120.494643,23.686002],[120.493116,23.685371],[120.492222,23.684963],[120.491735,23.684706],[120.491036,23.684275],[120.490333,23.683755],[120.49004,23.683506],[120.489585,23.683079],[120.489097,23.682548],[120.487304,23.680399],[120.486978,23.679955],[120.485552,23.678187],[120.484871,23.677284],[120.483729,23.675813],[120.482847,23.674724],[120.482269,23.674044],[120.481157,23.672655],[120.479953,23.671193],[120.479597,23.670845],[120.477609,23.668522],[120.477105,23.667902],[120.476124,23.666641],[120.475737,23.665989],[120.475519,23.665537],[120.475344,23.665097],[120.475129,23.664393],[120.474997,23.663832],[120.472602,23.649362],[120.472352,23.648029],[120.472065,23.646122],[120.471705,23.643944],[120.47152,23.643033],[120.470957,23.639564],[120.470065,23.63427],[120.469529,23.630883],[120.468545,23.624892],[120.468473,23.62448],[120.468288,23.623677],[120.468106,23.623065],[120.467917,23.622505],[120.467533,23.621568],[120.460622,23.607717],[120.459707,23.605865],[120.459135,23.604661],[120.458819,23.604076],[120.458585,23.603703],[120.4583,23.6033],[120.457516,23.602387],[120.456634,23.601468],[120.454569,23.599355],[120.452563,23.597395],[120.449104,23.593836],[120.448176,23.59285],[120.441315,23.585787],[120.440889,23.585296],[120.440689,23.585042],[120.44032,23.58453],[120.439837,23.583744],[120.439557,23.583201],[120.43915,23.582242],[120.438974,23.58171],[120.437531,23.576466],[120.436807,23.574212],[120.43533,23.568755],[120.433769,23.562762],[120.433275,23.561068],[120.430785,23.551951],[120.42937,23.546875],[120.428075,23.542106],[120.427971,23.541471],[120.427901,23.540771],[120.427903,23.540095],[120.427948,23.539419],[120.428072,23.538639],[120.428215,23.538079],[120.428382,23.537532],[120.428573,23.537053],[120.428835,23.536517],[120.429325,23.535657],[120.43075,23.533328],[120.439926,23.518523],[120.442373,23.514533],[120.443524,23.512701],[120.44542,23.509632],[120.445976,23.508689],[120.446219,23.508208],[120.446442,23.50771],[120.44667,23.507088],[120.446981,23.505923],[120.447219,23.504959],[120.448,23.501637],[120.448532,23.499473],[120.450075,23.492708],[120.450142,23.4922],[120.450175,23.491675],[120.450162,23.490956],[120.450039,23.490284],[120.449951,23.489956],[120.449862,23.489681],[120.449591,23.489025],[120.449281,23.488461],[120.448949,23.487969],[120.448291,23.487176],[120.445537,23.48416],[120.444987,23.483606],[120.442541,23.48101],[120.441623,23.479974],[120.440389,23.47863],[120.439573,23.477709],[120.43754,23.475524],[120.437123,23.475031],[120.436225,23.474068],[120.433446,23.470915],[120.432254,23.46973],[120.427175,23.464103],[120.426128,23.462824],[120.421703,23.457967],[120.420628,23.456916],[120.419809,23.456056],[120.404276,23.438887],[120.399627,23.433717],[120.398692,23.432705],[120.39642,23.430132],[120.395726,23.429229],[120.395218,23.428514],[120.388254,23.416628],[120.38779,23.415727],[120.387377,23.414845],[120.387112,23.414133],[120.386985,23.413722],[120.386847,23.413186],[120.386685,23.41225],[120.386605,23.411559],[120.386457,23.409393],[120.386188,23.405864],[120.385949,23.402366],[120.385867,23.401737],[120.385738,23.401141],[120.385528,23.400439],[120.385286,23.399808],[120.385005,23.399217],[120.384677,23.398646],[120.384268,23.398061],[120.383979,23.397697],[120.383332,23.396979],[120.382556,23.39629],[120.381279,23.395283],[120.380422,23.394529],[120.379911,23.394],[120.379323,23.393275],[120.377612,23.39097],[120.375845,23.388495],[120.372451,23.383934],[120.365113,23.373664],[120.363985,23.371889],[120.362544,23.369557],[120.362117,23.36893],[120.3604,23.366128],[120.358659,23.363374],[120.353808,23.355608],[120.346499,23.343826],[120.345664,23.342431],[120.343371,23.338783],[120.338401,23.330728],[120.326921,23.312405],[120.324617,23.308696],[120.324003,23.307693],[120.32357,23.306869],[120.322185,23.304651],[120.32194,23.304235],[120.321349,23.303003],[120.321038,23.302289],[120.320805,23.301665],[120.320674,23.301091],[120.320628,23.300624],[120.320631,23.300138],[120.320711,23.299565],[120.320817,23.29916],[120.321482,23.297255],[120.322408,23.294862],[120.322544,23.294429],[120.322741,23.293604],[120.322841,23.292959],[120.32289,23.292335],[120.32289,23.29174],[120.322859,23.291182],[120.322775,23.286373],[120.322658,23.277294],[120.322622,23.273256],[120.322679,23.271783],[120.322675,23.271026],[120.322483,23.257731],[120.322446,23.256962],[120.322217,23.253983],[120.322009,23.251821],[120.321871,23.250916],[120.321819,23.250369],[120.321465,23.246212],[120.320941,23.239652],[120.320377,23.233121],[120.318362,23.207872],[120.318325,23.207291],[120.318296,23.206214],[120.318379,23.205027],[120.318777,23.200747],[120.319012,23.197842],[120.319121,23.196778],[120.319007,23.19753],[120.319191,23.195784],[120.31935,23.193814],[120.319468,23.192719],[120.319841,23.188599],[120.320137,23.185525],[120.320224,23.184833],[120.320612,23.180332],[120.321206,23.173866],[120.32124,23.17295],[120.321217,23.172336],[120.321172,23.171924],[120.3211,23.171484],[120.320971,23.170889],[120.318319,23.162957],[120.317478,23.16061],[120.316666,23.158607],[120.316088,23.157389],[120.312351,23.150055],[120.308964,23.143361],[120.308534,23.142381],[120.308228,23.141452],[120.308124,23.141017],[120.307796,23.139253],[120.307558,23.138126],[120.307475,23.13766],[120.307402,23.137111],[120.307221,23.136176],[120.307185,23.135883],[120.3071,23.135542],[120.304648,23.122059],[120.304141,23.119169],[120.303039,23.113099],[120.301652,23.105686],[120.300404,23.098796],[120.298275,23.08721],[120.297188,23.081106],[120.296967,23.080017],[120.296371,23.076757],[120.296177,23.075557],[120.296003,23.074877],[120.295754,23.074169],[120.295098,23.072962],[120.294617,23.072341],[120.294438,23.072142],[120.294224,23.071914],[120.293628,23.071388],[120.292932,23.070856],[120.29239,23.070375],[120.286834,23.065897],[120.281234,23.06129],[120.278593,23.059175],[120.266586,23.049363],[120.260802,23.044669],[120.257511,23.041972],[120.255213,23.040045],[120.253862,23.038932],[120.252512,23.037843],[120.251086,23.036775],[120.24786,23.034168],[120.247142,23.033644],[120.245611,23.032727],[120.240315,23.029618],[120.237001,23.02771],[120.236108,23.027177],[120.231059,23.024244],[120.226766,23.021701],[120.226338,23.02143],[120.22596,23.021155],[120.225699,23.020943],[120.22545,23.020721],[120.224913,23.020182],[120.224399,23.019555],[120.223234,23.017887],[120.221412,23.015375],[120.219967,23.013326],[120.218062,23.010768],[120.215474,23.007129],[120.215214,23.006784],[120.215006,23.006437],[120.214714,23.005799],[120.214621,23.005557],[120.214498,23.005155],[120.214225,23.003841],[120.213851,23.001792],[120.211992,22.992293],[120.211918,22.991816],[120.211887,22.991358],[120.211933,22.990749],[120.212008,22.990248],[120.212147,22.989705],[120.212817,22.98764],[120.213281,22.986016],[120.216004,22.977394],[120.216532,22.975643],[120.217349,22.973309],[120.21755,22.972481],[120.217666,22.971815],[120.217702,22.971356],[120.217705,22.97067],[120.217298,22.964632],[120.217244,22.962191],[120.217374,22.961081],[120.217704,22.958727],[120.217773,22.958319],[120.218152,22.955496],[120.218437,22.953567],[120.218638,22.952478],[120.218773,22.952028],[120.219017,22.951361],[120.21945,22.950471],[120.219851,22.949773],[120.223197,22.945672],[120.224107,22.944604],[120.227585,22.940398],[120.228485,22.939048],[120.230861,22.934542],[120.230996,22.934249],[120.231169,22.933966],[120.232485,22.931504],[120.233267,22.930118],[120.233781,22.929145],[120.233969,22.928854],[120.234443,22.928238],[120.234941,22.927764],[120.235462,22.927369],[120.237312,22.925901],[120.238093,22.925255],[120.239437,22.924239],[120.242361,22.92187],[120.243365,22.921089],[120.243989,22.920494],[120.247777,22.916447],[120.248551,22.915579],[120.249003,22.915025],[120.249486,22.914271],[120.249829,22.91357],[120.25009,22.912878],[120.252148,22.905581],[120.25324,22.901643],[120.253486,22.900685],[120.253545,22.900356],[120.253642,22.899596],[120.25367,22.898973],[120.25368,22.896835],[120.253777,22.892879],[120.253702,22.890604],[120.253681,22.888572],[120.253705,22.888256],[120.253946,22.881581],[120.253941,22.880999],[120.253893,22.880735],[120.253928,22.879723],[120.254007,22.878913],[120.254094,22.8784],[120.254308,22.877484],[120.254959,22.87583],[120.255745,22.873734],[120.256938,22.870444],[120.258648,22.865964],[120.259335,22.864477],[120.259692,22.863819],[120.263997,22.857628],[120.266207,22.854429],[120.2666,22.853838],[120.267498,22.852579],[120.268175,22.85157],[120.270432,22.846866],[120.272232,22.843222],[120.272567,22.842508],[120.272796,22.84213],[120.276959,22.835534],[120.27846,22.833125],[120.279764,22.83111],[120.281128,22.828886],[120.284546,22.823546],[120.2877,22.818673],[120.289847,22.815314],[120.291343,22.813063],[120.292673,22.811018],[120.295576,22.806456],[120.298104,22.802639],[120.298681,22.801707],[120.299051,22.801063],[120.299334,22.800436],[120.299544,22.799816],[120.299819,22.798799],[120.2999,22.798343],[120.301118,22.786644],[120.301303,22.78475],[120.301489,22.783507],[120.301682,22.782772],[120.302344,22.780771],[120.306382,22.769521],[120.307308,22.766862],[120.307524,22.766299],[120.307768,22.765712],[120.308597,22.764105],[120.309403,22.76259],[120.311442,22.758853],[120.311822,22.758111],[120.313564,22.754924],[120.315044,22.752142],[120.316749,22.749037],[120.31723,22.748105],[120.317723,22.747209],[120.318721,22.745324],[120.319463,22.744013],[120.321355,22.740537],[120.321744,22.739845],[120.32259,22.738694],[120.324498,22.73617],[120.324977,22.735357],[120.325111,22.735056],[120.325237,22.7347],[120.325479,22.733795],[120.325569,22.733307],[120.325614,22.732717],[120.325596,22.731906],[120.325464,22.731131],[120.325227,22.7302],[120.324903,22.729349],[120.324774,22.729132],[120.324389,22.728211],[120.323654,22.726193],[120.323415,22.72525],[120.322166,22.721793],[120.322026,22.721354],[120.321903,22.720858],[120.321826,22.720312],[120.321804,22.719575],[120.321862,22.718721],[120.322029,22.71788],[120.322176,22.71743],[120.322548,22.716418],[120.323017,22.714992],[120.323111,22.714673],[120.323215,22.714121],[120.323687,22.710718],[120.323954,22.708533],[120.323992,22.707633],[120.323891,22.706687],[120.323762,22.706147],[120.323519,22.705446],[120.322807,22.703817],[120.322586,22.703378],[120.321863,22.702166],[120.321179,22.701236],[120.320247,22.700124],[120.318728,22.698265],[120.317798,22.697273],[120.317027,22.696497],[120.316144,22.695688],[120.31522,22.694768],[120.311122,22.690804],[120.309708,22.689578],[120.307332,22.6876],[120.306594,22.68694],[120.304191,22.684894],[120.302928,22.683779],[120.301251,22.682047],[120.300411,22.681143],[120.297366,22.677952],[120.295813,22.676264],[120.293938,22.674263],[120.291763,22.671985],[120.291037,22.671201],[120.290586,22.670783],[120.289977,22.67015],[120.289562,22.66968],[120.289223,22.669245],[120.288758,22.66855],[120.287979,22.667453],[120.287467,22.666661],[120.286801,22.665704],[120.283623,22.661004],[120.282979,22.66001],[120.282519,22.659249],[120.282097,22.658369],[120.281924,22.657835],[120.28185,22.657465],[120.281773,22.656772],[120.281726,22.656133],[120.281642,22.654587],[120.281227,22.648817],[120.281142,22.64676],[120.281044,22.645771],[120.280886,22.64459],[120.280832,22.64362],[120.28085,22.642635],[120.280883,22.64207],[120.280972,22.64144],[120.281214,22.640559],[120.2814,22.63996],[120.281737,22.638972],[120.281978,22.638491],[120.282179,22.638175],[120.282412,22.637879],[120.282677,22.637606],[120.282969,22.637359],[120.283287,22.637139],[120.283626,22.63695],[120.284132,22.636741],[120.284663,22.636598],[120.285027,22.636542],[120.285395,22.636516],[120.285918,22.636522],[120.286261,22.63657],[120.286924,22.6367],[120.288445,22.637024],[120.289793,22.637324],[120.290283,22.637445],[120.291494,22.637951],[120.292544,22.638543],[120.294356,22.639411],[120.294843,22.639605],[120.295354,22.639765],[120.296025,22.639912],[120.296649,22.639961],[120.299036,22.639858],[120.301415,22.63952],[120.302582,22.639433]]}},{"type":"Feature","properties":{"sys":"tra_sched","id":"屏東線","lineKey":"tra_sched|屏東線","name":"屏東線（高雄–枋寮）","color":"#8E44AD","colorDark":"#422756","colorFaintLight":"#cfb2cf","colorFaintDark":"#2c1f3c","colorFaintSat":"#3b3b48","colorHiddenLight":"#e0cfd8","colorHiddenDark":"#1f1a2d","colorHiddenSat":"#31393b","colorFollowDark":"#5e3276","sortKey":0,"kind":"track"},"geometry":{"type":"LineString","coordinates":[[120.302582,22.639433],[120.304246,22.639344],[120.305673,22.639336],[120.314589,22.638741],[120.317676,22.638565],[120.318703,22.638432],[120.32148,22.637923],[120.331597,22.636158],[120.342757,22.634123],[120.347118,22.633417],[120.349703,22.632977],[120.351706,22.632599],[120.356778,22.631563],[120.359794,22.631045],[120.361596,22.630759],[120.361945,22.630735],[120.362575,22.630775],[120.363114,22.63086],[120.363549,22.630957],[120.36387,22.631055],[120.364278,22.631208],[120.364625,22.631375],[120.364942,22.631549],[120.365597,22.631984],[120.366054,22.632309],[120.367318,22.633268],[120.368542,22.634135],[120.369556,22.634795],[120.371603,22.636064],[120.371941,22.636261],[120.372506,22.636524],[120.373485,22.636891],[120.374488,22.637157],[120.384953,22.639199],[120.388016,22.639837],[120.391037,22.640487],[120.391803,22.64063],[120.392806,22.640796],[120.394402,22.641098],[120.39499,22.641185],[120.395991,22.641256],[120.412252,22.641754],[120.412529,22.641779],[120.413079,22.641856],[120.413351,22.641907],[120.413889,22.642038],[120.414154,22.642117],[120.414674,22.6423],[120.415178,22.642517],[120.415423,22.642638],[120.41591,22.642909],[120.416145,22.643058],[120.416596,22.643377],[120.417021,22.643726],[120.417417,22.644103],[120.417603,22.644301],[120.417952,22.644716],[120.418439,22.645387],[120.418666,22.645782],[120.418824,22.646095],[120.419037,22.646607],[120.419201,22.647102],[120.419654,22.64902],[120.421186,22.655961],[120.42187,22.658877],[120.422043,22.659471],[120.422296,22.660007],[120.422631,22.660544],[120.422903,22.660876],[120.423204,22.661184],[120.423533,22.661465],[120.423889,22.661718],[120.424269,22.661939],[120.424815,22.662188],[120.425197,22.662318],[120.425588,22.662418],[120.425783,22.662454],[120.426312,22.662518],[120.426731,22.662533],[120.447855,22.661915],[120.448925,22.661932],[120.449676,22.661975],[120.450493,22.662043],[120.451105,22.662114],[120.451804,22.662229],[120.452898,22.662448],[120.453957,22.662722],[120.464841,22.665715],[120.466759,22.666158],[120.467784,22.666432],[120.470012,22.667053],[120.479105,22.669539],[120.479541,22.669622],[120.479981,22.669676],[120.480674,22.669702],[120.480924,22.669694],[120.48142,22.669651],[120.481912,22.669571],[120.484731,22.669047],[120.487292,22.668736],[120.489953,22.668537],[120.490352,22.668486],[120.490549,22.668447],[120.490936,22.668342],[120.491299,22.668207],[120.491636,22.668045],[120.492107,22.66775],[120.49255,22.667369],[120.493196,22.66662],[120.494056,22.665545],[120.494978,22.664177],[120.497166,22.660824],[120.50016,22.656308],[120.500203,22.656221],[120.500554,22.655684],[120.507069,22.645892],[120.508891,22.643103],[120.509774,22.641794],[120.510726,22.640314],[120.511478,22.639187],[120.514375,22.634741],[120.515736,22.632606],[120.516817,22.631041],[120.523311,22.621195],[120.524797,22.618978],[120.525738,22.617537],[120.526271,22.616764],[120.528548,22.613186],[120.528805,22.612834],[120.530353,22.61051],[120.531985,22.607996],[120.539262,22.596965],[120.539547,22.596476],[120.53973,22.596109],[120.53993,22.595654],[120.540058,22.595288],[120.540198,22.594765],[120.540299,22.594241],[120.540335,22.59393],[120.540371,22.593464],[120.540371,22.592849],[120.540327,22.592315],[120.53848,22.573518],[120.53813,22.569815],[120.537627,22.565679],[120.53733,22.562644],[120.537167,22.560035],[120.537088,22.559109],[120.53696,22.558003],[120.536371,22.552087],[120.536055,22.549394],[120.535837,22.547916],[120.535696,22.546319],[120.534745,22.536687],[120.534645,22.535883],[120.534455,22.53506],[120.534224,22.534388],[120.534058,22.534016],[120.533746,22.533421],[120.533571,22.53314],[120.533277,22.532729],[120.532903,22.532292],[120.531424,22.530702],[120.526979,22.525983],[120.522984,22.521701],[120.521993,22.520687],[120.517125,22.515429],[120.515325,22.513537],[120.514921,22.513083],[120.513634,22.511707],[120.51331,22.511293],[120.513042,22.51085],[120.512717,22.510104],[120.512526,22.509353],[120.512437,22.508404],[120.512413,22.507781],[120.512345,22.503374],[120.512154,22.498421],[120.512098,22.496448],[120.512069,22.494625],[120.511922,22.489913],[120.511854,22.488469],[120.511716,22.483092],[120.511582,22.476903],[120.51158,22.476025],[120.511505,22.473773],[120.511414,22.469833],[120.511359,22.466171],[120.511123,22.457977],[120.511102,22.456423],[120.510916,22.449608],[120.510839,22.448132],[120.510641,22.439125],[120.510584,22.437152],[120.510577,22.436112],[120.510636,22.435557],[120.510777,22.435015],[120.510914,22.434665],[120.51109,22.434321],[120.511306,22.433986],[120.511555,22.433671],[120.511691,22.433523],[120.511986,22.433244],[120.512309,22.432993],[120.512656,22.432772],[120.518318,22.429657],[120.518756,22.429478],[120.526663,22.42512],[120.53075,22.422983],[120.531126,22.422746],[120.531783,22.422386],[120.542848,22.416352],[120.547399,22.413901],[120.551877,22.41144],[120.553442,22.410642],[120.56318,22.405314],[120.568619,22.402364],[120.569779,22.401677],[120.570432,22.401119],[120.571012,22.400554],[120.572339,22.398899],[120.573253,22.397627],[120.573646,22.397186],[120.574941,22.395417],[120.576402,22.393489],[120.577668,22.391753],[120.579888,22.388789],[120.582649,22.385179],[120.583265,22.384294],[120.58718,22.379132],[120.59099,22.374038],[120.592031,22.372545],[120.593545,22.370564],[120.595295,22.368234]]}},{"type":"Feature","properties":{"sys":"tra_sched","id":"南迴線","lineKey":"tra_sched|南迴線","name":"南迴線（枋寮–臺東）","color":"#16A085","colorDark":"#124c46","colorFaintLight":"#a5d2c1","colorFaintDark":"#113333","colorFaintSat":"#214f40","colorHiddenLight":"#cadfd1","colorHiddenDark":"#112529","colorHiddenSat":"#224437","colorFollowDark":"#146b5d","sortKey":0,"kind":"track"},"geometry":{"type":"LineString","coordinates":[[120.595295,22.368234],[120.595939,22.367394],[120.596161,22.367146],[120.596432,22.366885],[120.596661,22.366692],[120.596924,22.366511],[120.597576,22.366123],[120.603161,22.363],[120.603441,22.36283],[120.606635,22.3611],[120.607888,22.360278],[120.60816,22.360065],[120.608541,22.359697],[120.609168,22.358965],[120.609507,22.358369],[120.609924,22.357091],[120.610033,22.355354],[120.610077,22.354157],[120.610148,22.353028],[120.610323,22.352081],[120.610723,22.350914],[120.61123,22.349867],[120.611793,22.34902],[120.61395,22.346017],[120.616155,22.343103],[120.619562,22.338423],[120.621737,22.335395],[120.62265,22.33417],[120.626718,22.328599],[120.627385,22.327727],[120.630019,22.324132],[120.631196,22.322574],[120.633065,22.319975],[120.635038,22.317332],[120.637011,22.314829],[120.639761,22.311415],[120.640974,22.309821],[120.641947,22.308592],[120.64294,22.307376],[120.643262,22.306864],[120.643621,22.306246],[120.643831,22.305758],[120.64404,22.305129],[120.644159,22.304626],[120.644253,22.304143],[120.644813,22.298236],[120.64594,22.287656],[120.646165,22.286356],[120.646326,22.285835],[120.646687,22.285091],[120.647294,22.284015],[120.649099,22.281557],[120.649419,22.281064],[120.649898,22.280186],[120.650198,22.279327],[120.650375,22.278765],[120.650438,22.278139],[120.650505,22.275612],[120.650579,22.275223],[120.65087,22.274205],[120.651391,22.273306],[120.652076,22.272419],[120.652743,22.271521],[120.653296,22.27095],[120.654379,22.269729],[120.655101,22.269064],[120.655558,22.268773],[120.65603,22.268544],[120.656467,22.268362],[120.657512,22.267966],[120.662743,22.266107],[120.66438,22.265664],[120.665566,22.265368],[120.665941,22.26533],[120.667112,22.265258],[120.668104,22.265276],[120.670768,22.265573],[120.671186,22.265643],[120.672048,22.265847],[120.672378,22.265982],[120.674445,22.267086],[120.676911,22.268482],[120.678797,22.269831],[120.68294,22.272552],[120.68359,22.273076],[120.684505,22.273869],[120.684792,22.274147],[120.685047,22.274446],[120.685362,22.274856],[120.685744,22.275426],[120.686162,22.276272],[120.687167,22.278544],[120.687607,22.279283],[120.687832,22.279629],[120.688253,22.280141],[120.688965,22.280762],[120.689593,22.281182],[120.690196,22.281517],[120.69088,22.281758],[120.691068,22.281803],[120.691926,22.281891],[120.693827,22.282252],[120.69481,22.2823],[120.695384,22.282295],[120.696033,22.282254],[120.696716,22.282153],[120.697029,22.282088],[120.69804,22.281775],[120.698427,22.281609],[120.699599,22.281005],[120.701427,22.280251],[120.705489,22.278744],[120.707393,22.278244],[120.708283,22.278034],[120.710414,22.277369],[120.711046,22.277292],[120.711363,22.277284],[120.711706,22.277316],[120.712192,22.277413],[120.712616,22.277524],[120.713091,22.27767],[120.713465,22.277887],[120.714457,22.278653],[120.715686,22.27973],[120.717953,22.281655],[120.718222,22.281913],[120.718493,22.28214],[120.718767,22.282448],[120.719106,22.282785],[120.719666,22.283112],[120.7208,22.283559],[120.722899,22.284066],[120.723451,22.284105],[120.723989,22.284073],[120.724742,22.283855],[120.725417,22.283525],[120.725816,22.28326],[120.727447,22.281927],[120.728549,22.281005],[120.729518,22.280332],[120.731649,22.278705],[120.733474,22.27752],[120.735922,22.276222],[120.737202,22.27546],[120.738167,22.275037],[120.738772,22.274845],[120.739416,22.274675],[120.740664,22.274802],[120.741767,22.275072],[120.743058,22.275361],[120.743297,22.275436],[120.783456,22.284556],[120.802958,22.289281],[120.810076,22.290986],[120.819016,22.293048],[120.824544,22.294353],[120.826479,22.294789],[120.826952,22.294908],[120.829556,22.29545],[120.829961,22.29555],[120.830763,22.295777],[120.831159,22.295904],[120.831941,22.296186],[120.832706,22.296504],[120.833454,22.296856],[120.834182,22.297242],[120.834888,22.297661],[120.835534,22.298087],[120.836462,22.298777],[120.837051,22.299269],[120.837885,22.300055],[120.838407,22.300608],[120.8389,22.301183],[120.860659,22.331398],[120.861282,22.332303],[120.862236,22.333476],[120.862735,22.333996],[120.86311,22.334301],[120.864454,22.335333],[120.867406,22.337544],[120.868925,22.338661],[120.874524,22.342907],[120.875851,22.343893],[120.876222,22.344152],[120.876804,22.344703],[120.877359,22.345261],[120.877652,22.345622],[120.878494,22.346734],[120.880133,22.348947],[120.880355,22.349271],[120.880869,22.349908],[120.883455,22.352467],[120.883729,22.352706],[120.883985,22.352873],[120.884512,22.353194],[120.88521,22.353564],[120.887496,22.354492],[120.888997,22.355293],[120.889478,22.355591],[120.891017,22.356834],[120.891915,22.357604],[120.895471,22.360855],[120.898203,22.36328],[120.902337,22.366989],[120.910319,22.374647],[120.910773,22.375623],[120.910873,22.375934],[120.911521,22.378215],[120.91169,22.379105],[120.911768,22.379659],[120.911798,22.38012],[120.911879,22.382582],[120.911922,22.382967],[120.911965,22.383177],[120.912054,22.38346],[120.914297,22.388671],[120.924705,22.413547],[120.924944,22.414074],[120.925034,22.41431],[120.925334,22.41495],[120.925718,22.415686],[120.9263,22.416577],[120.926676,22.417021],[120.929799,22.42103],[120.930327,22.421657],[120.930542,22.422058],[120.930887,22.42257],[120.93132,22.42332],[120.931777,22.424252],[120.931886,22.424693],[120.932472,22.426324],[120.933165,22.428086],[120.933678,22.429567],[120.933764,22.429738],[120.934049,22.430577],[120.934798,22.432656],[120.935002,22.433178],[120.935203,22.433823],[120.935397,22.43426],[120.935671,22.435008],[120.935967,22.43565],[120.936463,22.436807],[120.937084,22.438319],[120.937205,22.438712],[120.938383,22.441711],[120.938741,22.442679],[120.938863,22.442956],[120.938985,22.443315],[120.939176,22.444025],[120.939466,22.455969],[120.939485,22.456191],[120.939537,22.456402],[120.939618,22.456599],[120.939822,22.457006],[120.940496,22.458252],[120.94141,22.459809],[120.943426,22.463327],[120.948945,22.47321],[120.948986,22.473317],[120.949216,22.474002],[120.949272,22.474231],[120.949458,22.474824],[120.949833,22.476425],[120.950738,22.479913],[120.951217,22.481306],[120.95146,22.481924],[120.952002,22.48322],[120.952657,22.484608],[120.952984,22.485445],[120.953105,22.485823],[120.953219,22.486251],[120.953312,22.486701],[120.953391,22.487227],[120.953624,22.489501],[120.953688,22.48988],[120.953811,22.490382],[120.953957,22.490879],[120.954157,22.491439],[120.955154,22.494025],[120.956605,22.49794],[120.956942,22.498881],[120.957176,22.49962],[120.957312,22.500185],[120.957421,22.500849],[120.957539,22.502665],[120.957608,22.503463],[120.957741,22.504223],[120.957977,22.505084],[120.958147,22.505564],[120.958419,22.506222],[120.959063,22.507547],[120.959346,22.508263],[120.959846,22.509412],[120.960007,22.510095],[120.960066,22.510243],[120.964155,22.523162],[120.964302,22.523451],[120.965727,22.525937],[120.966051,22.526657],[120.966214,22.527069],[120.966572,22.528215],[120.968234,22.533789],[120.9768,22.565607],[120.976857,22.565764],[120.977,22.566069],[120.977085,22.566215],[120.977281,22.566494],[120.977614,22.566854],[120.977963,22.567133],[120.978217,22.567292],[120.982294,22.569651],[120.983455,22.570422],[120.984337,22.571161],[120.984968,22.571782],[120.98543,22.572284],[120.985681,22.572589],[120.986192,22.573327],[120.986669,22.574116],[120.987004,22.57483],[120.987686,22.576434],[120.987923,22.577081],[120.988733,22.579165],[120.990285,22.58294],[120.990923,22.584577],[120.991633,22.586312],[120.991762,22.586831],[120.992837,22.589005],[120.993112,22.589685],[120.993263,22.590186],[120.99335,22.590621],[120.993386,22.59095],[120.993397,22.591511],[120.993383,22.591753],[120.993298,22.592471],[120.99287,22.595186],[120.9927,22.596486],[120.992627,22.596881],[120.992625,22.597469],[120.992662,22.597858],[120.992734,22.598307],[120.992846,22.598749],[120.992918,22.598967],[120.993089,22.599392],[120.993189,22.5996],[120.993417,22.600002],[120.993544,22.600196],[120.993818,22.600561],[120.994276,22.601056],[120.994795,22.601496],[120.995366,22.601876],[120.998272,22.603444],[120.998508,22.603587],[120.999104,22.604049],[120.999431,22.604337],[120.99973,22.604665],[121.000001,22.605008],[121.000447,22.605806],[121.000712,22.606461],[121.000822,22.606916],[121.000938,22.607516],[121.000975,22.607946],[121.000934,22.609062],[121.000734,22.611842],[121.00072,22.61253],[121.000755,22.613098],[121.000867,22.613633],[121.001104,22.614349],[121.001274,22.614717],[121.001424,22.615014],[121.001766,22.615512],[121.002238,22.616112],[121.00564,22.620143],[121.007217,22.622045],[121.007452,22.622376],[121.007706,22.622789],[121.007923,22.623266],[121.008468,22.624347],[121.008994,22.625565],[121.009333,22.626169],[121.009583,22.626513],[121.009764,22.626729],[121.010095,22.627049],[121.010913,22.627729],[121.011954,22.628677],[121.012258,22.629073],[121.01255,22.629524],[121.012774,22.629997],[121.013208,22.631125],[121.014341,22.63455],[121.014972,22.636311],[121.015478,22.637782],[121.016945,22.641202],[121.017343,22.64181],[121.017788,22.642433],[121.018182,22.643289],[121.018468,22.644014],[121.018782,22.644709],[121.019793,22.647148],[121.020153,22.648294],[121.02042,22.649076],[121.021102,22.650893],[121.021513,22.651757],[121.02279,22.65387],[121.023264,22.655011],[121.023516,22.65585],[121.024182,22.657427],[121.024643,22.658318],[121.025623,22.660403],[121.025824,22.6608],[121.026049,22.661175],[121.026391,22.661659],[121.026634,22.661956],[121.027191,22.662494],[121.029407,22.664129],[121.030297,22.665002],[121.031048,22.665884],[121.032868,22.668102],[121.03309,22.668345],[121.034214,22.669757],[121.034289,22.669831],[121.03701,22.673116],[121.037951,22.674286],[121.0391,22.675633],[121.041976,22.679152],[121.042419,22.679841],[121.044122,22.681744],[121.045426,22.683307],[121.047954,22.686441],[121.048599,22.687337],[121.049332,22.688599],[121.050156,22.690064],[121.052061,22.693313],[121.052496,22.69428],[121.053769,22.696603],[121.055545,22.699901],[121.055681,22.700103],[121.057439,22.703407],[121.057979,22.704354],[121.059825,22.707751],[121.059989,22.708161],[121.060389,22.708849],[121.061909,22.711639],[121.063223,22.713938],[121.066566,22.719986],[121.067982,22.722689],[121.068786,22.724077],[121.069464,22.725414],[121.070963,22.728999],[121.073186,22.734046],[121.073509,22.734861],[121.073851,22.735645],[121.075155,22.739064],[121.07571,22.740334],[121.076137,22.741252],[121.076523,22.742165],[121.077381,22.744068],[121.077952,22.745256],[121.080082,22.749901],[121.08235,22.754994],[121.082718,22.755658],[121.083062,22.756231],[121.083618,22.756988],[121.084152,22.757596],[121.08453,22.758002],[121.085075,22.758542],[121.085581,22.758982],[121.086349,22.759569],[121.088412,22.761065],[121.091146,22.76299],[121.093417,22.764622],[121.099385,22.768842],[121.104646,22.772598],[121.105648,22.773407],[121.108616,22.77549],[121.108977,22.775774],[121.110215,22.776649],[121.114639,22.779748],[121.115323,22.780255],[121.116781,22.781406],[121.118213,22.782817],[121.118806,22.783422],[121.119684,22.784277],[121.120142,22.78478],[121.120497,22.78526],[121.120829,22.785811],[121.121127,22.786427],[121.121334,22.786944],[121.121494,22.787493],[121.121558,22.787802],[121.121827,22.789669],[121.121901,22.789968],[121.122365,22.793499]]}},{"type":"Feature","properties":{"sys":"tra_sched","id":"臺東線","lineKey":"tra_sched|臺東線","name":"臺東線（臺東–花蓮）","color":"#D4A017","colorDark":"#5e4c1a","colorFaintLight":"#e8d29b","colorFaintDark":"#3b331b","colorFaintSat":"#4b4f27","colorHiddenLight":"#eddfbd","colorHiddenDark":"#28251b","colorHiddenSat":"#394429","colorFollowDark":"#8a6b19","sortKey":0,"kind":"track"},"geometry":{"type":"LineString","coordinates":[[121.122365,22.793499],[121.123088,22.799451],[121.123165,22.800401],[121.12357,22.803518],[121.123621,22.804216],[121.123629,22.804793],[121.123584,22.805283],[121.123481,22.805982],[121.123359,22.80666],[121.122751,22.809335],[121.120968,22.817728],[121.120697,22.818667],[121.120022,22.820691],[121.11978,22.821615],[121.119657,22.822378],[121.119658,22.823251],[121.119782,22.823882],[121.126526,22.843326],[121.129906,22.853501],[121.130486,22.855096],[121.130647,22.855392],[121.130827,22.855677],[121.131264,22.856273],[121.131546,22.856619],[121.13213,22.857272],[121.132983,22.858096],[121.133373,22.858441],[121.133853,22.858817],[121.135346,22.859934],[121.139703,22.86313],[121.140749,22.863872],[121.142388,22.86515],[121.142933,22.865748],[121.143616,22.866608],[121.14412,22.867368],[121.145754,22.870324],[121.146103,22.871108],[121.146518,22.872408],[121.146965,22.87369],[121.147145,22.874458],[121.147186,22.875008],[121.14715,22.875623],[121.14707,22.876039],[121.146839,22.876773],[121.146508,22.877324],[121.146044,22.878034],[121.143906,22.881201],[121.143333,22.882225],[121.143097,22.88284],[121.142817,22.88388],[121.142144,22.887079],[121.141358,22.890954],[121.141009,22.892468],[121.140782,22.893179],[121.140524,22.893904],[121.140232,22.894623],[121.139701,22.895834],[121.138934,22.89739],[121.138642,22.898052],[121.138452,22.898683],[121.138269,22.899477],[121.13812,22.900233],[121.138052,22.900952],[121.137262,22.911218],[121.137157,22.912399],[121.137085,22.913469],[121.137095,22.913738],[121.137144,22.914197],[121.137291,22.914862],[121.137489,22.915355],[121.137773,22.915886],[121.137983,22.916237],[121.139219,22.918644],[121.139755,22.919456],[121.140257,22.920144],[121.14097,22.920887],[121.141742,22.921665],[121.144034,22.923911],[121.144621,22.924519],[121.145545,22.925674],[121.148065,22.928916],[121.149573,22.930897],[121.152484,22.934473],[121.156599,22.939611],[121.15699,22.940213],[121.157331,22.940704],[121.157667,22.941385],[121.157954,22.942076],[121.158226,22.942801],[121.158447,22.943712],[121.158579,22.944556],[121.15863,22.945203],[121.158647,22.947725],[121.158643,22.950302],[121.158656,22.951014],[121.158849,22.953064],[121.158902,22.953297],[121.158958,22.953734],[121.159922,22.961973],[121.159989,22.962891],[121.159993,22.963707],[121.159905,22.96469],[121.159803,22.9653],[121.157463,22.975998],[121.157256,22.976893],[121.156942,22.977933],[121.156727,22.978526],[121.156465,22.979172],[121.154466,22.983348],[121.153115,22.986258],[121.152874,22.986743],[121.152357,22.988161],[121.152115,22.988921],[121.151889,22.989869],[121.151687,22.990863],[121.151565,22.991694],[121.15147,22.992637],[121.151423,22.993536],[121.151454,22.995175],[121.151684,22.997234],[121.151755,22.9983],[121.151707,22.998887],[121.151313,23.002398],[121.151303,23.002744],[121.151356,23.003543],[121.151447,23.004236],[121.151545,23.004678],[121.151811,23.005593],[121.15339,23.010717],[121.153947,23.012422],[121.154573,23.014414],[121.155267,23.016467],[121.156362,23.019923],[121.15707,23.022257],[121.157432,23.023383],[121.158697,23.027607],[121.160155,23.031894],[121.160523,23.033184],[121.161248,23.035372],[121.161897,23.037444],[121.162204,23.03831],[121.162463,23.039255],[121.162998,23.040908],[121.163328,23.041869],[121.163453,23.042317],[121.164198,23.044688],[121.165693,23.0492],[121.170853,23.065227],[121.171312,23.0666],[121.172496,23.069733],[121.175384,23.077253],[121.176138,23.079341],[121.176232,23.079801],[121.176386,23.080951],[121.176553,23.082508],[121.176732,23.083422],[121.176879,23.084999],[121.177009,23.085891],[121.177259,23.087227],[121.177649,23.089583],[121.177932,23.091],[121.177929,23.091684],[121.177949,23.09246],[121.177781,23.095801],[121.177664,23.097597],[121.177623,23.097911],[121.177557,23.098239],[121.177401,23.100332],[121.177299,23.102169],[121.177273,23.103036],[121.177287,23.103631],[121.177242,23.104117],[121.177214,23.104678],[121.177207,23.105041],[121.17724,23.105626],[121.177274,23.105903],[121.177386,23.106545],[121.177512,23.107024],[121.177621,23.107372],[121.177794,23.107836],[121.178103,23.108504],[121.17853,23.109212],[121.178983,23.109803],[121.179337,23.110206],[121.179742,23.110615],[121.180173,23.111002],[121.180628,23.111365],[121.183709,23.113517],[121.184677,23.114171],[121.185841,23.115005],[121.189335,23.117364],[121.189885,23.117752],[121.190488,23.11813],[121.190924,23.118366],[121.191478,23.118613],[121.192424,23.118964],[121.1933,23.119269],[121.196028,23.120261],[121.196702,23.120479],[121.197897,23.120841],[121.198627,23.121026],[121.19943,23.1212],[121.200267,23.121353],[121.201321,23.121494],[121.202036,23.121568],[121.202614,23.121606],[121.212025,23.122052],[121.212507,23.122111],[121.212898,23.122195],[121.21328,23.122306],[121.213646,23.122443],[121.213999,23.122605],[121.214338,23.122793],[121.216849,23.124539],[121.218176,23.125442],[121.232246,23.135225],[121.23301,23.135887],[121.233503,23.136468],[121.233963,23.13709],[121.234367,23.1378],[121.235551,23.140363],[121.235902,23.141223],[121.236081,23.141849],[121.238375,23.151147],[121.238685,23.152315],[121.23878,23.152785],[121.238857,23.153703],[121.238897,23.154539],[121.238851,23.155506],[121.238743,23.156308],[121.238477,23.157894],[121.238357,23.158818],[121.238368,23.159629],[121.238451,23.160558],[121.238577,23.161154],[121.238725,23.161729],[121.238942,23.162351],[121.239212,23.162973],[121.239792,23.164096],[121.242027,23.167936],[121.244512,23.172325],[121.249545,23.181079],[121.250167,23.182192],[121.250481,23.182721],[121.250727,23.183059],[121.251275,23.183709],[121.251707,23.184164],[121.251972,23.18442],[121.252475,23.184857],[121.253404,23.185606],[121.257879,23.1895],[121.259367,23.190771],[121.260233,23.191469],[121.260809,23.191893],[121.262076,23.192774],[121.264393,23.194513],[121.266448,23.196002],[121.266819,23.196323],[121.267364,23.196873],[121.267913,23.197544],[121.268166,23.19793],[121.268466,23.198431],[121.268811,23.199059],[121.272644,23.208327],[121.275555,23.215429],[121.275896,23.216535],[121.276391,23.219391],[121.276623,23.220524],[121.277095,23.222327],[121.277587,23.224121],[121.277827,23.224853],[121.278858,23.22734],[121.279333,23.22856],[121.279553,23.229537],[121.280739,23.235299],[121.281145,23.237514],[121.281281,23.2381],[121.28151,23.23892],[121.281708,23.239464],[121.281943,23.239995],[121.282074,23.240255],[121.282364,23.240762],[121.282687,23.241251],[121.282862,23.241488],[121.283044,23.24172],[121.283433,23.242167],[121.283852,23.242591],[121.284073,23.242793],[121.2843,23.242988],[121.284774,23.243359],[121.285929,23.244148],[121.289602,23.246462],[121.290862,23.247332],[121.291729,23.248084],[121.292166,23.24855],[121.292622,23.249159],[121.293123,23.249925],[121.297354,23.258561],[121.301481,23.26713],[121.302833,23.270029],[121.303406,23.271155],[121.304002,23.272433],[121.306436,23.277497],[121.306795,23.278339],[121.306996,23.278884],[121.307339,23.280066],[121.30767,23.281559],[121.311987,23.302914],[121.31226,23.304512],[121.312316,23.30541],[121.312308,23.306236],[121.312241,23.307566],[121.31055,23.322046],[121.310513,23.322917],[121.310536,23.323553],[121.310597,23.324543],[121.310821,23.326027],[121.311086,23.328245],[121.311567,23.331576],[121.312069,23.33532],[121.312264,23.33666],[121.31243,23.337552],[121.312776,23.338552],[121.313062,23.339225],[121.314938,23.343413],[121.315085,23.343702],[121.316685,23.347208],[121.317607,23.349314],[121.318075,23.350056],[121.320474,23.352992],[121.320868,23.353494],[121.321253,23.354037],[121.321719,23.354949],[121.322003,23.355749],[121.323014,23.360955],[121.326284,23.378451],[121.327332,23.383792],[121.327552,23.384587],[121.327854,23.385282],[121.328137,23.385828],[121.328727,23.386794],[121.329631,23.387886],[121.330476,23.388802],[121.331133,23.389622],[121.331661,23.390452],[121.3322,23.391446],[121.333279,23.394193],[121.33382,23.395677],[121.336026,23.40157],[121.337975,23.406703],[121.339037,23.409406],[121.339873,23.411653],[121.341184,23.414873],[121.347568,23.430206],[121.347727,23.430738],[121.347943,23.431676],[121.34818,23.432979],[121.348853,23.435877],[121.349632,23.439454],[121.349958,23.440857],[121.350073,23.441467],[121.350216,23.443143],[121.350573,23.461914],[121.350658,23.463972],[121.35081,23.465057],[121.351168,23.466531],[121.351626,23.46778],[121.351908,23.468427],[121.352305,23.469232],[121.354939,23.473447],[121.355263,23.473914],[121.356678,23.476104],[121.356946,23.47647],[121.357322,23.476932],[121.357698,23.477356],[121.358208,23.477866],[121.358924,23.478499],[121.359687,23.47909],[121.360209,23.479423],[121.361339,23.480054],[121.363341,23.480925],[121.368208,23.482894],[121.36896,23.483251],[121.369929,23.483831],[121.370347,23.48413],[121.371251,23.484872],[121.371707,23.485333],[121.37214,23.485814],[121.376188,23.492015],[121.376472,23.492525],[121.376731,23.49329],[121.376803,23.493636],[121.376851,23.494314],[121.376849,23.494711],[121.376356,23.500707],[121.376149,23.502914],[121.375888,23.505998],[121.375659,23.509063],[121.375559,23.510821],[121.37557,23.511981],[121.375715,23.513253],[121.377388,23.525249],[121.377486,23.526479],[121.377473,23.528388],[121.376948,23.543425],[121.376798,23.54828],[121.376806,23.549436],[121.376875,23.550304],[121.376961,23.551012],[121.377739,23.556503],[121.377887,23.558003],[121.377956,23.561502],[121.377991,23.568425],[121.378045,23.569256],[121.378413,23.571198],[121.379741,23.577698],[121.380514,23.581682],[121.380639,23.582213],[121.380988,23.583896],[121.381159,23.584467],[121.381423,23.585256],[121.381649,23.585791],[121.381986,23.586477],[121.382327,23.58706],[121.386534,23.593647],[121.387555,23.595274],[121.387955,23.595975],[121.388248,23.596599],[121.388537,23.597332],[121.38873,23.597974],[121.388896,23.598758],[121.389213,23.602333],[121.389546,23.607058],[121.389705,23.608116],[121.389946,23.609016],[121.39033,23.609983],[121.390846,23.611016],[121.391529,23.612265],[121.392402,23.613956],[121.395188,23.619441],[121.395754,23.620433],[121.396405,23.621441],[121.397146,23.622449],[121.398104,23.623666],[121.398521,23.624166],[121.399554,23.625266],[121.401046,23.626674],[121.403029,23.628341],[121.406256,23.630896],[121.407038,23.631557],[121.409571,23.633633],[121.410696,23.634583],[121.411579,23.635449],[121.412079,23.636183],[121.412621,23.637149],[121.413171,23.638716],[121.414422,23.643056],[121.415104,23.645584],[121.415761,23.647695],[121.416693,23.651135],[121.417695,23.654606],[121.419026,23.659844],[121.419469,23.661455],[121.41966,23.662005],[121.419955,23.662774],[121.420971,23.666373],[121.421589,23.668486],[121.421889,23.669599],[121.42203,23.670449],[121.422011,23.671069],[121.421938,23.671647],[121.421754,23.672371],[121.421454,23.672957],[121.420187,23.675586],[121.418949,23.678089],[121.417903,23.680377],[121.417248,23.682034],[121.415667,23.685348],[121.410921,23.695143],[121.410722,23.695711],[121.410522,23.696406],[121.410363,23.697122],[121.410279,23.697762],[121.410254,23.698413],[121.410291,23.699231],[121.410384,23.699764],[121.410684,23.700996],[121.410816,23.701405],[121.411419,23.702657],[121.412069,23.703566],[121.412761,23.704455],[121.416332,23.708835],[121.418794,23.711928],[121.419982,23.713361],[121.422452,23.716289],[121.423613,23.717807],[121.426775,23.721823],[121.428044,23.723301],[121.428747,23.724034],[121.429021,23.72428],[121.429534,23.724681],[121.429899,23.72493],[121.43047,23.725283],[121.430811,23.725454],[121.433713,23.727389],[121.437415,23.730297],[121.438043,23.730826],[121.439268,23.731983],[121.439876,23.732746],[121.44048,23.733667],[121.441535,23.735772],[121.442578,23.737915],[121.444821,23.742438],[121.446017,23.744761],[121.446767,23.746271],[121.451822,23.756278],[121.452248,23.757113],[121.453402,23.759267],[121.454455,23.761398],[121.454596,23.761717],[121.454771,23.762177],[121.454857,23.762449],[121.455084,23.763309],[121.455391,23.765076],[121.456714,23.773626],[121.457003,23.77538],[121.458102,23.782417],[121.458319,23.78369],[121.458469,23.784931],[121.45849,23.785253],[121.458774,23.787796],[121.458841,23.788235],[121.459039,23.789326],[121.459302,23.790409],[121.459717,23.791974],[121.460123,23.793766],[121.460603,23.796149],[121.46132,23.800437],[121.461819,23.802075],[121.461911,23.802336],[121.462014,23.802559],[121.462521,23.803524],[121.462628,23.803688],[121.47021,23.812177],[121.471799,23.813804],[121.47337,23.815313],[121.474031,23.81605],[121.474646,23.816844],[121.474914,23.81727],[121.475174,23.81778],[121.476294,23.8198],[121.47794,23.823034],[121.478403,23.823827],[121.479426,23.825297],[121.483646,23.831162],[121.484406,23.832267],[121.492444,23.84342],[121.495769,23.84808],[121.498925,23.852457],[121.501969,23.856588],[121.506807,23.863407],[121.509468,23.867101],[121.509933,23.867787],[121.511573,23.870091],[121.512292,23.871021],[121.512699,23.871575],[121.513083,23.872183],[121.517826,23.878771],[121.518499,23.879686],[121.519116,23.880563],[121.520017,23.88169],[121.520677,23.882606],[121.522205,23.884842],[121.522717,23.885681],[121.52297,23.886288],[121.52317,23.886856],[121.524282,23.890669],[121.524658,23.89181],[121.525311,23.89419],[121.52681,23.899203],[121.527615,23.901967],[121.530113,23.910204],[121.530741,23.912507],[121.531438,23.914957],[121.532198,23.917385],[121.533638,23.922256],[121.533939,23.923175],[121.534407,23.924282],[121.53518,23.926012],[121.535584,23.92698],[121.536305,23.928434],[121.537969,23.932097],[121.539744,23.935631],[121.541136,23.938729],[121.54138,23.939173],[121.541691,23.939581],[121.542037,23.939924],[121.542286,23.940122],[121.543684,23.941114],[121.545408,23.942258],[121.547255,23.94354],[121.552187,23.946902],[121.557941,23.950889],[121.559946,23.952295],[121.561177,23.953091],[121.563994,23.955005],[121.564875,23.955626],[121.568111,23.957832],[121.570139,23.959194],[121.572606,23.960924],[121.573214,23.961294],[121.575632,23.962978],[121.575987,23.963248],[121.577913,23.964565],[121.578961,23.965254],[121.582924,23.967932],[121.584008,23.968711],[121.585259,23.969572],[121.587017,23.970748],[121.588061,23.971522],[121.589661,23.972539],[121.590139,23.972868],[121.590868,23.973439],[121.591375,23.973877],[121.591748,23.974289],[121.591952,23.974588],[121.592843,23.97653],[121.593825,23.978475],[121.594845,23.980597],[121.596924,23.984717],[121.597553,23.986031],[121.5986,23.988152],[121.598734,23.988357],[121.598899,23.988672],[121.599754,23.990424],[121.600316,23.991528],[121.600862,23.992667]]}},{"type":"Feature","properties":{"sys":"tra_sched","id":"北迴線","lineKey":"tra_sched|北迴線","name":"北迴線（花蓮–蘇澳新）","color":"#5D6D7E","colorDark":"#2f3843","colorFaintLight":"#bec0bf","colorFaintDark":"#212832","colorFaintSat":"#31443e","colorHiddenLight":"#d7d6d0","colorHiddenDark":"#191f28","colorHiddenSat":"#2b3e36","colorFollowDark":"#404b59","sortKey":0,"kind":"track"},"geometry":{"type":"LineString","coordinates":[[121.600862,23.992667],[121.605622,24.002501],[121.605741,24.002769],[121.605931,24.003267],[121.606057,24.003697],[121.606176,24.004365],[121.60621,24.004723],[121.606223,24.005065],[121.606206,24.005476],[121.606161,24.005931],[121.604826,24.013434],[121.60425,24.016767],[121.603454,24.021178],[121.603232,24.022342],[121.602967,24.02346],[121.601758,24.027329],[121.601668,24.027724],[121.601616,24.028068],[121.601522,24.028871],[121.601432,24.030637],[121.601273,24.032616],[121.6012,24.033875],[121.601178,24.034853],[121.600959,24.039186],[121.600975,24.039671],[121.601018,24.040288],[121.601127,24.041015],[121.602345,24.04821],[121.605141,24.064121],[121.60551,24.066512],[121.606491,24.071999],[121.607437,24.077545],[121.60773,24.07909],[121.608286,24.082337],[121.608543,24.083686],[121.609071,24.085723],[121.609223,24.08615],[121.60989,24.088231],[121.610181,24.089252],[121.610551,24.090416],[121.613103,24.098169],[121.613818,24.099803],[121.615095,24.102396],[121.616246,24.1048],[121.61682,24.106034],[121.617353,24.107007],[121.61792,24.107882],[121.618626,24.108693],[121.619296,24.109348],[121.620625,24.110365],[121.623279,24.11233],[121.626799,24.114887],[121.628575,24.116207],[121.631056,24.118],[121.633403,24.119567],[121.63624,24.121527],[121.636747,24.121947],[121.637216,24.122392],[121.637772,24.123059],[121.638203,24.123688],[121.642794,24.131983],[121.643536,24.133353],[121.643841,24.133955],[121.644566,24.135607],[121.645553,24.137523],[121.646724,24.139664],[121.65432,24.153378],[121.654799,24.154282],[121.655045,24.154912],[121.655153,24.155306],[121.655236,24.155878],[121.655235,24.156441],[121.655152,24.156998],[121.654918,24.157908],[121.654675,24.158669],[121.654105,24.160609],[121.653932,24.162174],[121.653971,24.162835],[121.654477,24.165575],[121.654842,24.167347],[121.654937,24.167737],[121.65571,24.171727],[121.656445,24.175353],[121.656757,24.176717],[121.657467,24.179104],[121.657706,24.179985],[121.657891,24.180852],[121.657951,24.181226],[121.657971,24.181766],[121.658018,24.18434],[121.658171,24.185823],[121.65856,24.18761],[121.659323,24.189857],[121.660194,24.191611],[121.661684,24.19397],[121.669493,24.205928],[121.669897,24.206526],[121.670163,24.206901],[121.670934,24.207765],[121.671681,24.208448],[121.672596,24.209102],[121.674539,24.210163],[121.687786,24.217023],[121.688492,24.217448],[121.688803,24.217662],[121.689076,24.217871],[121.689931,24.218607],[121.706085,24.232936],[121.708627,24.235265],[121.709303,24.236264],[121.711103,24.239277],[121.712405,24.241398],[121.712718,24.24187],[121.712955,24.242173],[121.713371,24.242635],[121.713727,24.242975],[121.714383,24.243489],[121.715412,24.244144],[121.716181,24.24461],[121.717169,24.245178],[121.718717,24.24613],[121.732551,24.2555],[121.735531,24.257665],[121.737665,24.259655],[121.7397,24.262351],[121.741034,24.264782],[121.741306,24.265399],[121.741495,24.2659],[121.741901,24.267122],[121.74203,24.267666],[121.743864,24.273378],[121.744364,24.274887],[121.745288,24.277858],[121.745785,24.279083],[121.746382,24.28034],[121.748719,24.284562],[121.751458,24.289443],[121.752213,24.290882],[121.752456,24.291393],[121.753794,24.295195],[121.754292,24.2965],[121.763608,24.323368],[121.763865,24.324014],[121.764159,24.324619],[121.764538,24.325322],[121.764943,24.326032],[121.765609,24.327282],[121.765946,24.328025],[121.766229,24.32874],[121.770321,24.339945],[121.77158,24.343534],[121.772058,24.345076],[121.772872,24.347998],[121.783324,24.389755],[121.783492,24.390611],[121.783633,24.39147],[121.783764,24.392485],[121.783889,24.394012],[121.783929,24.395544],[121.783884,24.397075],[121.78118,24.435016],[121.781005,24.437323],[121.780817,24.438374],[121.780568,24.439393],[121.780299,24.440126],[121.779905,24.44103],[121.779622,24.441581],[121.778749,24.442958],[121.777593,24.444595],[121.776892,24.445759],[121.776435,24.446649],[121.776125,24.447392],[121.775964,24.447836],[121.775868,24.44835],[121.775651,24.449874],[121.775293,24.454201],[121.775292,24.454464],[121.77532,24.45499],[121.775391,24.455512],[121.775442,24.455771],[121.775575,24.456283],[121.775656,24.456536],[121.77585,24.457031],[121.775961,24.457274],[121.776213,24.457748],[121.776502,24.458203],[121.776827,24.458639],[121.777002,24.458848],[121.777377,24.459248],[121.777759,24.459602],[121.77838,24.460086],[121.778823,24.460375],[121.779525,24.460755],[121.780016,24.46097],[121.78055,24.461164],[121.78648,24.46307],[121.789734,24.464064],[121.790629,24.464274],[121.791131,24.46434],[121.791661,24.464392],[121.792115,24.464403],[121.792653,24.464382],[121.793584,24.464282],[121.797457,24.463665],[121.801333,24.463019],[121.804267,24.462549],[121.805723,24.462288],[121.807497,24.462063],[121.808279,24.462052],[121.809036,24.462095],[121.80964,24.462158],[121.81027,24.462271],[121.811029,24.462461],[121.811507,24.462601],[121.812298,24.462909],[121.813339,24.463407],[121.814537,24.464013],[121.815003,24.464259],[121.815486,24.464539],[121.815936,24.464844],[121.81641,24.465219],[121.817105,24.465822],[121.817641,24.466357],[121.818414,24.467427],[121.818953,24.468375],[121.819277,24.469219],[121.833355,24.508166],[121.833581,24.509179],[121.833637,24.510014],[121.833634,24.510415],[121.83356,24.510967],[121.83348,24.511376],[121.83316,24.512668],[121.832946,24.51327],[121.832345,24.514479],[121.832026,24.515191],[121.831848,24.515502],[121.830413,24.518393],[121.830267,24.518798],[121.83017,24.519124],[121.830089,24.519526],[121.830033,24.520038],[121.830024,24.520801],[121.830098,24.522159],[121.830115,24.523334],[121.830237,24.525477],[121.830332,24.525972],[121.830539,24.526786],[121.831418,24.529513],[121.831545,24.52995],[121.832966,24.534285],[121.837453,24.548282],[121.840112,24.556262],[121.842754,24.564262],[121.842959,24.565165],[121.843246,24.565976],[121.843464,24.566517],[121.844645,24.568881],[121.844816,24.569241],[121.844941,24.569572],[121.845108,24.5702],[121.845209,24.57088],[121.845303,24.572092],[121.845466,24.57385],[121.845517,24.574782],[121.845614,24.575511],[121.845692,24.57667],[121.845651,24.577807],[121.84555,24.57847],[121.84517,24.580427],[121.844852,24.581488],[121.844417,24.582511],[121.843828,24.583637],[121.843477,24.584205],[121.843203,24.584603],[121.842507,24.58551],[121.841656,24.586437],[121.83993,24.588058],[121.83627,24.591435],[121.83592,24.591786],[121.832987,24.594513],[121.832656,24.594897],[121.832355,24.595364],[121.832198,24.595695],[121.832031,24.596214],[121.831967,24.59657],[121.831943,24.597111],[121.831976,24.59747],[121.832037,24.59778],[121.832219,24.598371],[121.832498,24.599105],[121.832676,24.599772],[121.832754,24.600213],[121.832791,24.600659],[121.832789,24.601106],[121.832772,24.601329],[121.832708,24.601781],[121.832602,24.602227],[121.832534,24.602447],[121.832368,24.602877],[121.832097,24.603414],[121.831893,24.603726],[121.831342,24.604485],[121.830935,24.604932],[121.829671,24.606489],[121.828183,24.608393]]}},{"type":"Feature","properties":{"sys":"tra_sched","id":"宜蘭線","lineKey":"tra_sched|宜蘭線","name":"宜蘭線（蘇澳–八堵）","color":"#C2185B","colorDark":"#571635","colorFaintLight":"#e1a2b3","colorFaintDark":"#37152a","colorFaintSat":"#473136","colorHiddenLight":"#e9c7ca","colorHiddenDark":"#251424","colorHiddenSat":"#373432","colorFollowDark":"#7e1643","sortKey":0,"kind":"track"},"geometry":{"type":"LineString","coordinates":[[121.851483,24.595005],[121.846711,24.594716],[121.846278,24.59471],[121.845903,24.594736],[121.843827,24.595098],[121.842962,24.595222],[121.83785,24.596086],[121.836563,24.596338],[121.836341,24.596406],[121.835847,24.596657],[121.835659,24.596776],[121.835433,24.596957],[121.83526,24.597128],[121.834989,24.597455],[121.834759,24.597842],[121.834647,24.598117],[121.834569,24.598402],[121.834518,24.59882],[121.834537,24.599203],[121.834692,24.599916],[121.834959,24.600966],[121.83501,24.601497],[121.834993,24.601888],[121.83492,24.602275],[121.834816,24.60258],[121.834614,24.602968],[121.834453,24.603196],[121.83427,24.603405],[121.833957,24.603683],[121.833714,24.603851],[121.833441,24.604002],[121.833152,24.604127],[121.832117,24.604489],[121.831562,24.60471],[121.831306,24.604853],[121.831051,24.605033],[121.830924,24.60514],[121.830693,24.605373],[121.829587,24.606724],[121.828799,24.607831],[121.827232,24.609748],[121.82712,24.609913],[121.826935,24.61024],[121.826646,24.610904],[121.826429,24.611298],[121.826318,24.611546],[121.826166,24.611792],[121.82606,24.612041],[121.825881,24.612353],[121.82562,24.612927],[121.825318,24.613424],[121.824605,24.614442],[121.824338,24.614778],[121.823972,24.615115],[121.823559,24.615384],[121.823126,24.61558],[121.822664,24.615711],[121.822258,24.61577],[121.821806,24.615778],[121.821306,24.615751],[121.819716,24.61555],[121.817931,24.615302],[121.816385,24.615168],[121.815583,24.61515],[121.815044,24.61517],[121.814545,24.615213],[121.813971,24.6153],[121.813125,24.615494],[121.812575,24.615665],[121.812038,24.615869],[121.81149,24.616118],[121.810962,24.616401],[121.810457,24.616716],[121.809978,24.617063],[121.809394,24.617547],[121.808901,24.618038],[121.8086,24.618394],[121.808002,24.619176],[121.805398,24.622811],[121.805012,24.623308],[121.804604,24.623788],[121.801151,24.627443],[121.793039,24.635761],[121.792027,24.636769],[121.791455,24.637401],[121.790908,24.638033],[121.789038,24.640681],[121.788348,24.641688],[121.787507,24.643102],[121.786809,24.644445],[121.785456,24.646963],[121.78309,24.651271],[121.782443,24.652544],[121.781723,24.653837],[121.778249,24.66041],[121.777776,24.661326],[121.777438,24.662229],[121.777079,24.663439],[121.776627,24.665495],[121.774497,24.674603],[121.774441,24.675045],[121.774432,24.675583],[121.77449,24.677993],[121.774605,24.680835],[121.774675,24.683334],[121.774833,24.686129],[121.774916,24.689605],[121.775124,24.692839],[121.775321,24.698268],[121.775381,24.700153],[121.775363,24.700814],[121.775338,24.701139],[121.7753,24.701482],[121.775127,24.702308],[121.774749,24.703903],[121.774371,24.705334],[121.77383,24.707724],[121.773552,24.709211],[121.77313,24.711336],[121.771329,24.719121],[121.771052,24.720153],[121.770794,24.720802],[121.770498,24.721474],[121.764413,24.733294],[121.762665,24.736734],[121.757185,24.74741],[121.757042,24.747756],[121.756921,24.748115],[121.756837,24.748424],[121.756751,24.748917],[121.756722,24.749204],[121.75671,24.749592],[121.756728,24.749979],[121.756778,24.750416],[121.756901,24.750897],[121.75727,24.751984],[121.757781,24.753378],[121.75866,24.755642],[121.759545,24.758029],[121.759769,24.758556],[121.761138,24.762158],[121.762127,24.764876],[121.762283,24.765408],[121.762394,24.766104],[121.762387,24.767064],[121.761706,24.770671],[121.76079,24.775332],[121.760689,24.776399],[121.760706,24.776844],[121.760764,24.777598],[121.760893,24.778353],[121.762405,24.78453],[121.762937,24.786845],[121.76411,24.791454],[121.764807,24.794456],[121.766982,24.803245],[121.767953,24.807273],[121.768474,24.809303],[121.771111,24.820274],[121.771502,24.821718],[121.771729,24.822321],[121.772267,24.823205],[121.774091,24.825349],[121.774712,24.826025],[121.775897,24.827405],[121.777116,24.828864],[121.778052,24.82992],[121.779489,24.831633],[121.779861,24.832141],[121.781001,24.833477],[121.781318,24.833838],[121.781837,24.834363],[121.782265,24.834695],[121.782774,24.835019],[121.78319,24.835225],[121.783621,24.835404],[121.784293,24.83562],[121.784993,24.83577],[121.788304,24.836133],[121.791106,24.836413],[121.798784,24.837245],[121.799326,24.837355],[121.799644,24.837455],[121.800165,24.837635],[121.800715,24.837861],[121.801213,24.838152],[121.801718,24.8385],[121.803746,24.840042],[121.806777,24.842302],[121.80801,24.843231],[121.808962,24.843971],[121.809079,24.844046],[121.809191,24.844145],[121.817406,24.850321],[121.818099,24.850891],[121.818404,24.851169],[121.818779,24.851612],[121.81931,24.852544],[121.820332,24.85463],[121.822753,24.86],[121.823479,24.861379],[121.82391,24.862303],[121.824255,24.862944],[121.824444,24.863252],[121.824679,24.86358],[121.825132,24.864106],[121.82557,24.864534],[121.829607,24.867677],[121.834666,24.871537],[121.835191,24.872021],[121.835827,24.872701],[121.836867,24.873891],[121.837546,24.874703],[121.838049,24.875334],[121.839305,24.876786],[121.841819,24.879762],[121.843053,24.881274],[121.844298,24.882589],[121.845453,24.883741],[121.846385,24.884631],[121.846531,24.884783],[121.84681,24.885131],[121.847055,24.885469],[121.847242,24.885771],[121.847427,24.886092],[121.847587,24.88642],[121.847805,24.886985],[121.847996,24.887566],[121.848573,24.889446],[121.848748,24.889864],[121.849038,24.890443],[121.8492,24.890683],[121.849441,24.891009],[121.849707,24.891328],[121.850007,24.89163],[121.850607,24.892117],[121.851048,24.892398],[121.85151,24.892647],[121.853465,24.893575],[121.854896,24.894217],[121.855648,24.89462],[121.856008,24.894851],[121.856352,24.895099],[121.856671,24.895378],[121.857126,24.895854],[121.857267,24.896027],[121.857566,24.896486],[121.857712,24.896727],[121.857838,24.896982],[121.858312,24.898206],[121.858887,24.899797],[121.859436,24.901164],[121.85968,24.90159],[121.860216,24.902275],[121.860583,24.902626],[121.861346,24.90324],[121.861533,24.903362],[121.861821,24.903515],[121.86221,24.903702],[121.862579,24.903855],[121.863096,24.904024],[121.863568,24.904128],[121.864417,24.904266],[121.866091,24.904456],[121.866966,24.904613],[121.867865,24.90482],[121.868417,24.90501],[121.868966,24.905255],[121.869319,24.905445],[121.870765,24.906335],[121.871564,24.906869],[121.872846,24.907809],[121.873795,24.908683],[121.876092,24.910985],[121.876566,24.911602],[121.878243,24.914074],[121.878715,24.914554],[121.879084,24.914858],[121.880853,24.916073],[121.8812,24.916395],[121.881522,24.916728],[121.881896,24.917191],[121.882068,24.917434],[121.882447,24.918188],[121.882656,24.918813],[121.88277,24.919324],[121.882808,24.91956],[121.882836,24.920243],[121.882894,24.922825],[121.883017,24.930991],[121.883035,24.931326],[121.883128,24.931965],[121.883286,24.93254],[121.883503,24.933074],[121.883622,24.933289],[121.884005,24.933889],[121.884352,24.934337],[121.88486,24.934846],[121.885133,24.935079],[121.885664,24.935482],[121.887022,24.936462],[121.88827,24.937405],[121.891947,24.940107],[121.894285,24.941792],[121.894861,24.942166],[121.895615,24.942542],[121.897645,24.943295],[121.898026,24.943451],[121.89892,24.943898],[121.900288,24.944823],[121.902159,24.946046],[121.903059,24.946695],[121.906374,24.948925],[121.907078,24.949425],[121.908526,24.950699],[121.90903,24.951092],[121.909291,24.951262],[121.909735,24.951508],[121.910233,24.951717],[121.913337,24.952773],[121.913528,24.952851],[121.914067,24.953119],[121.914356,24.953297],[121.914883,24.953689],[121.915449,24.954237],[121.915642,24.954447],[121.916002,24.954952],[121.916348,24.955556],[121.916767,24.956414],[121.917167,24.957352],[121.917966,24.959042],[121.918193,24.95943],[121.918386,24.959714],[121.918887,24.960341],[121.919239,24.960739],[121.919863,24.961605],[121.920256,24.96248],[121.920657,24.96347],[121.921196,24.964708],[121.921494,24.965279],[121.921688,24.965568],[121.921955,24.965905],[121.922596,24.966623],[121.924022,24.968137],[121.924716,24.968847],[121.925096,24.969213],[121.925342,24.969408],[121.925607,24.969592],[121.926661,24.970259],[121.927655,24.970857],[121.928305,24.971225],[121.928634,24.971433],[121.929342,24.971832],[121.930412,24.972321],[121.934465,24.973772],[121.935344,24.974044],[121.935877,24.974162],[121.938031,24.974488],[121.938623,24.974627],[121.938937,24.974717],[121.939641,24.974993],[121.940076,24.975206],[121.941,24.97575],[121.941989,24.976416],[121.94404,24.977757],[121.944646,24.978059],[121.950365,24.980366],[121.951724,24.980963],[121.952582,24.981444],[121.953091,24.981749],[121.953568,24.982083],[121.953846,24.982319],[121.954237,24.982685],[121.95446,24.982938],[121.954763,24.983324],[121.95491,24.983562],[121.955205,24.984176],[121.95542,24.984745],[121.955677,24.986082],[121.957893,25.002691],[121.957905,25.00393],[121.957791,25.00465],[121.957521,25.005409],[121.957325,25.005776],[121.957007,25.006299],[121.956596,25.006843],[121.954826,25.009002],[121.952805,25.011526],[121.951905,25.012583],[121.951651,25.012822],[121.951088,25.013271],[121.950628,25.013568],[121.950014,25.013888],[121.949746,25.013994],[121.947314,25.014829],[121.946524,25.015086],[121.945807,25.015301],[121.94314,25.016193],[121.941938,25.016644],[121.939964,25.017561],[121.939378,25.01779],[121.938938,25.017912],[121.93848,25.018003],[121.937991,25.01808],[121.937619,25.018102],[121.9367,25.018076],[121.93554,25.018017],[121.933446,25.017945],[121.932641,25.017903],[121.931399,25.017803],[121.929656,25.017531],[121.929258,25.017507],[121.928916,25.017508],[121.92851,25.017536],[121.928095,25.017592],[121.927319,25.017709],[121.926858,25.017838],[121.925987,25.018144],[121.924337,25.018832],[121.923585,25.019129],[121.922677,25.019425],[121.92198,25.019619],[121.919464,25.020222],[121.91622,25.021089],[121.91479,25.021351],[121.914531,25.021375],[121.910526,25.021474],[121.910076,25.021498],[121.908808,25.021758],[121.90835,25.021894],[121.907568,25.022216],[121.906161,25.022883],[121.904688,25.023472],[121.903847,25.023723],[121.903087,25.023865],[121.901673,25.023966],[121.900419,25.023928],[121.89986,25.023846],[121.898878,25.023564],[121.898057,25.023356],[121.897251,25.023204],[121.896294,25.023164],[121.895734,25.023213],[121.892735,25.023724],[121.891793,25.023837],[121.890647,25.02392],[121.889224,25.02398],[121.883199,25.024358],[121.882768,25.024403],[121.882284,25.024475],[121.88174,25.024576],[121.880715,25.024852],[121.88021,25.025025],[121.87947,25.025329],[121.877649,25.026128],[121.876568,25.02649],[121.873474,25.027358],[121.873107,25.027429],[121.871988,25.027582],[121.871475,25.027691],[121.870201,25.028046],[121.869672,25.028242],[121.869218,25.028444],[121.868747,25.028722],[121.86829,25.029025],[121.867794,25.02945],[121.867514,25.029757],[121.867241,25.030089],[121.866822,25.030732],[121.866635,25.031128],[121.866383,25.031829],[121.866306,25.032108],[121.866202,25.032666],[121.866174,25.03323],[121.866245,25.034122],[121.866414,25.035585],[121.866443,25.03594],[121.866659,25.037544],[121.867139,25.040302],[121.867346,25.041189],[121.867522,25.042074],[121.86764,25.042465],[121.868192,25.043322],[121.868695,25.044166],[121.868851,25.0446],[121.868907,25.04486],[121.868935,25.045204],[121.86888,25.045735],[121.86885,25.04588],[121.868712,25.046275],[121.868398,25.046806],[121.868092,25.047151],[121.867835,25.047374],[121.867529,25.047577],[121.867094,25.047779],[121.866645,25.047912],[121.866252,25.047973],[121.865825,25.04797],[121.865549,25.047944],[121.86386,25.047705],[121.863539,25.047671],[121.863267,25.047663],[121.86278,25.047698],[121.862397,25.047763],[121.862044,25.047863],[121.861646,25.048014],[121.861286,25.048188],[121.860922,25.048413],[121.860387,25.048876],[121.86014,25.049153],[121.859912,25.049488],[121.859368,25.050562],[121.85807,25.053348],[121.857613,25.054199],[121.857404,25.054448],[121.857213,25.05464],[121.856916,25.054873],[121.854955,25.055934],[121.854524,25.056144],[121.853942,25.056506],[121.853593,25.056802],[121.852942,25.057639],[121.852554,25.058067],[121.852307,25.058306],[121.852003,25.058529],[121.851676,25.058706],[121.85131,25.058847],[121.851036,25.05893],[121.850849,25.058968],[121.850371,25.059021],[121.849854,25.058991],[121.849449,25.05889],[121.846212,25.057807],[121.845226,25.057451],[121.843315,25.05658],[121.842907,25.056432],[121.842104,25.056208],[121.841735,25.056171],[121.841264,25.056177],[121.840785,25.056223],[121.840222,25.056332],[121.825264,25.060557],[121.824506,25.06079],[121.823931,25.061045],[121.823469,25.061367],[121.823126,25.061708],[121.822807,25.062209],[121.822628,25.062698],[121.822561,25.062937],[121.822525,25.06329],[121.82247,25.065231],[121.822436,25.065763],[121.82233,25.066188],[121.82191,25.067579],[121.821877,25.067887],[121.821871,25.068283],[121.821888,25.068549],[121.821936,25.068785],[121.822032,25.069027],[121.822331,25.069591],[121.822873,25.070265],[121.823084,25.070566],[121.82323,25.07084],[121.82336,25.071134],[121.823476,25.071754],[121.823661,25.073232],[121.82363,25.073954],[121.823566,25.074543],[121.823524,25.075303],[121.823532,25.075575],[121.823656,25.076147],[121.823731,25.076415],[121.824335,25.077973],[121.824591,25.078832],[121.824652,25.07928],[121.824636,25.079614],[121.824481,25.080184],[121.824281,25.080786],[121.824187,25.08115],[121.824133,25.081563],[121.824272,25.082664],[121.824382,25.083147],[121.824574,25.083612],[121.824804,25.08399],[121.825962,25.085386],[121.826556,25.086139],[121.827016,25.08678],[121.828012,25.088233],[121.828265,25.088556],[121.828626,25.089113],[121.828815,25.089366],[121.83034,25.091616],[121.831038,25.092716],[121.831329,25.093316],[121.831594,25.09395],[121.832156,25.095687],[121.832562,25.097028],[121.83271,25.097555],[121.832757,25.097881],[121.832757,25.098367],[121.832711,25.098685],[121.83263,25.098998],[121.832442,25.099448],[121.832275,25.099732],[121.832102,25.099965],[121.830722,25.101653],[121.830193,25.102218],[121.829536,25.10306],[121.828943,25.103672],[121.827799,25.104768],[121.827501,25.104973],[121.827104,25.105158],[121.826625,25.105369],[121.825601,25.105707],[121.823969,25.106129],[121.823454,25.106285],[121.822412,25.106565],[121.820547,25.107114],[121.818897,25.107834],[121.817169,25.108669],[121.816876,25.108787],[121.816277,25.108947],[121.815674,25.108974],[121.815523,25.108961],[121.815236,25.108907],[121.814734,25.108768],[121.812617,25.108046],[121.812202,25.107995],[121.811884,25.108003],[121.811503,25.108034],[121.810115,25.108313],[121.80976,25.108367],[121.80886,25.108549],[121.806516,25.108983],[121.805065,25.109274],[121.803163,25.109789],[121.80243,25.110036],[121.802132,25.11019],[121.80157,25.110526],[121.799454,25.111843],[121.798882,25.112143],[121.798559,25.112287],[121.797897,25.112501],[121.796987,25.112745],[121.795189,25.113194],[121.794343,25.113259],[121.793994,25.113255],[121.793261,25.113191],[121.791666,25.112986],[121.791066,25.112853],[121.790603,25.112721],[121.790099,25.112515],[121.789718,25.112319],[121.789371,25.112121],[121.788193,25.111253],[121.78715,25.110465],[121.786838,25.110167],[121.786421,25.10968],[121.786181,25.109333],[121.785972,25.108971],[121.784863,25.10671],[121.784525,25.106175],[121.784296,25.10588],[121.784047,25.1056],[121.783722,25.105282],[121.783399,25.105009],[121.782938,25.104663],[121.782709,25.104518],[121.782469,25.104381],[121.782038,25.104185],[121.781361,25.103952],[121.780683,25.103797],[121.779912,25.103704],[121.778581,25.103617],[121.775302,25.10334],[121.769708,25.102893],[121.768131,25.102749],[121.764626,25.10247],[121.764227,25.102449],[121.763811,25.102446],[121.762662,25.102526],[121.759848,25.102795],[121.757795,25.103038],[121.757188,25.103071],[121.756684,25.103042],[121.756182,25.10293],[121.755618,25.102677],[121.753692,25.101394],[121.753452,25.101267],[121.753013,25.101082],[121.752325,25.100859],[121.751692,25.1007],[121.751005,25.10056],[121.75046,25.100491],[121.750076,25.100484],[121.749697,25.100513],[121.749418,25.100561],[121.748965,25.100665],[121.748485,25.100816],[121.747021,25.101211],[121.746368,25.101417],[121.74462,25.101909],[121.744127,25.101999],[121.743633,25.102065],[121.743141,25.102106],[121.739165,25.102252],[121.738933,25.102272],[121.738517,25.102335],[121.7383,25.102391],[121.737948,25.102509],[121.737613,25.102662],[121.737453,25.10275],[121.737151,25.102951],[121.736755,25.103296],[121.736425,25.103694],[121.736331,25.103836],[121.736149,25.10421],[121.735273,25.105876],[121.734278,25.107833],[121.734099,25.108099],[121.733891,25.108347],[121.733656,25.108575],[121.733407,25.108783],[121.733142,25.108939],[121.73286,25.109069],[121.732406,25.109215],[121.731915,25.109296],[121.731416,25.109304],[121.731251,25.109291],[121.730906,25.109231],[121.730397,25.109075],[121.729709,25.108827],[121.729236,25.108639],[121.72885,25.108464]]}},{"type":"Feature","properties":{"sys":"tra_sched","id":"NEIWAN","lineKey":"tra_sched|NEIWAN","name":"內灣線（新竹–內灣）","color":"#00A0B0","colorDark":"#0a4c57","colorFaintLight":"#9dd2d1","colorFaintDark":"#0c333d","colorFaintSat":"#1c4f49","colorHiddenLight":"#c6dfd9","colorHiddenDark":"#0e252e","colorHiddenSat":"#20443c","colorFollowDark":"#066b78","sortKey":0,"kind":"track"},"geometry":{"type":"LineString","coordinates":[[120.971788,24.801497],[120.975487,24.803786],[120.978374,24.805551],[120.979323,24.806195],[120.97993,24.806548],[120.983459,24.808501],[120.983955,24.808749],[120.986079,24.809666],[120.987207,24.810224],[120.988483,24.810947],[120.988768,24.810939],[120.9892,24.811132],[120.989577,24.811251],[120.990149,24.81137],[120.990546,24.811401],[120.99112,24.811375],[120.991554,24.811313],[120.991992,24.811202],[120.992356,24.811074],[121.002801,24.806847],[121.011679,24.803178],[121.012327,24.802893],[121.012631,24.802722],[121.013216,24.802321],[121.013821,24.801802],[121.018783,24.797158],[121.019212,24.796676],[121.019489,24.796261],[121.019793,24.795695],[121.019919,24.795382],[121.020128,24.794732],[121.021559,24.78954],[121.022742,24.785155],[121.022834,24.784864],[121.022931,24.784608],[121.02319,24.784131],[121.023537,24.783673],[121.023735,24.783469],[121.023945,24.783284],[121.024175,24.783109],[121.024412,24.782955],[121.024932,24.782698],[121.025206,24.782591],[121.025782,24.782443],[121.029498,24.781852],[121.03078,24.781582],[121.032735,24.781222],[121.033288,24.781178],[121.03422,24.78116],[121.034711,24.781106],[121.040008,24.780273],[121.040341,24.780223],[121.040988,24.780154],[121.041501,24.780139],[121.042113,24.780167],[121.042687,24.780251],[121.042973,24.78031],[121.043747,24.780506],[121.046828,24.781334],[121.04731,24.78143],[121.048024,24.781496],[121.048502,24.781494],[121.048919,24.781466],[121.049426,24.781389],[121.049899,24.781277],[121.050366,24.781135],[121.050838,24.780951],[121.051343,24.780697],[121.058671,24.775914],[121.059189,24.775542],[121.059376,24.775385],[121.059723,24.775039],[121.060031,24.774673],[121.060299,24.774301],[121.060525,24.77392],[121.060746,24.773448],[121.065026,24.763642],[121.065246,24.76322],[121.065385,24.763022],[121.065602,24.762757],[121.06601,24.762355],[121.066259,24.762184],[121.066566,24.761999],[121.067011,24.761782],[121.069,24.760907],[121.069251,24.760779],[121.069479,24.760642],[121.069857,24.760331],[121.07012,24.760041],[121.070362,24.759722],[121.07267,24.755872],[121.072846,24.755604],[121.073061,24.755321],[121.073297,24.755056],[121.073559,24.754804],[121.074024,24.754413],[121.074215,24.754278],[121.077697,24.752075],[121.087012,24.745894],[121.087292,24.745688],[121.087667,24.745384],[121.08806,24.74504],[121.088786,24.744305],[121.092182,24.740989],[121.092452,24.740702],[121.095844,24.737373],[121.096223,24.737032],[121.099043,24.734275],[121.09925,24.734071],[121.099433,24.733852],[121.099625,24.733608],[121.099891,24.733122],[121.10006,24.732676],[121.100119,24.73246],[121.10018,24.732036],[121.100183,24.731659],[121.099768,24.727859],[121.099764,24.727543],[121.0998,24.727241],[121.09987,24.72695],[121.099922,24.726804],[121.100051,24.726526],[121.100224,24.726255],[121.100432,24.725995],[121.100666,24.725775],[121.100927,24.725579],[121.101085,24.725488],[121.101528,24.725288],[121.10184,24.725176],[121.10687,24.723476],[121.109774,24.722466],[121.110399,24.722223],[121.111722,24.72162],[121.112078,24.721488],[121.112503,24.721366],[121.112977,24.721246],[121.113359,24.721171],[121.121902,24.719696],[121.124359,24.719411],[121.124545,24.719404],[121.124904,24.719418],[121.125293,24.719477],[121.125624,24.71958],[121.126153,24.719826],[121.126335,24.719935],[121.129339,24.722169],[121.129545,24.722306],[121.129889,24.722476],[121.130283,24.722616],[121.130675,24.7227],[121.130878,24.722725],[121.131281,24.722739],[121.131687,24.7227],[121.131881,24.722661],[121.132237,24.722552],[121.132556,24.722419],[121.137847,24.719376],[121.139371,24.718536],[121.141362,24.717523],[121.143005,24.716716],[121.143266,24.716621],[121.143486,24.716561],[121.143703,24.716521],[121.144102,24.7165],[121.14434,24.716519],[121.145264,24.716643],[121.145494,24.716659],[121.145756,24.716652],[121.145974,24.716626],[121.147093,24.716393],[121.147379,24.716359],[121.147724,24.716341],[121.148061,24.716349],[121.148412,24.716384],[121.148693,24.716439],[121.150585,24.716939],[121.150813,24.716977],[121.15102,24.716984],[121.1512,24.716976],[121.15143,24.716942],[121.15163,24.716889],[121.151841,24.716814],[121.152051,24.716719],[121.152656,24.71638],[121.152842,24.716308],[121.153263,24.716237],[121.15363,24.716223],[121.153789,24.716234],[121.154108,24.716307],[121.154476,24.716465],[121.15662,24.717804],[121.15877,24.719071],[121.159018,24.719141],[121.159162,24.719146],[121.15937,24.719123],[121.159577,24.719081],[121.160132,24.71891],[121.160309,24.71882],[121.160484,24.718705],[121.161083,24.718144],[121.162115,24.717109],[121.162764,24.716488],[121.163624,24.715927],[121.163824,24.715832],[121.164021,24.715769],[121.164226,24.715733],[121.164446,24.715714],[121.166377,24.715725],[121.166769,24.715689],[121.167155,24.715589],[121.167468,24.715423],[121.167597,24.715336],[121.167881,24.71506],[121.168563,24.714233],[121.168964,24.71379],[121.16942,24.713398],[121.170418,24.712469],[121.170704,24.712181],[121.170889,24.711968],[121.171283,24.71139],[121.171485,24.711026],[121.171929,24.710114],[121.173295,24.707584],[121.173546,24.707271],[121.173736,24.707083],[121.173874,24.706964],[121.174038,24.706865],[121.174199,24.706797],[121.174396,24.706743],[121.174853,24.706666],[121.175291,24.706639],[121.175704,24.706676],[121.175896,24.706718],[121.176197,24.706814],[121.176468,24.706922],[121.176921,24.707118],[121.177894,24.707622],[121.178204,24.707751],[121.179231,24.708032],[121.179716,24.70818],[121.179949,24.708211],[121.180162,24.708218],[121.180362,24.7082],[121.180557,24.708158],[121.180722,24.708102],[121.180879,24.708036],[121.181187,24.707867],[121.181338,24.707762],[121.181498,24.707621],[121.181627,24.707474],[121.181775,24.707245],[121.181924,24.706965],[121.182203,24.706278],[121.182663,24.705345]]}},{"type":"Feature","properties":{"sys":"tra_sched","id":"LIUJIA","lineKey":"tra_sched|LIUJIA","name":"六家線（竹中–六家）","color":"#7FB800","colorDark":"#3c5611","colorFaintLight":"#cada93","colorFaintDark":"#283816","colorFaintSat":"#385422","colorHiddenLight":"#dde3b9","colorHiddenDark":"#1d2819","colorHiddenSat":"#2f4727","colorFollowDark":"#557a0b","sortKey":0,"kind":"track"},"geometry":{"type":"LineString","coordinates":[[121.03126,24.781609],[121.032003,24.781503],[121.032172,24.781487],[121.032389,24.78149],[121.032526,24.781502],[121.032825,24.781561],[121.033102,24.781651],[121.033258,24.781726],[121.033562,24.781918],[121.0337,24.782028],[121.033861,24.782196],[121.034045,24.782436],[121.034141,24.782625],[121.034216,24.782823],[121.034284,24.783073],[121.035123,24.788218],[121.035296,24.789401],[121.035929,24.792391],[121.036088,24.793224],[121.036466,24.79592],[121.036551,24.796312],[121.036668,24.796722],[121.036795,24.797081],[121.037666,24.799327],[121.037768,24.79968],[121.038413,24.802202],[121.039406,24.806127],[121.039474,24.806569],[121.039483,24.806857],[121.039448,24.807661]]}},{"type":"Feature","properties":{"sys":"tra_sched","id":"PINGXI","lineKey":"tra_sched|PINGXI","name":"平溪線（三貂嶺–菁桐）","color":"#E4572E","colorDark":"#652f23","colorFaintLight":"#edb9a3","colorFaintDark":"#3f2320","colorFaintSat":"#4e3f2c","colorHiddenLight":"#efd2c2","colorHiddenDark":"#291c1e","colorHiddenSat":"#3b3c2c","colorFollowDark":"#933e27","sortKey":0,"kind":"track"},"geometry":{"type":"LineString","coordinates":[[121.82235,25.066092],[121.822436,25.065763],[121.822456,25.065581],[121.822505,25.063902],[121.822472,25.063581],[121.822493,25.062949],[121.822517,25.062713],[121.822511,25.062242],[121.822435,25.061778],[121.822227,25.061258],[121.821795,25.060564],[121.820959,25.059296],[121.820613,25.058929],[121.81967,25.058088],[121.819398,25.057882],[121.819138,25.057749],[121.818742,25.057651],[121.817143,25.057564],[121.815697,25.057503],[121.815435,25.057534],[121.814272,25.057723],[121.814011,25.057727],[121.813629,25.057669],[121.812844,25.057485],[121.812285,25.05731],[121.811917,25.057174],[121.811455,25.056999],[121.811093,25.056827],[121.810752,25.056604],[121.810411,25.056303],[121.809803,25.055878],[121.808834,25.055096],[121.808495,25.054833],[121.808337,25.054728],[121.807916,25.05456],[121.807497,25.054454],[121.807156,25.054428],[121.806873,25.054454],[121.806648,25.054504],[121.806197,25.054714],[121.805476,25.055157],[121.805132,25.055299],[121.804995,25.055311],[121.804684,25.055276],[121.804305,25.055138],[121.804087,25.055019],[121.803771,25.054815],[121.803444,25.054554],[121.801985,25.053263],[121.801516,25.052811],[121.801373,25.052657],[121.800864,25.051839],[121.800603,25.051493],[121.800225,25.05107],[121.799906,25.050671],[121.79972,25.050494],[121.799597,25.050389],[121.799323,25.050233],[121.798962,25.05008],[121.798755,25.050018],[121.798267,25.049934],[121.797903,25.049903],[121.797383,25.049915],[121.796973,25.049945],[121.79658,25.050036],[121.795789,25.05038],[121.795111,25.050719],[121.794546,25.050967],[121.793944,25.051287],[121.793598,25.05137],[121.793345,25.051398],[121.793117,25.051385],[121.792546,25.051293],[121.79221,25.051209],[121.791953,25.051122],[121.791804,25.051029],[121.791665,25.050914],[121.791501,25.05072],[121.791398,25.050568],[121.791328,25.050453],[121.790924,25.04964],[121.790805,25.049474],[121.790543,25.049215],[121.790315,25.049082],[121.790013,25.048955],[121.787667,25.048493],[121.787345,25.048435],[121.78699,25.048405],[121.786616,25.048407],[121.785563,25.048569],[121.784373,25.048806],[121.784124,25.048843],[121.783869,25.048835],[121.783669,25.048803],[121.783425,25.048739],[121.783241,25.048671],[121.78206,25.048136],[121.781766,25.047961],[121.781621,25.047834],[121.781515,25.047715],[121.781293,25.047309],[121.781006,25.046391],[121.780908,25.046174],[121.780749,25.045943],[121.780551,25.04576],[121.780403,25.045655],[121.780001,25.045477],[121.778582,25.045188],[121.778207,25.045039],[121.778046,25.044957],[121.777873,25.04483],[121.777763,25.044726],[121.777544,25.044433],[121.777422,25.044197],[121.777127,25.043494],[121.776845,25.042903],[121.776697,25.04267],[121.776264,25.042118],[121.775699,25.04151],[121.774795,25.040687],[121.774551,25.040396],[121.774355,25.040109],[121.774054,25.039715],[121.773858,25.039509],[121.773647,25.03936],[121.773471,25.039272],[121.77327,25.039203],[121.772994,25.039147],[121.772586,25.039149],[121.772339,25.039186],[121.771704,25.039407],[121.771433,25.039451],[121.771244,25.039457],[121.770994,25.039437],[121.770777,25.039393],[121.770556,25.039312],[121.770314,25.039185],[121.769582,25.038638],[121.769337,25.038415],[121.769188,25.038218],[121.769101,25.038047],[121.76903,25.03782],[121.769002,25.037605],[121.769009,25.037411],[121.769068,25.037038],[121.769114,25.036614],[121.769144,25.036065],[121.769138,25.035866],[121.769096,25.035583],[121.769016,25.035366],[121.768819,25.03501],[121.768615,25.034796],[121.768456,25.034668],[121.768098,25.034481],[121.767732,25.034361],[121.767264,25.034329],[121.76713,25.034344],[121.766975,25.034374],[121.766741,25.034451],[121.766515,25.034559],[121.766175,25.034778],[121.765761,25.034981],[121.765381,25.035057],[121.76505,25.035034],[121.764674,25.034928],[121.763598,25.034506],[121.759625,25.033291],[121.759365,25.033172],[121.759074,25.032934],[121.75839,25.032146],[121.758118,25.031919],[121.757882,25.031784],[121.757666,25.031685],[121.757485,25.031637],[121.757225,25.031591],[121.755795,25.031423],[121.754199,25.030842],[121.754001,25.030716],[121.753749,25.030479],[121.753617,25.030294],[121.753518,25.030093],[121.753437,25.029773],[121.75339,25.029239],[121.7533,25.028721],[121.753232,25.028526],[121.75313,25.028344],[121.75291,25.028092],[121.752724,25.027951],[121.752129,25.027655],[121.751999,25.027624],[121.751732,25.027588],[121.751598,25.027584],[121.751371,25.027598],[121.751147,25.027637],[121.749525,25.02817],[121.749115,25.028461],[121.748858,25.028821],[121.748466,25.029625],[121.748333,25.029838],[121.748191,25.029982],[121.748026,25.030103],[121.747837,25.030171],[121.747534,25.030236],[121.747335,25.030243],[121.747138,25.030224],[121.746832,25.030141],[121.746546,25.029991],[121.745288,25.029041],[121.744834,25.028815],[121.744132,25.028591],[121.743104,25.027957],[121.742552,25.027374],[121.742117,25.026378],[121.741703,25.026039],[121.741508,25.025938],[121.741123,25.025847],[121.739682,25.025577],[121.738324,25.025273],[121.73783,25.025105],[121.737089,25.024989],[121.736257,25.024899],[121.735589,25.024932],[121.734923,25.024988],[121.734511,25.025094],[121.734235,25.025242],[121.733405,25.025849],[121.733222,25.025962],[121.733059,25.026032],[121.732882,25.026074],[121.732709,25.026089],[121.731949,25.026124],[121.731545,25.026111],[121.731372,25.026075],[121.730008,25.025698],[121.729547,25.025509],[121.729386,25.025417],[121.729193,25.025281],[121.728707,25.024887],[121.728389,25.024607],[121.727842,25.024321],[121.726523,25.023873],[121.726373,25.023843],[121.726173,25.023825],[121.725914,25.023832],[121.725518,25.023887],[121.724959,25.024036],[121.724013,25.023989],[121.723828,25.023967]]}},{"type":"Feature","properties":{"sys":"tra_sched","id":"SHENAO","lineKey":"tra_sched|SHENAO","name":"深澳線（瑞芳–八斗子）","color":"#F2A104","colorDark":"#6a4c12","colorFaintLight":"#f2d294","colorFaintDark":"#423317","colorFaintSat":"#514f23","colorHiddenLight":"#f2dfba","colorHiddenDark":"#2b2519","colorHiddenSat":"#3d4527","colorFollowDark":"#9c6b0d","sortKey":0,"kind":"track"},"geometry":{"type":"LineString","coordinates":[[121.806432,25.109136],[121.80459,25.109485],[121.80277,25.109974],[121.802464,25.110089],[121.801171,25.110841],[121.799283,25.112023],[121.7989,25.112221],[121.798266,25.112475],[121.79814,25.112542],[121.797904,25.1127],[121.797696,25.112887],[121.797603,25.112991],[121.797443,25.113214],[121.797282,25.113552],[121.797198,25.113912],[121.797187,25.114238],[121.797214,25.114449],[121.797242,25.114552],[121.797307,25.114706],[121.797393,25.114851],[121.797652,25.115427],[121.797886,25.11611],[121.797975,25.116635],[121.798048,25.11743],[121.798077,25.117594],[121.798341,25.118541],[121.79837,25.1187],[121.798384,25.11889],[121.798359,25.119182],[121.798287,25.119443],[121.798084,25.119975],[121.798009,25.120338],[121.798001,25.120474],[121.798129,25.122274],[121.798156,25.122412],[121.798432,25.123092],[121.799127,25.123846],[121.799824,25.124696],[121.800189,25.125203],[121.800287,25.125592],[121.800292,25.125917],[121.800215,25.12623],[121.799979,25.126797],[121.799663,25.127493],[121.799524,25.12793],[121.799519,25.128197],[121.799575,25.128565],[121.799671,25.128855],[121.799818,25.129196],[121.799911,25.129569],[121.79992,25.129951],[121.799883,25.130182],[121.799815,25.130408],[121.799717,25.130624],[121.799585,25.130827],[121.798924,25.13175],[121.798532,25.132262],[121.798268,25.13289],[121.797952,25.133757],[121.797749,25.134096],[121.797523,25.134411],[121.796755,25.13529],[121.796593,25.135538],[121.796519,25.135758],[121.796473,25.136101],[121.796482,25.136331],[121.796527,25.136609],[121.796629,25.136904],[121.796757,25.137137],[121.796834,25.137247],[121.79692,25.137352],[121.797117,25.137543],[121.797225,25.137628],[121.797462,25.137777],[121.79772,25.137893],[121.797994,25.137974],[121.798135,25.138001],[121.798419,25.138027],[121.798562,25.138027],[121.798704,25.138017],[121.798985,25.137969],[121.799122,25.137932],[121.799433,25.137794],[121.79954,25.13773],[121.801289,25.136521],[121.801468,25.136346],[121.801866,25.135889],[121.802082,25.135698],[121.802317,25.135551],[121.802843,25.135307]]}},{"type":"Feature","properties":{"sys":"tra_sched","id":"JIJI","lineKey":"tra_sched|JIJI","name":"集集線（二水–車埕）","color":"#6A8EAE","colorDark":"#344556","colorFaintLight":"#c2ccd0","colorFaintDark":"#242f3c","colorFaintSat":"#334b49","colorHiddenLight":"#dadcd9","colorHiddenDark":"#1b232e","colorHiddenSat":"#2c423c","colorFollowDark":"#486077","sortKey":0,"kind":"track"},"geometry":{"type":"LineString","coordinates":[[120.618449,23.813336],[120.621811,23.81103],[120.623063,23.810148],[120.623497,23.809867],[120.623929,23.809627],[120.626591,23.807785],[120.628275,23.80659],[120.628905,23.80622],[120.629719,23.80581],[120.632525,23.804325],[120.633024,23.804025],[120.634185,23.803173],[120.637628,23.800594],[120.639209,23.799391],[120.639728,23.799025],[120.640144,23.798787],[120.640443,23.798665],[120.640755,23.798574],[120.641057,23.798518],[120.641491,23.798488],[120.642117,23.798514],[120.648275,23.798895],[120.648814,23.798975],[120.649164,23.799069],[120.649491,23.799189],[120.649698,23.799276],[120.650326,23.799617],[120.651297,23.800171],[120.651629,23.80031],[120.651908,23.800384],[120.65234,23.800434],[120.65263,23.800425],[120.654163,23.800192],[120.654622,23.800153],[120.654911,23.800152],[120.655291,23.800174],[120.655833,23.800274],[120.658342,23.800909],[120.658563,23.800989],[120.65876,23.801081],[120.658901,23.801165],[120.6591,23.801304],[120.659263,23.801445],[120.659415,23.801602],[120.660167,23.802494],[120.660471,23.802786],[120.660792,23.803029],[120.660958,23.803129],[120.661788,23.803572],[120.661974,23.803692],[120.662262,23.803916],[120.665711,23.807104],[120.670661,23.81097],[120.675784,23.814945],[120.678338,23.816896],[120.679147,23.81757],[120.681062,23.819206],[120.682909,23.820821],[120.684999,23.822615],[120.69391,23.830504],[120.696184,23.832497],[120.696583,23.832794],[120.69685,23.832958],[120.697109,23.833093],[120.698816,23.833848],[120.699133,23.83396],[120.699462,23.834037],[120.699928,23.834081],[120.702782,23.834082],[120.703163,23.834099],[120.703536,23.834156],[120.703766,23.834211],[120.704548,23.834447],[120.705479,23.834702],[120.706154,23.834816],[120.706565,23.834925],[120.706839,23.834964],[120.707158,23.834982],[120.707643,23.834954],[120.707966,23.834897],[120.70812,23.834853],[120.70831,23.834782],[120.708719,23.834597],[120.711854,23.832885],[120.712376,23.832614],[120.712772,23.832498],[120.713052,23.832462],[120.713303,23.832462],[120.713675,23.832517],[120.714028,23.832636],[120.717282,23.834168],[120.717572,23.834288],[120.719299,23.834884],[120.722661,23.836077],[120.723054,23.83618],[120.723642,23.836309],[120.724261,23.836432],[120.72535,23.836586],[120.726226,23.83676],[120.728337,23.837229],[120.728729,23.837288],[120.73157,23.837415],[120.731985,23.837407],[120.732304,23.837368],[120.732596,23.837283],[120.732834,23.837181],[120.736044,23.835514],[120.736295,23.835423],[120.736425,23.835392],[120.736827,23.835343],[120.741826,23.835227],[120.742224,23.835244],[120.7426,23.835299],[120.742946,23.835389],[120.744723,23.836014],[120.745482,23.836261],[120.745842,23.836344],[120.746125,23.836387],[120.746572,23.836383],[120.746878,23.836336],[120.747165,23.836267],[120.750321,23.835151],[120.750521,23.835049],[120.75102,23.834706],[120.751839,23.834192],[120.752082,23.834068],[120.752354,23.833998],[120.75448,23.833627],[120.754689,23.833568],[120.754929,23.833466],[120.7553,23.833276],[120.755501,23.833155],[120.756531,23.832508],[120.756786,23.832331],[120.757046,23.832114],[120.758326,23.830932],[120.758599,23.830734],[120.758816,23.830623],[120.759071,23.830532],[120.759382,23.83046],[120.759649,23.830417],[120.75992,23.830339],[120.760301,23.83017],[120.760524,23.830034],[120.760811,23.829797],[120.761079,23.829498],[120.761261,23.829223],[120.761387,23.828923],[120.76147,23.828549],[120.761487,23.828251],[120.761357,23.826863],[120.761357,23.826588],[120.761386,23.826414],[120.76146,23.826177],[120.76165,23.825815],[120.761801,23.825618],[120.761941,23.825475],[120.762225,23.825262],[120.763805,23.824318],[120.764141,23.824169],[120.764371,23.82411],[120.764483,23.824091],[120.764728,23.824078],[120.765121,23.824117],[120.765322,23.824159],[120.765744,23.824281],[120.766688,23.824588],[120.767353,23.824814],[120.767644,23.82493],[120.767956,23.825134],[120.768165,23.825337],[120.768308,23.825556],[120.768442,23.825824],[120.76862,23.826106],[120.768776,23.826275],[120.768953,23.826407],[120.769208,23.826537],[120.771687,23.82759],[120.772007,23.827686],[120.772361,23.827744],[120.772758,23.827739],[120.773148,23.827659],[120.773394,23.827566],[120.774162,23.827155],[120.774381,23.827059],[120.774738,23.826938],[120.775232,23.826844],[120.782658,23.826255],[120.782994,23.826239],[120.783707,23.826249],[120.785244,23.826332],[120.78558,23.826327],[120.786156,23.826293],[120.789599,23.826449],[120.793383,23.826596],[120.798462,23.826816],[120.798995,23.826819],[120.799274,23.826791],[120.799579,23.826735],[120.800512,23.82649],[120.801547,23.82616],[120.802345,23.82588],[120.803743,23.825426],[120.811008,23.822053],[120.81135,23.821936],[120.811676,23.821886],[120.811978,23.821873],[120.812248,23.821887],[120.812586,23.821929],[120.81297,23.821998],[120.814485,23.822368],[120.81524,23.822519],[120.816017,23.822647],[120.816849,23.822732],[120.817647,23.822789],[120.818982,23.822854],[120.819475,23.822893],[120.819958,23.822965],[120.820474,23.823086],[120.820991,23.823262],[120.821926,23.823695],[120.822211,23.823783],[120.822526,23.823834],[120.822879,23.823842],[120.823444,23.82383],[120.823909,23.823867],[120.824375,23.823932],[120.826206,23.824248],[120.827673,23.824428],[120.828137,23.824448],[120.828647,23.824437],[120.829118,23.824405],[120.829611,23.824336],[120.829798,23.8243],[120.830183,23.824191],[120.830579,23.824031],[120.831466,23.823623],[120.831865,23.823481],[120.832231,23.823386],[120.833116,23.823234],[120.834952,23.822954],[120.836431,23.822841],[120.836817,23.822799],[120.837263,23.822715],[120.837923,23.822538],[120.83924,23.822028],[120.839495,23.821907],[120.839735,23.821765],[120.840069,23.821507],[120.841848,23.819825],[120.842234,23.819547],[120.84258,23.819358],[120.842794,23.819263],[120.844412,23.818666],[120.844947,23.818524],[120.846629,23.818184],[120.848266,23.817996],[120.848883,23.817857],[120.850293,23.817477],[120.850425,23.817452],[120.850714,23.81743],[120.851076,23.817454],[120.851305,23.817522],[120.851663,23.817677],[120.852245,23.817986],[120.852442,23.818108],[120.854489,23.819434],[120.854965,23.819783],[120.855283,23.820035],[120.85612,23.820821],[120.856231,23.820952],[120.856319,23.821109],[120.85641,23.821319],[120.856479,23.821529],[120.856528,23.821751],[120.856554,23.821984],[120.856557,23.822218],[120.856542,23.822381],[120.85647,23.822747],[120.856428,23.823232],[120.856455,23.823446],[120.856521,23.823666],[120.85657,23.823788],[120.857236,23.825076],[120.857749,23.826028],[120.857871,23.826201],[120.858041,23.826381],[120.858821,23.827052],[120.858899,23.827108],[120.859081,23.827204],[120.859366,23.827306],[120.859693,23.827354],[120.859988,23.827342],[120.860623,23.827219],[120.861184,23.827128],[120.861533,23.827098],[120.862029,23.827127],[120.862148,23.827164],[120.86236,23.827284],[120.862462,23.827366],[120.862683,23.827612],[120.862885,23.827935],[120.862949,23.828078],[120.863412,23.829368],[120.863483,23.829526],[120.863663,23.829811],[120.863788,23.829965],[120.865458,23.831813],[120.865537,23.831916]]}},{"type":"Feature","properties":{"sys":"tra_sched","id":"SHALUN","lineKey":"tra_sched|SHALUN","name":"沙崙線（中洲–沙崙）","color":"#B565A7","colorDark":"#523454","colorFaintLight":"#ddbdcd","colorFaintDark":"#34263b","colorFaintSat":"#444247","colorHiddenLight":"#e7d5d7","colorHiddenDark":"#241e2d","colorHiddenSat":"#353d3b","colorFollowDark":"#764672","sortKey":0,"kind":"track"},"geometry":{"type":"LineString","coordinates":[[120.252466,22.9039],[120.253041,22.901835],[120.25316,22.90147],[120.253279,22.901227],[120.253513,22.90091],[120.253636,22.900781],[120.253785,22.90066],[120.254105,22.900463],[120.254289,22.900378],[120.254634,22.900263],[120.255016,22.900206],[120.255178,22.900202],[120.255563,22.900249],[120.25576,22.900296],[120.255942,22.900359],[120.256148,22.900453],[120.256456,22.900645],[120.256594,22.900762],[120.256852,22.901053],[120.256961,22.901217],[120.257051,22.901379],[120.257337,22.902044],[120.257501,22.902299],[120.257675,22.902478],[120.257877,22.90265],[120.258095,22.902789],[120.258334,22.9029],[120.258685,22.903004],[120.258929,22.903036],[120.26056,22.903077],[120.261353,22.903076],[120.263515,22.903004],[120.26443,22.903076],[120.264919,22.903171],[120.265699,22.903427],[120.268324,22.904501],[120.268906,22.904799],[120.269309,22.905116],[120.270328,22.906135],[120.270585,22.90634],[120.270919,22.90654],[120.271268,22.906718],[120.273788,22.90779],[120.277368,22.909264],[120.280458,22.910596],[120.284771,22.912004],[120.288024,22.913111],[120.288387,22.913248],[120.288754,22.913428],[120.289159,22.913702],[120.289508,22.914035],[120.289792,22.914417],[120.289941,22.914693],[120.290055,22.914983],[120.290159,22.915429],[120.290182,22.91588],[120.290125,22.91633],[120.289988,22.916764],[120.28836,22.919972],[120.287742,22.921264],[120.286427,22.923849]]}},{"type":"Feature","properties":{"sys":"tra_sched","id":"chengzhui","lineKey":"tra_sched|chengzhui","name":"成追線（追分–成功）","color":"#3b6ea5","colorDark":"#213853","colorFaintLight":"#b2c1cd","colorFaintDark":"#19283a","colorFaintSat":"#294447","colorHiddenLight":"#d1d6d7","colorHiddenDark":"#151f2c","colorHiddenSat":"#273e3b","colorFollowDark":"#2b4c71","sortKey":0,"kind":"track"},"geometry":{"type":"LineString","coordinates":[[120.570158,24.120342],[120.572578,24.119697],[120.57376,24.119295],[120.575067,24.118934],[120.575568,24.11876],[120.575904,24.118609],[120.576603,24.11826],[120.57689,24.118083],[120.577083,24.117954],[120.578506,24.116874],[120.578919,24.116589],[120.579402,24.116319],[120.579753,24.11616],[120.580052,24.116045],[120.580355,24.115956],[120.580672,24.115876],[120.581059,24.1158],[120.581584,24.115744],[120.58188,24.115738],[120.582188,24.115743],[120.582682,24.115786],[120.583842,24.115978],[120.584219,24.116017],[120.585095,24.116042],[120.585746,24.11599],[120.586322,24.115886],[120.58664,24.115803],[120.587412,24.115557],[120.589236,24.114915],[120.59016,24.114629]]}},{"type":"Feature","properties":{"sys":"thsr_sched","id":"THSR","lineKey":"thsr_sched|THSR","name":"高鐵","color":"#E85D0D","colorDark":"#663116","colorFaintLight":"#efbb97","colorFaintDark":"#402419","colorFaintSat":"#4f4025","colorHiddenLight":"#f0d3bc","colorHiddenDark":"#2a1d1a","colorHiddenSat":"#3c3c28","colorFollowDark":"#964113","sortKey":0,"kind":"track"},"geometry":{"type":"LineString","coordinates":[[121.6209,25.054561],[121.615755,25.054341],[121.609004,25.053557],[121.607105,25.053266],[121.60708,25.053279],[121.605569,25.053065],[121.60433,25.052867],[121.603895,25.052765],[121.603034,25.052524],[121.601139,25.052264],[121.599424,25.05205],[121.590164,25.050606],[121.585727,25.049897],[121.584528,25.049719],[121.58368,25.049571],[121.582117,25.049259],[121.581679,25.049203],[121.581128,25.049155],[121.58068,25.049139],[121.579881,25.049139],[121.577558,25.04917],[121.576552,25.049229],[121.575745,25.049259],[121.572117,25.049302],[121.571232,25.049294],[121.570534,25.049245],[121.570153,25.049205],[121.569462,25.049106],[121.568453,25.048913],[121.567038,25.048583],[121.566304,25.048392],[121.565749,25.048218],[121.563729,25.047511],[121.563104,25.047274],[121.559057,25.045503],[121.558465,25.045287],[121.558072,25.045161],[121.557263,25.044954],[121.55607,25.044722],[121.554821,25.04449],[121.554025,25.04438],[121.553509,25.044352],[121.553275,25.044353],[121.552569,25.044391],[121.547379,25.044959],[121.54686,25.045005],[121.546286,25.045023],[121.545931,25.045022],[121.545159,25.044973],[121.541776,25.044561],[121.541189,25.044521],[121.540628,25.044513],[121.53568,25.044773],[121.535309,25.044817],[121.534664,25.044934],[121.534047,25.045094],[121.532814,25.045454],[121.532073,25.045619],[121.531525,25.045704],[121.530768,25.04576],[121.530305,25.045768],[121.52687,25.045746],[121.526387,25.045786],[121.525991,25.045846],[121.525105,25.046028],[121.523828,25.046315]]}},{"type":"Feature","properties":{"sys":"thsr_sched","id":"THSR","lineKey":"thsr_sched|THSR","name":"高鐵","color":"#E85D0D","colorDark":"#663116","colorFaintLight":"#efbb97","colorFaintDark":"#402419","colorFaintSat":"#4f4025","colorHiddenLight":"#f0d3bc","colorHiddenDark":"#2a1d1a","colorHiddenSat":"#3c3c28","colorFollowDark":"#964113","sortKey":2,"kind":"track"},"geometry":{"type":"LineString","coordinates":[[121.523828,25.046315],[121.521763,25.046786],[121.520938,25.046952],[121.520691,25.04703],[121.520377,25.047093],[121.520115,25.047142],[121.518402,25.04734],[121.516104,25.047731],[121.515744,25.047809],[121.51479,25.048055],[121.513109,25.048352]]}},{"type":"Feature","properties":{"sys":"thsr_sched","id":"THSR","lineKey":"thsr_sched|THSR","name":"高鐵","color":"#E85D0D","colorDark":"#663116","colorFaintLight":"#efbb97","colorFaintDark":"#402419","colorFaintSat":"#4f4025","colorHiddenLight":"#f0d3bc","colorHiddenDark":"#2a1d1a","colorHiddenSat":"#3c3c28","colorFollowDark":"#964113","sortKey":0,"kind":"track"},"geometry":{"type":"LineString","coordinates":[[121.513109,25.048352],[121.512306,25.048404],[121.511806,25.048385],[121.511478,25.04833],[121.511159,25.048242],[121.510844,25.048118],[121.510689,25.048042]]}},{"type":"Feature","properties":{"sys":"thsr_sched","id":"THSR","lineKey":"thsr_sched|THSR","name":"高鐵","color":"#E85D0D","colorDark":"#663116","colorFaintLight":"#efbb97","colorFaintDark":"#402419","colorFaintSat":"#4f4025","colorHiddenLight":"#f0d3bc","colorHiddenDark":"#2a1d1a","colorHiddenSat":"#3c3c28","colorFollowDark":"#964113","sortKey":3,"kind":"track"},"geometry":{"type":"LineString","coordinates":[[121.510689,25.048042],[121.510257,25.047766],[121.510003,25.047544],[121.509887,25.047424],[121.50968,25.047165]]}},{"type":"Feature","properties":{"sys":"thsr_sched","id":"THSR","lineKey":"thsr_sched|THSR","name":"高鐵","color":"#E85D0D","colorDark":"#663116","colorFaintLight":"#efbb97","colorFaintDark":"#402419","colorFaintSat":"#4f4025","colorHiddenLight":"#f0d3bc","colorHiddenDark":"#2a1d1a","colorHiddenSat":"#3c3c28","colorFollowDark":"#964113","sortKey":0,"kind":"track"},"geometry":{"type":"LineString","coordinates":[[121.50968,25.047165],[121.509521,25.046931],[121.509407,25.046688]]}},{"type":"Feature","properties":{"sys":"thsr_sched","id":"THSR","lineKey":"thsr_sched|THSR","name":"高鐵","color":"#E85D0D","colorDark":"#663116","colorFaintLight":"#efbb97","colorFaintDark":"#402419","colorFaintSat":"#4f4025","colorHiddenLight":"#f0d3bc","colorHiddenDark":"#2a1d1a","colorHiddenSat":"#3c3c28","colorFollowDark":"#964113","sortKey":0,"kind":"track"},"geometry":{"type":"LineString","coordinates":[[121.509407,25.046688],[121.509056,25.045617],[121.508218,25.042605],[121.506736,25.037499],[121.506271,25.035785],[121.506204,25.035573],[121.506057,25.035223]]}},{"type":"Feature","properties":{"sys":"thsr_sched","id":"THSR","lineKey":"thsr_sched|THSR","name":"高鐵","color":"#E85D0D","colorDark":"#663116","colorFaintLight":"#efbb97","colorFaintDark":"#402419","colorFaintSat":"#4f4025","colorHiddenLight":"#f0d3bc","colorHiddenDark":"#2a1d1a","colorHiddenSat":"#3c3c28","colorFollowDark":"#964113","sortKey":0,"kind":"track"},"geometry":{"type":"LineString","coordinates":[[121.506057,25.035223],[121.505915,25.034951],[121.50574,25.034695],[121.505536,25.034458],[121.5053,25.034239],[121.505034,25.034042],[121.504746,25.033873],[121.504438,25.033735],[121.504015,25.033604],[121.503507,25.033507],[121.501527,25.033256],[121.499953,25.033144],[121.497716,25.033113],[121.497364,25.033094],[121.497015,25.033041],[121.49651,25.032897],[121.49621,25.032771],[121.495926,25.032618],[121.495535,25.032342],[121.491396,25.028656],[121.490778,25.028186],[121.490307,25.027886],[121.490062,25.027748],[121.489614,25.027546],[121.489189,25.027388],[121.488727,25.027251],[121.48848,25.027199],[121.48818,25.02714],[121.48383,25.026473],[121.483119,25.026329],[121.482827,25.026256],[121.482303,25.026087],[121.482001,25.025972],[121.481482,25.025742],[121.480815,25.025368],[121.475181,25.021322],[121.474246,25.020729],[121.470752,25.018245],[121.470159,25.017858],[121.467966,25.016298],[121.466763,25.015541],[121.465878,25.014929],[121.464452,25.013939],[121.46404,25.013598],[121.462744,25.012279],[121.461375,25.010736],[121.461268,25.010511],[121.456389,25.00504],[121.455973,25.004628],[121.455657,25.004385],[121.455501,25.004296]]}},{"type":"Feature","properties":{"sys":"thsr_sched","id":"THSR","lineKey":"thsr_sched|THSR","name":"高鐵","color":"#E85D0D","colorDark":"#663116","colorFaintLight":"#efbb97","colorFaintDark":"#402419","colorFaintSat":"#4f4025","colorHiddenLight":"#f0d3bc","colorHiddenDark":"#2a1d1a","colorHiddenSat":"#3c3c28","colorFollowDark":"#964113","sortKey":1,"kind":"track"},"geometry":{"type":"LineString","coordinates":[[121.455501,25.004296],[121.455189,25.004118],[121.454831,25.003949],[121.454467,25.00384],[121.453965,25.003736]]}},{"type":"Feature","properties":{"sys":"thsr_sched","id":"THSR","lineKey":"thsr_sched|THSR","name":"高鐵","color":"#E85D0D","colorDark":"#663116","colorFaintLight":"#efbb97","colorFaintDark":"#402419","colorFaintSat":"#4f4025","colorHiddenLight":"#f0d3bc","colorHiddenDark":"#2a1d1a","colorHiddenSat":"#3c3c28","colorFollowDark":"#964113","sortKey":0,"kind":"track"},"geometry":{"type":"LineString","coordinates":[[121.453965,25.003736],[121.453532,25.003681],[121.453063,25.003653],[121.45269,25.003654],[121.447006,25.003965],[121.44425,25.004074],[121.443223,25.00414],[121.440468,25.004452],[121.439623,25.004518],[121.437859,25.004614],[121.435767,25.004706],[121.435077,25.00469],[121.433556,25.004561],[121.432118,25.004336],[121.430525,25.004058],[121.429159,25.003846],[121.428201,25.003748],[121.427244,25.003675],[121.425448,25.003619],[121.424275,25.003625],[121.422476,25.003731],[121.420391,25.003957],[121.41099,25.00539],[121.409591,25.005585],[121.407618,25.005897],[121.405031,25.006346],[121.403278,25.006713],[121.401659,25.007092],[121.399298,25.007725],[121.397445,25.008288],[121.395222,25.009045],[121.39235,25.010169],[121.390778,25.010836],[121.389431,25.011459],[121.388445,25.011941],[121.387001,25.012683],[121.332259,25.043453],[121.328808,25.045381],[121.322733,25.048842],[121.320897,25.049868],[121.314319,25.053413],[121.31237,25.054336],[121.31081,25.054997],[121.310302,25.055197],[121.309061,25.055643],[121.306845,25.056399],[121.304547,25.0571],[121.302215,25.05771],[121.299815,25.058241],[121.298171,25.058567],[121.296115,25.058883],[121.29525,25.058996],[121.293304,25.059205],[121.292254,25.059289],[121.290681,25.059378],[121.289053,25.059434],[121.287842,25.059451],[121.286637,25.059445],[121.284897,25.059388],[121.28259,25.059236],[121.280652,25.05905],[121.279378,25.058886],[121.278471,25.05876],[121.276905,25.058495],[121.274165,25.057953],[121.27113,25.057177],[121.269019,25.056554],[121.268124,25.056255],[121.267198,25.05594],[121.265276,25.055214],[121.263816,25.054626],[121.260374,25.053058],[121.258378,25.051984],[121.257293,25.051372],[121.256347,25.050816],[121.255119,25.05006],[121.254002,25.049333],[121.252615,25.048365],[121.251841,25.047803],[121.249258,25.045766],[121.248227,25.044869],[121.246161,25.043009],[121.241604,25.038841],[121.240533,25.037841],[121.239796,25.037183],[121.236857,25.034495],[121.233137,25.031049],[121.231137,25.029132],[121.230012,25.028039],[121.224666,25.022716],[121.222167,25.020262],[121.221486,25.019572],[121.220397,25.018517],[121.218814,25.016933],[121.218647,25.016785],[121.216932,25.015072],[121.21081,25.009022],[121.201694,24.999877],[121.192315,24.990556],[121.187634,24.985853],[121.185395,24.983583],[121.177895,24.975711],[121.172499,24.970176],[121.17125,24.96893],[121.169902,24.967681],[121.167587,24.965702],[121.165762,24.964289],[121.16379,24.962789],[121.161614,24.96138],[121.159779,24.960254],[121.158363,24.95946],[121.156347,24.958381],[121.154258,24.957428],[121.15289,24.956755],[121.142437,24.95217],[121.133757,24.948392],[121.120953,24.94279],[121.118884,24.941852],[121.116943,24.940901],[121.114979,24.93988],[121.112961,24.938693],[121.110912,24.93744],[121.108779,24.93596],[121.10707,24.934647],[121.106299,24.934036],[121.105304,24.933206],[121.103358,24.931518],[121.101299,24.929514],[121.09935,24.927429],[121.097586,24.925401],[121.095946,24.923248],[121.094894,24.921805],[121.094018,24.92047],[121.092527,24.918105],[121.085942,24.906879],[121.082441,24.901502],[121.078876,24.896175],[121.077892,24.894657],[121.070775,24.883934],[121.070272,24.883111],[121.065634,24.875978],[121.058111,24.864795],[121.056041,24.861277],[121.054166,24.857715],[121.051199,24.850329],[121.050181,24.846959],[121.048594,24.840904],[121.04417,24.823826],[121.043854,24.822708],[121.043652,24.821846],[121.04341,24.820614],[121.042939,24.81889],[121.042631,24.817688],[121.038171,24.800196],[121.036636,24.794375],[121.03609,24.791864],[121.034884,24.785452],[121.033557,24.777844],[121.033281,24.776355],[121.032587,24.773619],[121.031988,24.771561],[121.03126,24.769361],[121.030087,24.766485],[121.029298,24.764749],[121.028551,24.763223],[121.02772,24.761663],[121.026793,24.760027],[121.025871,24.758573],[121.024681,24.756773],[121.022237,24.753527],[121.021005,24.752102],[121.019841,24.75087],[121.019048,24.749978],[121.016385,24.74743],[121.013492,24.744915],[121.011547,24.743405],[121.009606,24.742072],[121.007563,24.740719],[121.002489,24.737749],[121.001342,24.737154],[120.995086,24.733598],[120.993977,24.73299],[120.986019,24.728433],[120.978112,24.724019],[120.97495,24.722212],[120.970163,24.719545],[120.969216,24.718964],[120.967434,24.717976],[120.965213,24.7167],[120.964023,24.716035],[120.962859,24.715344],[120.960667,24.714001],[120.95716,24.711663],[120.956045,24.710861],[120.953896,24.709225],[120.949451,24.705559],[120.945854,24.702199],[120.943959,24.700209],[120.942602,24.698757],[120.941315,24.697262],[120.938821,24.694227],[120.937399,24.692395],[120.936065,24.690511],[120.91925,24.664932],[120.917381,24.662244],[120.916464,24.660981],[120.915193,24.659307],[120.911518,24.654938],[120.910083,24.653384],[120.907188,24.650492],[120.90397,24.647565],[120.901571,24.645566],[120.898975,24.643559],[120.894979,24.64076],[120.892877,24.639435],[120.890604,24.638066],[120.888424,24.636825],[120.878769,24.631712],[120.875268,24.629767],[120.873351,24.628725],[120.871376,24.627536],[120.864763,24.623631],[120.860255,24.621026],[120.858915,24.62032],[120.855403,24.618538],[120.8516,24.616818],[120.847942,24.615247],[120.837769,24.610819],[120.833693,24.609026],[120.828077,24.606595],[120.80959,24.598532],[120.807442,24.59759],[120.803969,24.595996],[120.801062,24.594506],[120.797369,24.592403],[120.795185,24.591002],[120.793679,24.589869],[120.79215,24.588659],[120.790943,24.587678],[120.789632,24.586584],[120.788428,24.585467],[120.787065,24.584187],[120.785679,24.582827],[120.784835,24.581938],[120.783847,24.580941],[120.772242,24.568016],[120.768426,24.56356],[120.76566,24.56017],[120.76451,24.55886],[120.763733,24.557894],[120.762514,24.556452],[120.76067,24.554164],[120.760025,24.553388],[120.759453,24.552646],[120.753415,24.545334],[120.751687,24.54319],[120.749238,24.540318],[120.74751,24.538211],[120.746942,24.537554],[120.743129,24.532829],[120.739078,24.527387],[120.737039,24.524318],[120.735814,24.522215],[120.733301,24.517779],[120.729045,24.51021],[120.727019,24.50672],[120.72572,24.504339],[120.725289,24.5034],[120.724681,24.502328],[120.722851,24.499285],[120.7201,24.4944],[120.718865,24.492349],[120.71278,24.482542],[120.711811,24.480939],[120.710216,24.478148],[120.709124,24.47605],[120.707949,24.473628],[120.707719,24.473122],[120.706532,24.470081],[120.705298,24.466778],[120.704476,24.464195],[120.703985,24.462278],[120.703262,24.459326],[120.702176,24.45479],[120.699978,24.445772],[120.699766,24.444809],[120.698747,24.440664],[120.698116,24.437965],[120.695845,24.428682],[120.692946,24.416486],[120.692093,24.413012],[120.688804,24.39941],[120.681322,24.368386],[120.677237,24.35128],[120.676819,24.349304],[120.676454,24.347152],[120.676023,24.34355],[120.675096,24.332894],[120.674996,24.331229],[120.674431,24.325298],[120.674355,24.324851],[120.674069,24.32067],[120.673825,24.318296],[120.67363,24.316187],[120.673554,24.314689],[120.672637,24.30437],[120.672229,24.29933],[120.671968,24.296576],[120.671716,24.294372],[120.671553,24.293383],[120.670956,24.290426],[120.670677,24.289219],[120.670186,24.287499],[120.669489,24.28527],[120.669079,24.284033],[120.6687,24.283009],[120.667734,24.280643],[120.666637,24.278338],[120.665969,24.277022],[120.664413,24.273868],[120.662433,24.271319],[120.661942,24.270566],[120.661272,24.269755],[120.66006,24.268164],[120.658874,24.266774],[120.657225,24.264882],[120.654507,24.261602],[120.653991,24.26095],[120.650895,24.257249],[120.649625,24.255618],[120.648683,24.254332],[120.647802,24.253034],[120.646687,24.2513],[120.645111,24.248565],[120.64419,24.246762],[120.643564,24.245461],[120.642897,24.243944],[120.642043,24.241775],[120.641456,24.240059],[120.640988,24.238618],[120.640478,24.236758],[120.64022,24.235754],[120.639724,24.233502],[120.639464,24.231964],[120.639087,24.229232],[120.638933,24.2278],[120.638473,24.221967],[120.638112,24.217146],[120.637831,24.213768],[120.637651,24.211858],[120.637342,24.209481],[120.636983,24.207446],[120.636316,24.204511],[120.635822,24.202685],[120.635263,24.200936],[120.6346,24.198969],[120.631539,24.190509],[120.628787,24.182633],[120.627693,24.179581],[120.627156,24.178009],[120.626099,24.175097],[120.625591,24.173603],[120.624857,24.171541],[120.623968,24.168907],[120.623211,24.166568],[120.622802,24.165086],[120.622391,24.163452],[120.622003,24.161703],[120.621562,24.159452],[120.621196,24.157204],[120.621078,24.156361],[120.620583,24.153235],[120.61912,24.143515],[120.618917,24.142093],[120.618655,24.139951],[120.618547,24.138488],[120.618303,24.136515],[120.617686,24.129994],[120.617452,24.127701],[120.616709,24.119638],[120.614506,24.097154],[120.614227,24.094148],[120.613852,24.089852],[120.613033,24.081656],[120.6128,24.079931],[120.612566,24.078489],[120.612178,24.076624],[120.611735,24.074783],[120.611186,24.072795],[120.610844,24.071708],[120.60971,24.068478],[120.6088,24.065994],[120.608384,24.064805],[120.607769,24.06297],[120.606891,24.060038],[120.605918,24.056151],[120.605255,24.05288],[120.604844,24.05052],[120.604511,24.0482],[120.604352,24.046908],[120.604112,24.044453],[120.604007,24.042999],[120.603918,24.041227],[120.603837,24.037709],[120.603883,24.034824],[120.604028,24.031955],[120.604288,24.029121],[120.604451,24.027579],[120.605932,24.017291],[120.609538,23.99282],[120.610955,23.983039],[120.612152,23.974987],[120.612216,23.974314],[120.612393,23.972872],[120.613037,23.965767],[120.613497,23.959767],[120.613683,23.957948],[120.613868,23.955382],[120.614025,23.953753],[120.614151,23.951867],[120.614521,23.947329],[120.614548,23.946407],[120.615158,23.939482],[120.615576,23.934122],[120.615671,23.931021],[120.615421,23.926336],[120.615046,23.923028],[120.61452,23.920019],[120.613717,23.916775],[120.612957,23.914226],[120.611645,23.910538],[120.610815,23.908552],[120.609712,23.906184],[120.608333,23.903582],[120.60665,23.900769],[120.605206,23.898612],[120.602151,23.894608],[120.600319,23.892483],[120.598626,23.890718],[120.595945,23.888176],[120.59406,23.886503],[120.591362,23.884381],[120.588981,23.882704],[120.583434,23.879161],[120.576585,23.874994],[120.568747,23.870171],[120.561467,23.865739],[120.557511,23.863474],[120.555785,23.862565],[120.553633,23.861469],[120.552288,23.86083],[120.54885,23.859268],[120.536034,23.853724],[120.532523,23.852357],[120.529603,23.851347],[120.52555,23.850082],[120.521166,23.848838],[120.516347,23.847686],[120.506434,23.845603],[120.487139,23.841617],[120.484764,23.841153],[120.478988,23.839943],[120.47644,23.83936],[120.472903,23.838352],[120.471108,23.837805],[120.468914,23.837019],[120.466736,23.836132],[120.465696,23.835683],[120.463306,23.834562],[120.460092,23.83282],[120.457146,23.83102],[120.455828,23.83014],[120.45308,23.828158],[120.451458,23.82686],[120.449783,23.825407],[120.447855,23.823599],[120.446456,23.822174],[120.444972,23.820499],[120.442852,23.818],[120.440834,23.815314],[120.439687,23.813528],[120.438195,23.8111],[120.436957,23.808842],[120.435725,23.806182],[120.434999,23.804405],[120.434278,23.802563],[120.433812,23.801202],[120.43309,23.798826],[120.432506,23.796347],[120.431874,23.793539],[120.429431,23.781503],[120.427879,23.774003],[120.425404,23.761861],[120.424307,23.757913],[120.423918,23.756738],[120.422387,23.752642],[120.414428,23.731928],[120.412202,23.726046],[120.410153,23.720858],[120.409485,23.719349],[120.408909,23.718122],[120.407957,23.716232],[120.405703,23.712421],[120.404444,23.710566],[120.403127,23.708771],[120.398628,23.702862],[120.388932,23.690222],[120.385881,23.686203],[120.384263,23.684044],[120.366061,23.660241],[120.364181,23.657752],[120.348067,23.636688],[120.346115,23.633976],[120.344269,23.631122],[120.341887,23.626967],[120.340419,23.62399],[120.339347,23.621625],[120.338027,23.618339],[120.336956,23.615165],[120.336336,23.613167],[120.33572,23.610886],[120.335151,23.608456],[120.334632,23.605704],[120.334239,23.603246],[120.333898,23.600021],[120.333631,23.59633],[120.333101,23.587262],[120.332619,23.579749],[120.332344,23.574635],[120.332203,23.572478],[120.331791,23.568094],[120.331304,23.564651],[120.330479,23.559227],[120.329518,23.552613],[120.328523,23.545964],[120.328263,23.544103],[120.328026,23.542197],[120.327838,23.540271],[120.327694,23.53835],[120.325707,23.498187],[120.324322,23.469723],[120.324192,23.468085],[120.324031,23.46409],[120.323807,23.459231],[120.323565,23.454594],[120.323412,23.451208],[120.323015,23.44327],[120.322197,23.425483],[120.321427,23.4106],[120.32131,23.408946],[120.320981,23.401871],[120.321001,23.401342],[120.320444,23.390084],[120.320444,23.383912],[120.320953,23.379587],[120.321525,23.375961],[120.322641,23.371366],[120.327253,23.358018],[120.32806,23.355775],[120.328837,23.35353],[120.330598,23.348385],[120.330697,23.348137],[120.331074,23.346962],[120.331498,23.345717],[120.331732,23.345111],[120.332436,23.343034],[120.332657,23.342497],[120.332843,23.341949],[120.333067,23.341385],[120.333528,23.339984],[120.334608,23.336809],[120.334916,23.335831],[120.335605,23.333797],[120.335917,23.332784]]}},{"type":"Feature","properties":{"sys":"thsr_sched","id":"THSR","lineKey":"thsr_sched|THSR","name":"高鐵","color":"#E85D0D","colorDark":"#663116","colorFaintLight":"#efbb97","colorFaintDark":"#402419","colorFaintSat":"#4f4025","colorHiddenLight":"#f0d3bc","colorHiddenDark":"#2a1d1a","colorHiddenSat":"#3c3c28","colorFollowDark":"#964113","sortKey":1,"kind":"track"},"geometry":{"type":"LineString","coordinates":[[120.335917,23.332784],[120.336829,23.329153],[120.337115,23.327888],[120.337522,23.325879]]}},{"type":"Feature","properties":{"sys":"thsr_sched","id":"THSR","lineKey":"thsr_sched|THSR","name":"高鐵","color":"#E85D0D","colorDark":"#663116","colorFaintLight":"#efbb97","colorFaintDark":"#402419","colorFaintSat":"#4f4025","colorHiddenLight":"#f0d3bc","colorHiddenDark":"#2a1d1a","colorHiddenSat":"#3c3c28","colorFollowDark":"#964113","sortKey":0,"kind":"track"},"geometry":{"type":"LineString","coordinates":[[120.337522,23.325879],[120.338111,23.323038],[120.338743,23.319349],[120.340307,23.311002],[120.342081,23.302022],[120.343176,23.295863],[120.345271,23.284841],[120.345948,23.281178],[120.34619,23.279658],[120.34635,23.278398],[120.34652,23.27667],[120.346608,23.275264],[120.346643,23.27363],[120.346642,23.272245],[120.346621,23.271348],[120.346574,23.270448],[120.346431,23.26867],[120.346308,23.267533],[120.34604,23.265569],[120.345704,23.263815],[120.345427,23.262527],[120.345009,23.260892],[120.34464,23.259605],[120.344127,23.258027],[120.343474,23.256221],[120.342847,23.254695],[120.342237,23.253304],[120.341544,23.251884],[120.340347,23.249692],[120.339746,23.248655],[120.338841,23.247203],[120.337728,23.245588],[120.336857,23.244402],[120.334595,23.24155],[120.329579,23.235427],[120.32078,23.224569],[120.305434,23.205743],[120.293478,23.190784],[120.290479,23.187239],[120.289521,23.185983],[120.288003,23.183919],[120.287241,23.182752],[120.285703,23.18025],[120.285228,23.179406],[120.284283,23.177531],[120.28325,23.175308],[120.282611,23.173839],[120.28158,23.171018],[120.281044,23.169499],[120.280357,23.16707],[120.27992,23.165229],[120.279186,23.161362],[120.27885,23.159399],[120.277923,23.153637],[120.277044,23.148364],[120.276771,23.146368],[120.276622,23.14477],[120.276493,23.142886],[120.276437,23.141103],[120.276443,23.139405],[120.276624,23.136026],[120.276824,23.134068],[120.277245,23.131184],[120.277644,23.129155],[120.278494,23.125641],[120.280915,23.116324],[120.283437,23.106529],[120.28448,23.102547],[120.285691,23.097323],[120.285936,23.095869],[120.286354,23.093079],[120.286575,23.091276],[120.286748,23.088917],[120.286939,23.085696],[120.287594,23.069532],[120.287646,23.06701],[120.287684,23.0659],[120.288271,23.054466],[120.288477,23.049352],[120.288617,23.04647],[120.288724,23.043297],[120.289157,23.033925],[120.289332,23.029186],[120.289386,23.028103],[120.289417,23.026058],[120.289411,23.02489],[120.289367,23.023819],[120.289202,23.021706],[120.289005,23.019611],[120.288773,23.017957],[120.288427,23.01593],[120.288318,23.015397],[120.287909,23.013628],[120.287343,23.011449],[120.286683,23.009336],[120.286378,23.008446],[120.284663,23.004215],[120.284277,23.003385],[120.283301,23.001346],[120.281683,22.998038],[120.280628,22.995808],[120.27982,22.994218],[120.279284,22.99304],[120.277982,22.990455],[120.277279,22.9889],[120.276796,22.987909],[120.276144,22.986426],[120.275403,22.984587],[120.274414,22.981799],[120.274036,22.980507],[120.273408,22.977992],[120.272964,22.975951],[120.272582,22.973671],[120.272438,22.972715],[120.272297,22.971636],[120.272197,22.970455],[120.272043,22.967882],[120.272011,22.966887],[120.272006,22.965689],[120.272022,22.964118],[120.272107,22.962649],[120.272274,22.96065],[120.272398,22.959398],[120.272584,22.958065],[120.272759,22.956944],[120.273301,22.95434],[120.273653,22.952837],[120.274204,22.9508],[120.274636,22.949491],[120.275305,22.947583],[120.275883,22.946044],[120.276565,22.944497],[120.277768,22.941943],[120.27853,22.940422],[120.279292,22.938834],[120.280191,22.937102],[120.282285,22.932969],[120.282844,22.931763],[120.284407,22.928667],[120.285341,22.926876],[120.286308,22.924898],[120.288064,22.921491],[120.289359,22.918859],[120.292773,22.912088],[120.294215,22.909267],[120.294982,22.907728],[120.295787,22.906258],[120.296796,22.904151],[120.297854,22.902175],[120.300606,22.896522],[120.301727,22.894367],[120.302906,22.891941],[120.304014,22.889484],[120.304902,22.88724],[120.305638,22.885087],[120.306297,22.882813],[120.306866,22.880457],[120.307354,22.878118],[120.310592,22.860784],[120.315018,22.836904],[120.31664,22.829962],[120.317912,22.826908],[120.319759,22.82226],[120.324609,22.813104],[120.327906,22.806599],[120.32825,22.805786],[120.330456,22.80102],[120.331904,22.797987],[120.33519,22.790769],[120.336535,22.787916],[120.338769,22.783254],[120.353918,22.752114],[120.35503,22.7497],[120.355674,22.748143],[120.356459,22.745987],[120.356989,22.744288],[120.357208,22.743527],[120.357628,22.741913],[120.35808,22.73985],[120.358403,22.737886],[120.358506,22.737118],[120.358716,22.73528],[120.35884,22.733543],[120.358877,22.732827],[120.358911,22.731028],[120.358859,22.725043],[120.358759,22.722837],[120.358753,22.718629],[120.358716,22.717181],[120.358647,22.716335],[120.358604,22.715998],[120.358486,22.715329],[120.358411,22.714996],[120.358231,22.714339],[120.35801,22.713691],[120.357749,22.713057],[120.35745,22.712437],[120.357285,22.712134],[120.356929,22.71154],[120.356736,22.711251],[120.356326,22.710688],[120.35588,22.710148],[120.355402,22.709632],[120.355151,22.709384],[120.354627,22.708909],[120.354073,22.708462],[120.353787,22.708249],[120.353194,22.707848],[120.352576,22.707479],[120.35226,22.707306],[120.351326,22.706861],[120.350356,22.706489],[120.349356,22.706191],[120.348332,22.70597],[120.347293,22.705827],[120.346598,22.705774],[120.345974,22.70575],[120.345225,22.705755],[120.328488,22.706412],[120.327917,22.706414],[120.327481,22.706383],[120.327019,22.706319],[120.326564,22.706222],[120.326119,22.706091],[120.325686,22.705929],[120.325269,22.705736],[120.324677,22.70539],[120.324483,22.705255],[120.324112,22.704963],[120.323769,22.704644],[120.323456,22.7043],[120.323175,22.703934],[120.323046,22.703742],[120.322086,22.702101],[120.321891,22.701813],[120.320512,22.700107],[120.31864,22.697896],[120.318167,22.697387],[120.310522,22.689972],[120.3091,22.688435],[120.307571,22.687125],[120.306005,22.685807],[120.304554,22.68465],[120.30204,22.682591],[120.297161,22.677603]]}},{"type":"Feature","properties":{"sys":"afr_sched","id":"AFR_MAIN","lineKey":"afr_sched|AFR_MAIN","name":"本線（嘉義－阿里山）","color":"#B03A2E","colorDark":"#502323","colorFaintLight":"#dbaea3","colorFaintDark":"#331c20","colorFaintSat":"#43382c","colorHiddenLight":"#e6cdc2","colorHiddenDark":"#23191e","colorHiddenSat":"#35382c","colorFollowDark":"#732c27","sortKey":0,"kind":"track"},"geometry":{"type":"LineString","coordinates":[[120.44093,23.479298],[120.442203,23.480672],[120.442298,23.480617],[120.444071,23.482478],[120.444294,23.482695],[120.444447,23.482814],[120.444562,23.482886],[120.446229,23.483595],[120.44764,23.484146],[120.448601,23.484539],[120.448848,23.48468],[120.449398,23.485066],[120.450933,23.485943],[120.45274,23.486949],[120.453345,23.48721],[120.458831,23.489454],[120.459286,23.489632],[120.459619,23.489726],[120.460241,23.489832],[120.460555,23.489849],[120.464587,23.489747],[120.464909,23.489751],[120.465264,23.489797],[120.465593,23.48988],[120.4674,23.490513],[120.468111,23.490798],[120.468341,23.490904],[120.469385,23.491523],[120.473216,23.494041],[120.475179,23.495486],[120.475736,23.495838],[120.476011,23.495982],[120.476353,23.496129],[120.478268,23.496812],[120.480086,23.49743],[120.480554,23.497527],[120.481082,23.497549],[120.481721,23.49748],[120.482164,23.497367],[120.48251,23.497219],[120.482797,23.497045],[120.48309,23.496815],[120.483306,23.496613],[120.483648,23.49611],[120.484513,23.495092],[120.484827,23.494802],[120.48518,23.494521],[120.485828,23.494113],[120.486455,23.493774],[120.487088,23.493543],[120.487941,23.493302],[120.489036,23.492962],[120.490013,23.492717],[120.490343,23.492669],[120.490589,23.492652],[120.491675,23.492682],[120.4929,23.492593],[120.49319,23.492605],[120.493461,23.492637],[120.493768,23.492715],[120.494212,23.492878],[120.496342,23.494133],[120.496567,23.494236],[120.496852,23.494335],[120.497113,23.494393],[120.49735,23.494418],[120.497564,23.494423],[120.497949,23.494394],[120.498187,23.494359],[120.498638,23.494241],[120.498799,23.494182],[120.499075,23.494049],[120.49952,23.493811],[120.500836,23.493004],[120.505084,23.490585],[120.506052,23.49002],[120.506422,23.489841],[120.506677,23.489742],[120.507122,23.489591],[120.507293,23.489558],[120.507509,23.489533],[120.507814,23.489522],[120.508088,23.489546],[120.508784,23.4897],[120.510436,23.489975],[120.511583,23.490241],[120.514062,23.490762],[120.519158,23.49165],[120.519569,23.49175],[120.520075,23.491935],[120.520557,23.492175],[120.520943,23.492434],[120.52105,23.492519],[120.521273,23.492746],[120.521584,23.493122],[120.521983,23.493732],[120.523087,23.49557],[120.523445,23.496215],[120.52558,23.499714],[120.525902,23.500058],[120.52806,23.501708],[120.529102,23.502388],[120.53153,23.504264],[120.533178,23.505568],[120.535868,23.507609],[120.540831,23.511473],[120.546354,23.515682],[120.546695,23.515998],[120.54686,23.516175],[120.547074,23.516483],[120.547493,23.517313],[120.547588,23.517571],[120.548588,23.519814],[120.548912,23.520627],[120.549462,23.52193],[120.549974,23.523073],[120.550488,23.523717],[120.551362,23.524666],[120.551764,23.524996],[120.551956,23.525106],[120.552477,23.525308],[120.553832,23.525805],[120.554184,23.525897],[120.554441,23.525992],[120.554552,23.52605],[120.554637,23.526123],[120.5547,23.526237],[120.55477,23.526612],[120.554808,23.527777],[120.554797,23.527867],[120.55475,23.527968],[120.554493,23.528266],[120.553798,23.528963],[120.553443,23.529371],[120.553342,23.529512],[120.55327,23.529739],[120.553262,23.529959],[120.553343,23.530132],[120.554082,23.531047],[120.555029,23.532115],[120.555257,23.532393],[120.555545,23.532483],[120.556549,23.532727],[120.556631,23.532809],[120.556699,23.533109],[120.556795,23.533848],[120.557287,23.534681],[120.557423,23.535126],[120.557334,23.535902],[120.557396,23.536071],[120.557587,23.536159],[120.557622,23.536406],[120.557581,23.536651],[120.55726,23.537546],[120.557199,23.537903],[120.557335,23.538154],[120.557581,23.538273],[120.557751,23.538308],[120.557944,23.538232],[120.558073,23.53811],[120.558143,23.538014],[120.558169,23.537321],[120.558237,23.537208],[120.559192,23.536741],[120.559623,23.536628],[120.559877,23.536693],[120.560036,23.536793],[120.560603,23.537296],[120.56148,23.538031],[120.561812,23.538484],[120.561965,23.538595],[120.562334,23.538726],[120.563092,23.539033],[120.56421,23.539331],[120.564495,23.539499],[120.564781,23.539845],[120.564826,23.540048],[120.565012,23.540642],[120.56516,23.540785],[120.565269,23.540849],[120.5655,23.540941],[120.565722,23.54096],[120.565828,23.540897],[120.565877,23.540895],[120.565968,23.540811],[120.566074,23.54067],[120.56611,23.540556],[120.566146,23.540344],[120.566096,23.540097],[120.565883,23.539722],[120.565813,23.539206],[120.565768,23.539047],[120.565825,23.53889],[120.56594,23.538766],[120.566057,23.538681],[120.5667,23.538624],[120.566894,23.538579],[120.567089,23.538477],[120.567486,23.538405],[120.567847,23.538452],[120.568414,23.538658],[120.568956,23.538561],[120.569205,23.538495],[120.569342,23.538376],[120.569574,23.538038],[120.569752,23.537944],[120.570004,23.537938],[120.570651,23.538091],[120.571248,23.538257],[120.571698,23.538476],[120.572131,23.538556],[120.57244,23.538635],[120.572638,23.538723],[120.573121,23.539082],[120.573474,23.539412],[120.573835,23.53961],[120.574163,23.539679],[120.574505,23.539616],[120.574894,23.53946],[120.575415,23.538993],[120.575638,23.538655],[120.575735,23.538438],[120.575721,23.538212],[120.575648,23.537752],[120.575624,23.537446],[120.575682,23.537282],[120.57589,23.537083],[120.57615,23.536999],[120.576455,23.536973],[120.576662,23.537079],[120.577522,23.53794],[120.577726,23.538032],[120.578053,23.537964],[120.578333,23.537814],[120.578768,23.537517],[120.578986,23.537317],[120.579039,23.537245],[120.579166,23.537019],[120.579191,23.536893],[120.579175,23.536776],[120.578864,23.535764],[120.578869,23.535602],[120.578985,23.535325],[120.579108,23.535155],[120.57975,23.534983],[120.579889,23.534901],[120.580359,23.534446],[120.580536,23.534387],[120.580713,23.534381],[120.581481,23.53479],[120.581594,23.534884],[120.581962,23.535471],[120.582097,23.535648],[120.582187,23.535736],[120.582308,23.535781],[120.583134,23.535789],[120.583316,23.535779],[120.583503,23.535693],[120.583903,23.535397],[120.584173,23.535274],[120.584555,23.535062],[120.584727,23.534856],[120.584768,23.534739],[120.584826,23.534389],[120.58489,23.534209],[120.585033,23.534055],[120.585236,23.533949],[120.585477,23.533933],[120.585555,23.533945],[120.585745,23.53406],[120.585881,23.534199],[120.586009,23.534274],[120.587039,23.534603],[120.587215,23.534771],[120.587363,23.534876],[120.587525,23.534908],[120.587699,23.5349],[120.588038,23.534715],[120.58828,23.534507],[120.588644,23.534055],[120.588697,23.533949],[120.588737,23.533789],[120.588768,23.533526],[120.588831,23.533305],[120.588887,23.533205],[120.588972,23.533125],[120.589135,23.533031],[120.589271,23.533009],[120.589394,23.53303],[120.589829,23.533192],[120.590247,23.533242],[120.590553,23.533192],[120.591238,23.533046],[120.591424,23.533042],[120.591579,23.533116],[120.59175,23.533223],[120.591857,23.533327],[120.591946,23.533566],[120.591914,23.533748],[120.591647,23.534369],[120.591659,23.534575],[120.591869,23.535061],[120.591915,23.535281],[120.591898,23.535524],[120.591724,23.535925],[120.591726,23.536164],[120.591802,23.536298],[120.591898,23.536393],[120.591972,23.536441],[120.592152,23.536475],[120.592322,23.536466],[120.592666,23.536368],[120.593164,23.536119],[120.593629,23.53581],[120.594811,23.534903],[120.595035,23.534664],[120.595252,23.534293],[120.595265,23.53424],[120.595245,23.533965],[120.595254,23.533841],[120.595302,23.533717],[120.595422,23.533569],[120.595536,23.533495],[120.595866,23.533349],[120.596079,23.533233],[120.596394,23.532924],[120.596702,23.532556],[120.596863,23.532447],[120.597472,23.53224],[120.597686,23.532117],[120.597891,23.531951],[120.598232,23.531508],[120.598975,23.530991],[120.599089,23.53089],[120.599151,23.53069],[120.599165,23.530506],[120.599157,23.530182],[120.599285,23.529764],[120.599333,23.529692],[120.599444,23.529607],[120.599577,23.529553],[120.600784,23.529364],[120.601158,23.529355],[120.601584,23.529372],[120.601757,23.529407],[120.601957,23.529535],[120.602288,23.530173],[120.602317,23.530331],[120.60229,23.531138],[120.602314,23.531906],[120.602365,23.532228],[120.602488,23.532523],[120.602669,23.532782],[120.603392,23.533505],[120.603456,23.533588],[120.603533,23.53376],[120.60368,23.534218],[120.603827,23.535219],[120.603995,23.535643],[120.60408,23.535749],[120.604398,23.535893],[120.606103,23.536813],[120.606681,23.537096],[120.607411,23.537381],[120.607913,23.537661],[120.608439,23.538183],[120.608863,23.538484],[120.60985,23.538868],[120.610027,23.538873],[120.610207,23.53879],[120.610471,23.538635],[120.61064,23.538359],[120.610839,23.537865],[120.610928,23.53751],[120.61093,23.537212],[120.610885,23.536905],[120.610757,23.536657],[120.610577,23.536451],[120.610513,23.536299],[120.61046,23.536],[120.610373,23.535654],[120.610313,23.535172],[120.610217,23.535015],[120.610123,23.534815],[120.6098,23.534468],[120.609387,23.534138],[120.609106,23.53398],[120.608671,23.533835],[120.608121,23.533804],[120.607666,23.533624],[120.607358,23.533593],[120.606838,23.533676],[120.606581,23.533803],[120.60645,23.533902],[120.606201,23.534262],[120.605942,23.534866],[120.605693,23.535625],[120.605644,23.535708],[120.605369,23.536343],[120.605361,23.536426],[120.605376,23.536641],[120.60544,23.536958],[120.605502,23.537157],[120.606059,23.537417],[120.606599,23.537551],[120.607439,23.537882],[120.607794,23.538001],[120.607974,23.538117],[120.608122,23.538291],[120.608222,23.538364],[120.608359,23.538383],[120.608493,23.538368],[120.608723,23.538279],[120.609458,23.537858],[120.60958,23.53776],[120.609649,23.537653],[120.609721,23.537487],[120.609766,23.537331],[120.609713,23.537036],[120.609594,23.536842],[120.60895,23.535952],[120.608733,23.535566],[120.608132,23.534724],[120.607857,23.534182],[120.607794,23.534109],[120.60771,23.534047],[120.607587,23.53402],[120.607452,23.534028],[120.607415,23.534042],[120.60733,23.534094],[120.607091,23.534407],[120.606826,23.534952],[120.606695,23.536448],[120.606656,23.53666],[120.606317,23.537109],[120.606013,23.537663],[120.60562,23.537972],[120.605587,23.538031],[120.605552,23.538193],[120.605495,23.53885],[120.605512,23.539041],[120.60565,23.539262],[120.60583,23.539399],[120.606002,23.539476],[120.606196,23.5395],[120.606394,23.539495],[120.606632,23.539422],[120.606977,23.539191],[120.607258,23.538828],[120.607373,23.538642],[120.60743,23.538504],[120.607435,23.538373],[120.607406,23.538303],[120.60714,23.537983],[120.606962,23.53754],[120.60685,23.537019],[120.606847,23.536949],[120.60708,23.536512],[120.607195,23.53594],[120.60741,23.535515],[120.607466,23.535457],[120.60759,23.535448],[120.607686,23.535486],[120.607855,23.535645],[120.608121,23.536078],[120.608238,23.536299],[120.608319,23.536582],[120.608295,23.536691],[120.60824,23.536796],[120.608132,23.536904],[120.607782,23.537057],[120.607104,23.537221],[120.60701,23.537296],[120.606896,23.537583],[120.606825,23.537949],[120.606694,23.53844],[120.606704,23.538764],[120.606686,23.539017],[120.606569,23.539458],[120.606298,23.540132],[120.606276,23.540458],[120.606308,23.540627],[120.606413,23.540809],[120.606817,23.541011],[120.606939,23.541113],[120.606993,23.541268],[120.606999,23.541361],[120.606886,23.541893],[120.606893,23.541968],[120.606931,23.542063],[120.60699,23.542155],[120.607135,23.542265],[120.607328,23.542323],[120.60776,23.542378],[120.607879,23.54245],[120.608006,23.542589],[120.608282,23.543073],[120.608363,23.54325],[120.608379,23.543428],[120.60836,23.543526],[120.608258,23.543803],[120.608243,23.544044],[120.608272,23.544248],[120.60832,23.544309],[120.608403,23.544391],[120.608514,23.54445],[120.609104,23.544464],[120.609215,23.544528],[120.60932,23.544661],[120.609363,23.544797],[120.609338,23.54516],[120.609365,23.545324],[120.609398,23.545401],[120.609461,23.545659],[120.609756,23.546541],[120.609926,23.547144],[120.609971,23.547246],[120.610048,23.54733],[120.610162,23.547418],[120.610248,23.547454],[120.610517,23.5475],[120.6109,23.547533],[120.611034,23.547566],[120.611164,23.547621],[120.611369,23.547813],[120.611445,23.547925],[120.61168,23.548355],[120.611783,23.548499],[120.61198,23.548642],[120.613083,23.549334],[120.613986,23.549797],[120.615775,23.550147],[120.616185,23.550142],[120.616347,23.550086],[120.616756,23.550001],[120.61683,23.549939],[120.617178,23.549543],[120.61829,23.548719],[120.618536,23.548444],[120.618747,23.547905],[120.618906,23.547565],[120.618996,23.547255],[120.619005,23.54678],[120.618994,23.546451],[120.618946,23.546111],[120.618846,23.545927],[120.618666,23.545787],[120.618271,23.545593],[120.617505,23.545303],[120.617335,23.545168],[120.617256,23.544993],[120.617256,23.544814],[120.617357,23.544635],[120.617515,23.544494],[120.61769,23.544411],[120.61809,23.54412],[120.618788,23.543676],[120.61935,23.543281],[120.619497,23.543117],[120.620031,23.542262],[120.620433,23.54168],[120.620518,23.541508],[120.620555,23.541267],[120.620542,23.541137],[120.620553,23.540985],[120.620689,23.540766],[120.621,23.540497],[120.621111,23.540361],[120.62127,23.539945],[120.621407,23.539702],[120.62157,23.539531],[120.62171,23.539465],[120.622157,23.53932],[120.622629,23.539223],[120.622872,23.539189],[120.623126,23.539198],[120.623337,23.539315],[120.623601,23.539363],[120.623855,23.539319],[120.624083,23.539218],[120.624363,23.539009],[120.62505,23.538539],[120.625224,23.538525],[120.625388,23.538588],[120.625547,23.538704],[120.625764,23.538946],[120.625975,23.539087],[120.626192,23.539169],[120.626372,23.53915],[120.627085,23.538917],[120.627366,23.538772],[120.627492,23.538684],[120.627551,23.538549],[120.627519,23.538316],[120.627508,23.537584],[120.627556,23.537337],[120.627672,23.537133],[120.628238,23.536605],[120.628444,23.536295],[120.628602,23.535816],[120.628731,23.535658],[120.628859,23.535584],[120.629046,23.535504],[120.629274,23.535542],[120.630152,23.535898],[120.630395,23.53597],[120.63123,23.535999],[120.632494,23.53612],[120.632689,23.53612],[120.633197,23.535994],[120.633499,23.535803],[120.633836,23.535434],[120.633916,23.535294],[120.633954,23.535129],[120.634168,23.534994],[120.634377,23.534958],[120.634624,23.535063],[120.634769,23.535155],[120.635027,23.535156],[120.63529,23.535059],[120.63559,23.534849],[120.635838,23.534504],[120.635981,23.534254],[120.635992,23.53415],[120.635971,23.534011],[120.635978,23.53381],[120.636067,23.53367],[120.636253,23.533544],[120.636358,23.533498],[120.636705,23.533554],[120.637003,23.533736],[120.637255,23.533805],[120.637591,23.533765],[120.638017,23.533631],[120.638429,23.533529],[120.638778,23.5335],[120.638947,23.533454],[120.639208,23.533543],[120.63963,23.533853],[120.639869,23.534101],[120.640162,23.534137],[120.640539,23.534143],[120.640978,23.534022],[120.641236,23.533723],[120.641531,23.533617],[120.641972,23.533721],[120.642374,23.533764],[120.642713,23.533943],[120.643083,23.534035],[120.64331,23.534016],[120.643413,23.533963],[120.643566,23.533703],[120.643552,23.53357],[120.643458,23.53321],[120.643346,23.532936],[120.643316,23.532825],[120.643342,23.532734],[120.643409,23.532613],[120.643678,23.532239],[120.643791,23.532041],[120.643797,23.531678],[120.643769,23.531506],[120.643541,23.531018],[120.643579,23.530757],[120.643626,23.530652],[120.643729,23.530503],[120.64413,23.530319],[120.644274,23.530191],[120.644315,23.529998],[120.644187,23.529332],[120.644146,23.529063],[120.644125,23.528752],[120.644094,23.528656],[120.644099,23.528543],[120.644171,23.528392],[120.644279,23.528269],[120.644397,23.528246],[120.64502,23.528425],[120.645314,23.528425],[120.645561,23.528382],[120.645741,23.528378],[120.645865,23.528458],[120.646021,23.52881],[120.645907,23.529461],[120.645912,23.529664],[120.645964,23.529815],[120.646093,23.52998],[120.646268,23.53007],[120.646499,23.530122],[120.647004,23.53015],[120.647488,23.530141],[120.647802,23.530112],[120.647997,23.53006],[120.648116,23.529933],[120.648193,23.529716],[120.648296,23.529551],[120.648409,23.529433],[120.648507,23.529367],[120.65092,23.528781],[120.651465,23.528804],[120.651833,23.528804],[120.652271,23.528684],[120.654105,23.528402],[120.654349,23.528281],[120.654474,23.528075],[120.654486,23.527851],[120.654405,23.527622],[120.654243,23.527387],[120.653924,23.527077],[120.653479,23.526876],[120.653185,23.526722],[120.652641,23.526595],[120.652366,23.526377],[120.652241,23.526148],[120.652241,23.525936],[120.652097,23.525666],[120.651753,23.525414],[120.65144,23.52511],[120.651315,23.524777],[120.651334,23.524519],[120.651509,23.524422],[120.651947,23.524353],[120.652322,23.524376],[120.652716,23.524531],[120.653823,23.525041],[120.654268,23.52519],[120.654605,23.525271],[120.655081,23.525242],[120.655306,23.52515],[120.655431,23.524909],[120.655443,23.524577],[120.655312,23.523562],[120.655231,23.522776],[120.655156,23.522392],[120.654893,23.522118],[120.654795,23.521855],[120.654751,23.521575],[120.654804,23.521392],[120.655012,23.521104],[120.655118,23.520902],[120.65507,23.520683],[120.654906,23.520537],[120.654676,23.520374],[120.654512,23.520212],[120.654468,23.520042],[120.654526,23.519839],[120.654729,23.519535],[120.654888,23.519357],[120.654919,23.519202],[120.654543,23.51859],[120.654517,23.51842],[120.654579,23.518201],[120.65461,23.51801],[120.654336,23.517584],[120.6543,23.517203],[120.65437,23.517034],[120.654405,23.516831],[120.654389,23.516386],[120.65445,23.51627],[120.655727,23.515648],[120.656313,23.515451],[120.657118,23.515317],[120.657213,23.515263],[120.657275,23.515168],[120.657423,23.514998],[120.657535,23.514817],[120.657634,23.514582],[120.657757,23.514441],[120.657962,23.514285],[120.658163,23.514159],[120.658532,23.513999],[120.658676,23.513775],[120.658669,23.513528],[120.658538,23.513345],[120.658256,23.513161],[120.657604,23.512897],[120.657449,23.512726],[120.657349,23.512466],[120.657402,23.512203],[120.657524,23.512099],[120.657665,23.512058],[120.658048,23.512152],[120.658149,23.512238],[120.658285,23.512248],[120.658654,23.512062],[120.658753,23.51196],[120.658793,23.511858],[120.658773,23.511647],[120.658653,23.511413],[120.658579,23.511201],[120.658537,23.510995],[120.658514,23.51075],[120.65888,23.509301],[120.658906,23.509097],[120.659145,23.508744],[120.659291,23.508429],[120.659364,23.508162],[120.659512,23.508039],[120.659765,23.508024],[120.659945,23.5078],[120.660047,23.507525],[120.660096,23.50733],[120.660061,23.506974],[120.659988,23.506793],[120.659835,23.50668],[120.659834,23.506603],[120.659896,23.506338],[120.660056,23.506191],[120.660322,23.506077],[120.66045,23.505884],[120.66046,23.505669],[120.660413,23.50556],[120.660275,23.505394],[120.660097,23.505268],[120.659867,23.505148],[120.659748,23.505046],[120.659642,23.504907],[120.659579,23.50472],[120.659496,23.504342],[120.659476,23.504174],[120.659483,23.504036],[120.65955,23.503912],[120.659646,23.503816],[120.659916,23.503673],[120.660215,23.50361],[120.66037,23.503659],[120.660496,23.503746],[120.660645,23.503938],[120.660698,23.50432],[120.660781,23.504435],[120.661009,23.504592],[120.661384,23.504718],[120.661604,23.504832],[120.661722,23.504931],[120.661797,23.505103],[120.661824,23.505208],[120.661921,23.505342],[120.66224,23.505493],[120.662397,23.505488],[120.662664,23.505409],[120.662877,23.505211],[120.663442,23.504472],[120.663573,23.504248],[120.66393,23.503921],[120.664292,23.503616],[120.664427,23.50354],[120.666093,23.503003],[120.666227,23.502979],[120.666533,23.502983],[120.666938,23.502956],[120.667072,23.502998],[120.667111,23.503088],[120.66715,23.503377],[120.667213,23.503582],[120.667558,23.503906],[120.667788,23.503902],[120.667914,23.50394],[120.668064,23.504053],[120.668185,23.50416],[120.66825,23.504255],[120.668316,23.50456],[120.668403,23.504692],[120.668527,23.504784],[120.66878,23.50488],[120.669043,23.505058],[120.669102,23.505143],[120.669184,23.505407],[120.669309,23.505716],[120.669665,23.506313],[120.669778,23.506623],[120.669872,23.507047],[120.669972,23.507231],[120.670166,23.507437],[120.670366,23.507707],[120.670691,23.508234],[120.67111,23.508487],[120.671279,23.508969],[120.671436,23.509066],[120.671839,23.509021],[120.671975,23.508951],[120.67207,23.508798],[120.6722,23.508488],[120.672289,23.507874],[120.672343,23.507112],[120.672313,23.506819],[120.672414,23.506373],[120.672787,23.505296],[120.672948,23.504888],[120.67312,23.504725],[120.674282,23.504393],[120.674644,23.504371],[120.675083,23.50441],[120.675664,23.504486],[120.676245,23.504486],[120.676986,23.504589],[120.6772,23.504692],[120.677443,23.504692],[120.677728,23.504583],[120.677894,23.504415],[120.678303,23.503338],[120.678398,23.50318],[120.678742,23.502957],[120.679086,23.502685],[120.679734,23.502465],[120.679809,23.502233],[120.679686,23.501889],[120.679761,23.501648],[120.680029,23.501343],[120.680062,23.500777],[120.680292,23.500531],[120.680566,23.500394],[120.684847,23.499872],[120.685537,23.50045],[120.685739,23.500874],[120.685881,23.501134],[120.686106,23.501255],[120.686391,23.501435],[120.686604,23.501707],[120.686853,23.501953],[120.687084,23.502138],[120.687298,23.502361],[120.687432,23.502638],[120.687617,23.502922],[120.687994,23.503242],[120.688242,23.50335],[120.688752,23.503262],[120.689176,23.503394],[120.689718,23.503409],[120.690944,23.503128],[120.691066,23.50314],[120.691179,23.503186],[120.691461,23.50334],[120.691684,23.503348],[120.691896,23.503294],[120.692364,23.503137],[120.692484,23.503125],[120.692591,23.503137],[120.692687,23.503199],[120.69303,23.503525],[120.693824,23.504235],[120.695416,23.50576],[120.695615,23.505902],[120.695703,23.505934],[120.695842,23.505952],[120.69603,23.505926],[120.696219,23.505837],[120.696581,23.505379],[120.696707,23.505309],[120.696878,23.505257],[120.697064,23.505242],[120.697182,23.505276],[120.69777,23.505522],[120.698017,23.505543],[120.698146,23.505515],[120.698256,23.505452],[120.698311,23.505388],[120.698351,23.505308],[120.698411,23.505029],[120.698436,23.504665],[120.698476,23.504524],[120.698645,23.504343],[120.698874,23.504243],[120.699268,23.504171],[120.699376,23.504108],[120.699495,23.503982],[120.699557,23.503847],[120.699563,23.503375],[120.699646,23.503165],[120.699771,23.50299],[120.699932,23.502862],[120.700531,23.502453],[120.700623,23.502379],[120.700701,23.502291],[120.70076,23.502116],[120.700752,23.50186],[120.70078,23.501684],[120.700862,23.501568],[120.700964,23.501502],[120.701167,23.501425],[120.701403,23.501431],[120.701761,23.501572],[120.701976,23.501598],[120.702174,23.501574],[120.702287,23.501527],[120.702809,23.500964],[120.702875,23.50083],[120.702913,23.500663],[120.702914,23.50045],[120.702991,23.500298],[120.703133,23.500169],[120.703384,23.500054],[120.703661,23.500061],[120.703846,23.500161],[120.704576,23.500684],[120.704801,23.500743],[120.704949,23.500737],[120.70509,23.500697],[120.705368,23.50066],[120.706009,23.500686],[120.70626,23.500626],[120.70644,23.500538],[120.706864,23.500221],[120.707037,23.500149],[120.707265,23.500121],[120.707398,23.50007],[120.707667,23.499791],[120.708185,23.499475],[120.70846,23.499367],[120.708771,23.49934],[120.709051,23.499388],[120.709236,23.499464],[120.709562,23.499748],[120.709785,23.500104],[120.71257,23.505729],[120.71292,23.506197],[120.713114,23.506417],[120.713341,23.506615],[120.713499,23.50672],[120.71372,23.506802],[120.713924,23.506823],[120.714142,23.506789],[120.714395,23.506667],[120.714635,23.506407],[120.714886,23.50606],[120.715094,23.505837],[120.715338,23.505728],[120.719885,23.504152],[120.720139,23.504037],[120.720352,23.50392],[120.720469,23.503836],[120.720643,23.503576],[120.720927,23.503419],[120.721015,23.503352],[120.721076,23.503271],[120.721128,23.503167],[120.721169,23.503037],[120.721186,23.50292],[120.721209,23.502398],[120.721268,23.502059],[120.721361,23.501762],[120.72148,23.501581],[120.722044,23.501194],[120.722633,23.500826],[120.722791,23.5007],[120.723177,23.500215],[120.723263,23.500131],[120.723888,23.499747],[120.724206,23.499505],[120.725903,23.498619],[120.726057,23.498509],[120.726663,23.497977],[120.726972,23.497725],[120.727155,23.497613],[120.727403,23.49759],[120.72763,23.497633],[120.727885,23.497978],[120.72803,23.498076],[120.72818,23.498105],[120.728335,23.498097],[120.728823,23.497869],[120.729256,23.4979],[120.729449,23.497898],[120.729654,23.497943],[120.729831,23.498025],[120.729948,23.498117],[120.730032,23.498265],[120.730064,23.498388],[120.730147,23.498545],[120.730277,23.49865],[120.730476,23.498701],[120.730647,23.498682],[120.730817,23.498595],[120.730936,23.498466],[120.730976,23.498338],[120.730991,23.49821],[120.73096,23.498078],[120.730885,23.497868],[120.730829,23.497617],[120.730834,23.497515],[120.730948,23.497155],[120.730984,23.496904],[120.730906,23.496708],[120.730705,23.4965],[120.730635,23.49631],[120.730637,23.496195],[120.730834,23.495806],[120.730853,23.495456],[120.730821,23.495292],[120.730643,23.495021],[120.730603,23.494913],[120.730587,23.494663],[120.730606,23.494512],[120.730707,23.494356],[120.731027,23.494036],[120.733036,23.49155],[120.733606,23.490839],[120.733697,23.490668],[120.733732,23.490502],[120.733714,23.490319],[120.733663,23.49015],[120.733582,23.489998],[120.733248,23.489597],[120.733083,23.489296],[120.733063,23.48914],[120.733066,23.488978],[120.733402,23.487732],[120.733485,23.487575],[120.733636,23.487471],[120.733961,23.487377],[120.734791,23.487176],[120.734977,23.487165],[120.735346,23.487224],[120.735549,23.487209],[120.736015,23.487049],[120.736322,23.486838],[120.736626,23.486823],[120.736819,23.486884],[120.736972,23.487029],[120.737142,23.487283],[120.737435,23.487595],[120.737623,23.487706],[120.737872,23.487777],[120.738023,23.487912],[120.738143,23.488179],[120.738434,23.4884],[120.73867,23.488424],[120.738878,23.488397],[120.739041,23.488461],[120.739194,23.488593],[120.739619,23.489134],[120.739795,23.48942],[120.739808,23.489691],[120.739664,23.489891],[120.739649,23.490035],[120.739701,23.490213],[120.739892,23.490393],[120.740339,23.490458],[120.74081,23.490409],[120.74107,23.49027],[120.741684,23.489769],[120.742186,23.489712],[120.742878,23.490057],[120.743669,23.490056],[120.744085,23.490215],[120.744368,23.490504],[120.744558,23.491092],[120.744641,23.491204],[120.745136,23.491591],[120.745204,23.491678],[120.745257,23.491827],[120.745289,23.492009],[120.745256,23.492197],[120.745153,23.492527],[120.74519,23.492744],[120.74534,23.49289],[120.745608,23.492923],[120.745761,23.492883],[120.745908,23.492766],[120.746023,23.492618],[120.746161,23.492514],[120.74635,23.492465],[120.746594,23.492496],[120.746857,23.492594],[120.747073,23.492699],[120.747286,23.492765],[120.747431,23.492775],[120.747586,23.492741],[120.748228,23.492388],[120.748302,23.492331],[120.748332,23.492179],[120.748249,23.491725],[120.748267,23.491528],[120.748426,23.491361],[120.748612,23.491275],[120.748958,23.491196],[120.749101,23.491124],[120.74943,23.49079],[120.74957,23.490729],[120.75003,23.490687],[120.750222,23.490605],[120.750444,23.490419],[120.750696,23.490368],[120.750868,23.490387],[120.751029,23.490469],[120.751076,23.490555],[120.751205,23.490989],[120.751465,23.491377],[120.75165,23.491578],[120.751861,23.492052],[120.752017,23.492173],[120.752142,23.49222],[120.752301,23.492214],[120.75259,23.492172],[120.752768,23.492186],[120.753035,23.492259],[120.75324,23.492366],[120.753514,23.492463],[120.753803,23.49267],[120.754003,23.492746],[120.754681,23.49268],[120.754918,23.492686],[120.755074,23.492714],[120.755184,23.492769],[120.755312,23.492893],[120.755403,23.493044],[120.755522,23.493415],[120.756015,23.495411],[120.756131,23.495619],[120.75635,23.495769],[120.75654,23.495791],[120.756925,23.495681],[120.757061,23.495668],[120.757167,23.495706],[120.757225,23.495775],[120.757229,23.495851],[120.757193,23.496175],[120.757224,23.496266],[120.757294,23.496315],[120.758148,23.49666],[120.758694,23.497161],[120.758715,23.497769],[120.758505,23.499033],[120.758468,23.499524],[120.758468,23.499956],[120.758396,23.500375],[120.758483,23.500575],[120.758664,23.500761],[120.759222,23.501013],[120.759382,23.501259],[120.759461,23.501558],[120.759396,23.501758],[120.759142,23.50203],[120.758976,23.502423],[120.759055,23.502762],[120.759237,23.502961],[120.759512,23.503001],[120.759766,23.502908],[120.760027,23.502569],[120.760653,23.501629],[120.760653,23.501461],[120.76059,23.501103],[120.76063,23.500692],[120.76068,23.500506],[120.76092,23.500307],[120.761231,23.50026],[120.761521,23.500307],[120.761847,23.500579],[120.762108,23.500632],[120.762521,23.500593],[120.762877,23.500327],[120.763515,23.500101],[120.764094,23.500081],[120.764703,23.500307],[120.765124,23.50038],[120.76582,23.500294],[120.766349,23.50032],[120.766653,23.500579],[120.766994,23.500958],[120.767414,23.501091],[120.768067,23.500971],[120.768473,23.500712],[120.769582,23.500054],[120.770068,23.499855],[120.770191,23.499751],[120.770342,23.499685],[120.770526,23.499678],[120.771268,23.499767],[120.771788,23.499986],[120.772202,23.500252],[120.772489,23.500377],[120.772703,23.500456],[120.773222,23.500581],[120.773359,23.500631],[120.773471,23.50072],[120.775759,23.503884],[120.775871,23.504189],[120.775987,23.505779],[120.775869,23.506149],[120.775531,23.506462],[120.775165,23.506559],[120.773477,23.506558],[120.773097,23.506646],[120.772761,23.506934],[120.772511,23.507185],[120.772304,23.507528],[120.772268,23.507697],[120.772319,23.507878],[120.772364,23.507944],[120.772755,23.508267],[120.772842,23.508403],[120.773044,23.508862],[120.773172,23.508987],[120.773546,23.509259],[120.773972,23.509625],[120.774188,23.509892],[120.774388,23.510213],[120.774574,23.51038],[120.774843,23.510674],[120.775037,23.510809],[120.775168,23.510832],[120.775312,23.510814],[120.775486,23.51077],[120.775768,23.510611],[120.775921,23.510573],[120.776331,23.510523],[120.77665,23.510411],[120.776908,23.510236],[120.777018,23.51021],[120.777125,23.510207],[120.777215,23.510225],[120.777369,23.510286],[120.777485,23.510358],[120.77773,23.510628],[120.77782,23.510689],[120.777972,23.510753],[120.778664,23.510832],[120.778872,23.5108],[120.779251,23.510529],[120.779506,23.510414],[120.781625,23.509662],[120.782106,23.509576],[120.782344,23.509575],[120.782607,23.509597],[120.7847,23.509929],[120.78495,23.51001],[120.785136,23.510119],[120.785473,23.510399],[120.786025,23.511233],[120.78635,23.511629],[120.786406,23.511835],[120.786401,23.512049],[120.7862,23.51268],[120.785957,23.513236],[120.785888,23.513561],[120.785884,23.513764],[120.785932,23.514036],[120.786051,23.514309],[120.78633,23.514668],[120.786522,23.514784],[120.786975,23.514907],[120.787091,23.514994],[120.787276,23.515389],[120.787407,23.515592],[120.787758,23.515864],[120.78811,23.516103],[120.788295,23.516283],[120.78853,23.516389],[120.788828,23.516423],[120.789204,23.516386],[120.789425,23.516403],[120.789636,23.516471],[120.789846,23.516647],[120.789941,23.516879],[120.790075,23.517138],[120.790312,23.517464],[120.790435,23.517591],[120.790568,23.517666],[120.790732,23.51768],[120.790817,23.517653],[120.79088,23.517698],[120.790897,23.517761],[120.790931,23.517809],[120.791024,23.517882],[120.791207,23.517939],[120.791445,23.517999],[120.791764,23.517988],[120.792061,23.518057],[120.792191,23.518218],[120.792341,23.518926],[120.792434,23.519151],[120.792434,23.519386],[120.792388,23.519659],[120.792408,23.519819],[120.792505,23.519988],[120.792598,23.520101],[120.792777,23.520228],[120.793105,23.520359],[120.793437,23.520407],[120.793753,23.520501],[120.793946,23.520637],[120.79413,23.520854],[120.794302,23.520985],[120.794525,23.521028],[120.794743,23.521036],[120.795038,23.5211],[120.794898,23.521031],[120.794556,23.520936],[120.794377,23.520845],[120.794186,23.520718],[120.793988,23.520478],[120.793864,23.520261],[120.7936,23.520101],[120.79329,23.520049],[120.793141,23.519941],[120.792983,23.519626],[120.792916,23.519339],[120.792906,23.518968],[120.792972,23.518672],[120.79309,23.518493],[120.793326,23.518404],[120.793644,23.518343],[120.793864,23.518277],[120.794033,23.518173],[120.794464,23.517492],[120.794525,23.517191],[120.794479,23.516834],[120.794321,23.516703],[120.793909,23.516497],[120.793695,23.516351],[120.793488,23.516144],[120.793303,23.515899],[120.793166,23.515623],[120.793169,23.515058],[120.793108,23.514802],[120.792981,23.514602],[120.792702,23.51439],[120.792405,23.514284],[120.792216,23.51427],[120.791847,23.514393],[120.791625,23.5144],[120.791451,23.51434],[120.79127,23.514244],[120.791042,23.51418],[120.790494,23.514186],[120.791217,23.513978],[120.791745,23.51379],[120.792232,23.513711],[120.792473,23.513711],[120.793052,23.513856],[120.793498,23.51388],[120.793769,23.513913],[120.793852,23.513983],[120.794118,23.514477],[120.794292,23.514603],[120.794492,23.51466],[120.794702,23.514655],[120.795189,23.514557],[120.795369,23.514585],[120.795594,23.514759],[120.795933,23.514975],[120.796419,23.515064],[120.796542,23.515163],[120.796675,23.516065],[120.796711,23.516446],[120.796658,23.517042],[120.796616,23.517246],[120.796631,23.517337],[120.796728,23.517491],[120.796794,23.517554],[120.796883,23.517609],[120.797073,23.517676],[120.797248,23.517677],[120.797359,23.517648],[120.797451,23.517584],[120.797493,23.517493],[120.797516,23.517388],[120.797507,23.517248],[120.797472,23.517129],[120.797196,23.516478],[120.79709,23.515994],[120.797059,23.51553],[120.797049,23.514898],[120.797029,23.514636],[120.797091,23.514425],[120.796988,23.51427],[120.796595,23.514035],[120.796494,23.513918],[120.7963,23.513478],[120.796262,23.513336],[120.796242,23.513184],[120.796193,23.513107],[120.795706,23.512869],[120.795599,23.512751],[120.79545,23.512467],[120.795379,23.512174],[120.795348,23.512114],[120.795237,23.511988],[120.795146,23.511958],[120.794723,23.511948],[120.794405,23.511807],[120.794123,23.511596],[120.793841,23.511191],[120.793062,23.510632],[120.791801,23.510383],[120.79154,23.510374],[120.791248,23.510435],[120.79093,23.510566],[120.790653,23.510562],[120.790479,23.510458],[120.790346,23.510251],[120.790286,23.509966],[120.790293,23.509764],[120.790248,23.509364],[120.790113,23.508991],[120.789888,23.508451],[120.789877,23.508328],[120.78995,23.508133],[120.79002,23.508017],[120.790092,23.507981],[120.790233,23.507955],[120.790371,23.507972],[120.790545,23.508046],[120.790739,23.508194],[120.790869,23.50836],[120.791124,23.508907],[120.791242,23.509048],[120.792082,23.509457],[120.792236,23.509659],[120.792487,23.509932],[120.792641,23.510162],[120.792749,23.510238],[120.793179,23.510317],[120.793435,23.510449],[120.79387,23.510607],[120.794329,23.510614],[120.794657,23.510648],[120.794986,23.510755],[120.795168,23.510905],[120.795363,23.510976],[120.79586,23.510943],[120.796436,23.511025],[120.796686,23.51116],[120.796822,23.511319],[120.796882,23.511415],[120.796916,23.511582],[120.796993,23.511723],[120.797257,23.512066],[120.797478,23.512256],[120.797649,23.512314],[120.798507,23.512386],[120.798638,23.512432],[120.798779,23.512552],[120.799007,23.51305],[120.799092,23.513114],[120.799537,23.513135],[120.799826,23.513027],[120.799996,23.512998],[120.800252,23.513015],[120.800462,23.513118],[120.800557,23.513231],[120.80059,23.513351],[120.800595,23.513504],[120.800571,23.513646],[120.800602,23.513833],[120.800649,23.514042],[120.800772,23.514267],[120.800829,23.514313],[120.80129,23.514531],[120.802004,23.514769],[120.80231,23.514764],[120.802578,23.514682],[120.802861,23.514547],[120.803075,23.514481],[120.803847,23.514471],[120.804032,23.514533],[120.804191,23.514664],[120.804416,23.514772],[120.804724,23.514772],[120.805062,23.514725],[120.805272,23.514603],[120.805385,23.514617],[120.805492,23.514716],[120.805585,23.514885],[120.805713,23.515242],[120.805779,23.51551],[120.805903,23.515886],[120.806015,23.516116],[120.806143,23.516314],[120.806292,23.51645],[120.806328,23.516605],[120.806256,23.516784],[120.806143,23.51692],[120.805744,23.517526],[120.805631,23.518123],[120.80561,23.518335],[120.805662,23.518631],[120.805744,23.518812],[120.80584,23.51891],[120.805973,23.518969],[120.806278,23.519061]]}},{"type":"Feature","properties":{"sys":"afr_sched","id":"AFR_ZHUSHAN","lineKey":"afr_sched|AFR_ZHUSHAN","name":"祝山線","color":"#E0A458","colorDark":"#634e34","colorFaintLight":"#ecd3b2","colorFaintDark":"#3e3429","colorFaintSat":"#4d5036","colorHiddenLight":"#efe0c9","colorHiddenDark":"#292523","colorHiddenSat":"#3b4531","colorFollowDark":"#916d41","sortKey":0,"kind":"track"},"geometry":{"type":"LineString","coordinates":[[120.805068,23.510629],[120.805241,23.510825],[120.805466,23.511189],[120.805904,23.51179],[120.8061,23.511927],[120.806244,23.511978],[120.806758,23.512076],[120.807109,23.512092],[120.807637,23.512089],[120.807945,23.512129],[120.808363,23.512268],[120.808677,23.512425],[120.80891,23.512584],[120.809071,23.512727],[120.809492,23.512987],[120.809793,23.513192],[120.810037,23.513289],[120.810176,23.513304],[120.810327,23.513292],[120.81048,23.513258],[120.810939,23.513057],[120.811104,23.513021],[120.811233,23.513029],[120.811351,23.513055],[120.811459,23.513109],[120.811536,23.513179],[120.811662,23.51339],[120.811727,23.513457],[120.811805,23.513503],[120.81198,23.513539],[120.81206,23.513532],[120.812229,23.513486],[120.812326,23.513481],[120.812407,23.513496],[120.812483,23.513527],[120.812552,23.513575],[120.812722,23.51373],[120.812855,23.513796],[120.813006,23.513841],[120.813133,23.513862],[120.813489,23.513882],[120.813624,23.513926],[120.813716,23.513991],[120.813775,23.514054],[120.813841,23.514164],[120.814196,23.515007],[120.814351,23.515316],[120.814786,23.516104],[120.814827,23.516242],[120.814851,23.516477],[120.814872,23.51655],[120.814919,23.516628],[120.815034,23.516759],[120.815261,23.516943],[120.81555,23.51715],[120.815774,23.517342],[120.816051,23.517529],[120.816197,23.517647],[120.816304,23.517766],[120.816432,23.517943],[120.816473,23.518172],[120.816464,23.518298],[120.816434,23.518424],[120.816282,23.518771],[120.816215,23.51896],[120.816078,23.519169],[120.815692,23.519585],[120.815622,23.519735],[120.81562,23.519841],[120.815655,23.51996],[120.815769,23.520093],[120.815848,23.520296],[120.81607,23.520672],[120.816081,23.520906],[120.816217,23.52122],[120.816323,23.52131],[120.816472,23.52138],[120.816675,23.521351],[120.816951,23.521283],[120.817174,23.521305],[120.817353,23.52141],[120.817428,23.521513],[120.817542,23.521819],[120.817589,23.521879],[120.817703,23.521954],[120.817811,23.521991],[120.818033,23.521981],[120.818114,23.522017],[120.818179,23.522109],[120.818176,23.52225],[120.818122,23.52234],[120.818027,23.522431],[120.817917,23.522483],[120.817791,23.522503],[120.817595,23.522574],[120.817438,23.522684],[120.817187,23.523239],[120.817138,23.523449],[120.817093,23.52356],[120.816996,23.523692],[120.81679,23.523841],[120.816491,23.523939],[120.816419,23.524017],[120.816363,23.524109],[120.816327,23.524256],[120.816371,23.524393],[120.81643,23.52449],[120.816523,23.524741],[120.816532,23.524852],[120.816408,23.525106],[120.816337,23.525179],[120.816287,23.525311],[120.816252,23.525516],[120.816258,23.525718],[120.816098,23.5263],[120.816083,23.526412],[120.816087,23.52664],[120.816121,23.526791],[120.816241,23.526947],[120.81635,23.526991],[120.816535,23.527025],[120.816689,23.526986],[120.817148,23.52666],[120.817291,23.526606],[120.817664,23.526524],[120.817881,23.526536],[120.818108,23.526493],[120.818257,23.526421],[120.818335,23.526328],[120.818385,23.526206],[120.818373,23.526073],[120.818303,23.525849],[120.818203,23.525701],[120.818124,23.525542],[120.818091,23.525436],[120.818121,23.525285],[120.818203,23.525196],[120.818397,23.525037],[120.818509,23.524923],[120.81858,23.524789],[120.818601,23.524668],[120.818527,23.524136],[120.818547,23.524056],[120.81869,23.523967],[120.818772,23.523829],[120.818906,23.523721],[120.819024,23.523596],[120.81902,23.523404],[120.818919,23.522795],[120.819029,23.522636],[120.819227,23.522564],[120.81937,23.522552],[120.819476,23.522562],[120.819587,23.522599],[120.819898,23.522754],[120.820082,23.522783],[120.820211,23.522741],[120.820813,23.522432],[120.821109,23.52232],[120.821374,23.522274],[120.82151,23.522291],[120.821779,23.522402],[120.821901,23.522556],[120.822016,23.522613],[120.822135,23.522609],[120.822277,23.522585],[120.822375,23.52253],[120.822447,23.522439],[120.822506,23.52223],[120.822446,23.52205],[120.822374,23.521981],[120.822249,23.521943],[120.821955,23.521963],[120.821604,23.522052],[120.821072,23.522054],[120.820462,23.522165],[120.820309,23.522168],[120.820185,23.52212],[120.820095,23.522034],[120.820035,23.521901],[120.820003,23.521774],[120.820009,23.521654],[120.820194,23.521297],[120.820277,23.521075],[120.820281,23.520808],[120.820249,23.520696],[120.820105,23.52047],[120.819956,23.520326],[120.819782,23.520221],[120.819633,23.5201],[120.819572,23.519981],[120.819398,23.519502],[120.819333,23.519273],[120.81933,23.519163],[120.819333,23.519062],[120.819446,23.518846],[120.819569,23.518689],[120.819799,23.518109],[120.819834,23.517982],[120.819933,23.517803],[120.819989,23.517648],[120.820007,23.517401],[120.819981,23.517292],[120.819925,23.51716],[120.819331,23.516165],[120.818869,23.515077],[120.818883,23.51481],[120.818933,23.514474],[120.819037,23.514292],[120.819176,23.514108],[120.819502,23.513791],[120.819622,23.513726],[120.819839,23.51369],[120.819957,23.513704],[120.820217,23.513818],[120.82097,23.513891],[120.821111,23.513882],[120.821273,23.513822],[120.821398,23.513688],[120.821462,23.513557],[120.82147,23.513388],[120.82116,23.512837],[120.821115,23.51269],[120.821117,23.512595],[120.821201,23.512447],[120.821273,23.512372],[120.821576,23.512205],[120.821705,23.512104],[120.821773,23.511932],[120.821722,23.511714],[120.821753,23.511554],[120.822186,23.51108],[120.822245,23.510976],[120.822261,23.510853],[120.822256,23.510738],[120.822279,23.510633],[120.822378,23.510508]]}},{"type":"Feature","properties":{"sys":"afr_sched","id":"AFR_SHENMU","lineKey":"afr_sched|AFR_SHENMU","name":"神木線","color":"#CB6A4A","colorDark":"#5b362e","colorFaintLight":"#e4bfad","colorFaintDark":"#392726","colorFaintSat":"#494333","colorHiddenLight":"#ebd5c7","colorHiddenDark":"#261e22","colorHiddenSat":"#383e30","colorFollowDark":"#844939","sortKey":0,"kind":"track"},"geometry":{"type":"LineString","coordinates":[[120.806278,23.519061],[120.806161,23.51891],[120.806045,23.518806],[120.806029,23.518673],[120.806073,23.518379],[120.806457,23.517608],[120.806602,23.517179],[120.806689,23.517039],[120.806953,23.51687],[120.807102,23.516797],[120.807308,23.516504],[120.807519,23.516142],[120.807838,23.515777],[120.808204,23.515418],[120.808403,23.515198],[120.80853,23.514936],[120.808594,23.514757],[120.808584,23.514505],[120.808547,23.514366],[120.808471,23.514286],[120.808372,23.51425],[120.807417,23.514255],[120.807135,23.514165],[120.807035,23.514094],[120.806992,23.514036],[120.806945,23.513864],[120.806945,23.513694],[120.806979,23.513321],[120.806964,23.513168],[120.806921,23.513075],[120.80675,23.512988],[120.806156,23.512609],[120.805714,23.512297],[120.805483,23.512009],[120.80518,23.511613],[120.805113,23.51149],[120.805088,23.511408],[120.804996,23.511257],[120.805033,23.510979],[120.805068,23.510629]]}},{"type":"Feature","properties":{"sys":"afr_sched","id":"AFR_ZHAOPING","lineKey":"afr_sched|AFR_ZHAOPING","name":"沼平線","color":"#D98A5F","colorDark":"#604337","colorFaintLight":"#e9cab4","colorFaintDark":"#3c2e2b","colorFaintSat":"#4c4a37","colorHiddenLight":"#eedbca","colorHiddenDark":"#282224","colorHiddenSat":"#3a4232","colorFollowDark":"#8d5d46","sortKey":0,"kind":"track"},"geometry":{"type":"LineString","coordinates":[[120.805068,23.510629],[120.805241,23.510825],[120.805466,23.511189],[120.805904,23.51179],[120.8061,23.511927],[120.806244,23.511978],[120.806758,23.512076],[120.807109,23.512092],[120.807637,23.512089],[120.807945,23.512129],[120.808363,23.512268],[120.808677,23.512425],[120.80891,23.512584],[120.809071,23.512727],[120.809492,23.512987],[120.809793,23.513192],[120.810037,23.513289],[120.810176,23.513304],[120.810327,23.513292],[120.81048,23.513258],[120.810939,23.513057],[120.811104,23.513021],[120.811233,23.513029],[120.811351,23.513055],[120.811459,23.513109],[120.811536,23.513179],[120.811662,23.51339],[120.811727,23.513457],[120.811805,23.513503],[120.81198,23.513539],[120.81206,23.513532],[120.812229,23.513486],[120.812326,23.513481],[120.812407,23.513496],[120.812483,23.513527],[120.812552,23.513575],[120.812722,23.51373],[120.812855,23.513796],[120.813006,23.513841],[120.813133,23.513862],[120.813489,23.513882],[120.813624,23.513926],[120.813716,23.513991],[120.813775,23.514054],[120.813841,23.514164],[120.813934,23.51439]]}},{"type":"Feature","properties":{"sys":"afr_sched","id":"AFR_YARD_阿里山","lineKey":"afr_sched|AFR_YARD_阿里山","name":"阿里山站股道","color":"#E0A458","colorDark":"#634e34","colorFaintLight":"#ecd3b2","colorFaintDark":"#3e3429","colorFaintSat":"#4d5036","colorHiddenLight":"#efe0c9","colorHiddenDark":"#292523","colorHiddenSat":"#3b4531","colorFollowDark":"#916d41","sortKey":0,"kind":"track"},"geometry":{"type":"LineString","coordinates":[[120.804388,23.509995],[120.804956,23.510527]]}},{"type":"Feature","properties":{"sys":"afr_sched","id":"AFR_YARD_神木","lineKey":"afr_sched|AFR_YARD_神木","name":"神木站股道","color":"#B03A2E","colorDark":"#502323","colorFaintLight":"#dbaea3","colorFaintDark":"#331c20","colorFaintSat":"#43382c","colorHiddenLight":"#e6cdc2","colorHiddenDark":"#23191e","colorHiddenSat":"#35382c","colorFollowDark":"#732c27","sortKey":0,"kind":"track"},"geometry":{"type":"LineString","coordinates":[[120.805973,23.518969],[120.806638,23.519169],[120.806716,23.519174],[120.807035,23.519119],[120.807328,23.519031],[120.807944,23.518726]]}},{"type":"Feature","properties":{"sys":"afr_sched","id":"AFR_YARD_神木_2","lineKey":"afr_sched|AFR_YARD_神木_2","name":"神木站股道","color":"#B03A2E","colorDark":"#502323","colorFaintLight":"#dbaea3","colorFaintDark":"#331c20","colorFaintSat":"#43382c","colorHiddenLight":"#e6cdc2","colorHiddenDark":"#23191e","colorHiddenSat":"#35382c","colorFollowDark":"#732c27","sortKey":0,"kind":"track"},"geometry":{"type":"LineString","coordinates":[[120.806355,23.518984],[120.806839,23.519099],[120.807035,23.519119],[120.807397,23.519004],[120.807944,23.518726]]}},{"type":"Feature","properties":{"sys":"afr_sched","id":"AFR_YARD_祝山","lineKey":"afr_sched|AFR_YARD_祝山","name":"祝山站股道","color":"#E0A458","colorDark":"#634e34","colorFaintLight":"#ecd3b2","colorFaintDark":"#3e3429","colorFaintSat":"#4d5036","colorHiddenLight":"#efe0c9","colorHiddenDark":"#292523","colorHiddenSat":"#3b4531","colorFollowDark":"#916d41","sortKey":0,"kind":"track"},"geometry":{"type":"LineString","coordinates":[[120.822522,23.510411],[120.82286,23.510227],[120.822949,23.510153]]}},{"type":"Feature","properties":{"sys":"afr_sched","id":"AFR_YARD_第一分道","lineKey":"afr_sched|AFR_YARD_第一分道","name":"第一分道站股道","color":"#B03A2E","colorDark":"#502323","colorFaintLight":"#dbaea3","colorFaintDark":"#331c20","colorFaintSat":"#43382c","colorHiddenLight":"#e6cdc2","colorHiddenDark":"#23191e","colorHiddenSat":"#35382c","colorFollowDark":"#732c27","sortKey":0,"kind":"track"},"geometry":{"type":"LineString","coordinates":[[120.794302,23.520985],[120.794525,23.521028],[120.794743,23.521036],[120.795038,23.5211],[120.795264,23.521246]]}},{"type":"Feature","properties":{"sys":"afr_sched","id":"AFR_YARD_第一分道_2","lineKey":"afr_sched|AFR_YARD_第一分道_2","name":"第一分道站股道","color":"#B03A2E","colorDark":"#502323","colorFaintLight":"#dbaea3","colorFaintDark":"#331c20","colorFaintSat":"#43382c","colorHiddenLight":"#e6cdc2","colorHiddenDark":"#23191e","colorHiddenSat":"#35382c","colorFollowDark":"#732c27","sortKey":0,"kind":"track"},"geometry":{"type":"LineString","coordinates":[[120.795264,23.521246],[120.795038,23.5211],[120.794898,23.521031],[120.794556,23.520936],[120.794377,23.520845]]}},{"type":"Feature","properties":{"sys":"afr_sched","id":"AFR_YARD_第二分道","lineKey":"afr_sched|AFR_YARD_第二分道","name":"第二分道站股道","color":"#B03A2E","colorDark":"#502323","colorFaintLight":"#dbaea3","colorFaintDark":"#331c20","colorFaintSat":"#43382c","colorHiddenLight":"#e6cdc2","colorHiddenDark":"#23191e","colorHiddenSat":"#35382c","colorFollowDark":"#732c27","sortKey":0,"kind":"track"},"geometry":{"type":"LineString","coordinates":[[120.791042,23.51418],[120.790494,23.514186],[120.790141,23.51424]]}},{"type":"Feature","properties":{"sys":"afr_sched","id":"AFR_YARD_第二分道_2","lineKey":"afr_sched|AFR_YARD_第二分道_2","name":"第二分道站股道","color":"#B03A2E","colorDark":"#502323","colorFaintLight":"#dbaea3","colorFaintDark":"#331c20","colorFaintSat":"#43382c","colorHiddenLight":"#e6cdc2","colorHiddenDark":"#23191e","colorHiddenSat":"#35382c","colorFollowDark":"#732c27","sortKey":0,"kind":"track"},"geometry":{"type":"LineString","coordinates":[[120.790141,23.51424],[120.790494,23.514186],[120.791217,23.513978]]}},{"type":"Feature","properties":{"sys":"mrt","id":"BR","lineKey":"mrt|BR","name":"文湖線","color":"#C48C31","colorDark":"#584424","colorFaintLight":"#e2cba4","colorFaintDark":"#382e21","colorFaintSat":"#474a2d","colorHiddenLight":"#eadcc2","colorHiddenDark":"#26221f","colorHiddenSat":"#37422d","colorFollowDark":"#805e29","sortKey":3,"kind":"track"},"geometry":{"type":"LineString","coordinates":[[121.579402,24.998333],[121.578218,24.997645],[121.577977,24.997546],[121.577682,24.997481],[121.57756,24.997467],[121.577331,24.997471],[121.577051,24.997512],[121.571522,24.998597],[121.57095,24.998683],[121.570643,24.9987],[121.567047,24.99858],[121.566693,24.998539],[121.563988,24.99796],[121.563656,24.997857],[121.563308,24.997723],[121.562667,24.99746],[121.562151,24.997222],[121.562014,24.997177],[121.561773,24.997131],[121.561629,24.997119],[121.561278,24.997136],[121.560275,24.997252],[121.560086,24.997305],[121.559954,24.997362],[121.559725,24.997489],[121.559585,24.997601],[121.559366,24.997863],[121.559247,24.998083],[121.55901,24.998681],[121.558906,24.998869],[121.558773,24.999016],[121.557392,24.999967],[121.557273,25.0001],[121.55716,25.000288],[121.556797,25.001606],[121.55677,25.00183],[121.556786,25.001956],[121.55684,25.002141],[121.556958,25.002326],[121.557172,25.002598],[121.557275,25.002806],[121.557324,25.003016],[121.557322,25.003186],[121.55728,25.003379],[121.556808,25.004726],[121.556793,25.004848],[121.556814,25.004949],[121.556847,25.005022],[121.55735,25.005946],[121.557404,25.006023],[121.557851,25.006376],[121.558051,25.006548],[121.55823,25.00673],[121.559821,25.008778],[121.559923,25.008946],[121.560092,25.009293],[121.560218,25.009658],[121.560297,25.010011],[121.560321,25.010482],[121.560365,25.016454],[121.56034,25.016694],[121.560265,25.016947],[121.560157,25.017161],[121.559996,25.017385],[121.559308,25.0181],[121.558509,25.018791],[121.552776,25.024171],[121.552642,25.024289],[121.552548,25.02434],[121.552385,25.024387],[121.55218,25.024404],[121.543848,25.024868],[121.543722,25.024886],[121.543642,25.024916],[121.543549,25.024987],[121.543491,25.025079],[121.54347,25.025187],[121.543471,25.025656],[121.543712,25.037636],[121.543838,25.043354],[121.54407,25.052318],[121.544325,25.065917],[121.544358,25.066163],[121.544398,25.066262],[121.544461,25.066345],[121.5446,25.066433],[121.544709,25.066457],[121.544811,25.066452],[121.544921,25.066422],[121.545021,25.066372],[121.545185,25.066254],[121.546551,25.06514],[121.547386,25.064618],[121.547844,25.064352],[121.548097,25.064177],[121.5493,25.063261],[121.54951,25.063133],[121.549651,25.063064],[121.549792,25.063019],[121.549963,25.062996],[121.550228,25.062987],[121.552963,25.063028],[121.553412,25.063046],[121.553545,25.063065],[121.553791,25.063148],[121.553974,25.063238],[121.554162,25.063375],[121.554343,25.063571],[121.554418,25.06368],[121.554501,25.063842],[121.554557,25.064061],[121.554581,25.064279],[121.554571,25.06448],[121.554444,25.064863],[121.551526,25.070888],[121.551417,25.071143],[121.551356,25.071339],[121.551297,25.071648],[121.551287,25.071932],[121.551314,25.073387],[121.551299,25.073547],[121.551263,25.073723],[121.551186,25.073922],[121.551081,25.074081],[121.550922,25.074265],[121.550803,25.074365],[121.550608,25.074489],[121.550443,25.074563],[121.549966,25.074733],[121.545848,25.076075],[121.545509,25.076227],[121.54533,25.076358],[121.545068,25.076659],[121.544945,25.076902],[121.544879,25.077219],[121.544887,25.077483],[121.544952,25.077749],[121.545091,25.07802],[121.545284,25.078233],[121.545417,25.07835],[121.546807,25.079373],[121.547075,25.079586],[121.54781,25.080117],[121.548175,25.080452],[121.548338,25.080638],[121.548468,25.080843],[121.548623,25.081183],[121.548668,25.08133],[121.549236,25.083625],[121.549351,25.083975],[121.549485,25.084254],[121.549766,25.084607],[121.55003,25.084833],[121.550968,25.085408],[121.551198,25.085519],[121.551519,25.085641],[121.551987,25.085717],[121.552259,25.085726],[121.552462,25.085715],[121.552902,25.085632],[121.556669,25.084523],[121.557056,25.084449],[121.557446,25.084446],[121.557737,25.084497],[121.558132,25.084633],[121.558691,25.084918],[121.558915,25.084978],[121.559108,25.084973],[121.5599,25.084808],[121.561036,25.084465],[121.561301,25.084372],[121.564476,25.082737],[121.564922,25.082555],[121.565199,25.082461],[121.565523,25.08237],[121.566252,25.082197],[121.566688,25.082116],[121.569068,25.082043],[121.569351,25.082],[121.569616,25.081938],[121.570768,25.081546],[121.572432,25.081024],[121.574454,25.080332],[121.576875,25.07941],[121.578623,25.07869],[121.578912,25.078588],[121.579283,25.078498],[121.579581,25.078461],[121.579841,25.078448],[121.582221,25.078453],[121.586218,25.078557],[121.586699,25.078592],[121.587524,25.078707],[121.588523,25.078929],[121.588772,25.079002],[121.589149,25.079159],[121.589355,25.079275],[121.589574,25.079427],[121.589974,25.079785],[121.591863,25.081661],[121.592213,25.08198],[121.592639,25.082324],[121.594548,25.083736],[121.594938,25.084016],[121.5952,25.084157],[121.595453,25.08424],[121.596426,25.084446],[121.597052,25.084545],[121.598028,25.084642],[121.598878,25.084677],[121.599342,25.084676],[121.600038,25.08465],[121.600285,25.084632],[121.60054,25.084591],[121.600959,25.084477],[121.601257,25.084369],[121.601544,25.084225],[121.602773,25.083468],[121.603025,25.083343],[121.603369,25.083207],[121.603663,25.083121],[121.603967,25.083064],[121.604948,25.082946],[121.60517,25.082904],[121.605589,25.082762],[121.605785,25.082663],[121.605978,25.082532],[121.606165,25.082359],[121.606389,25.082089],[121.607011,25.081055],[121.607107,25.080841],[121.607174,25.080622],[121.607199,25.080473],[121.607206,25.080286],[121.60719,25.07936],[121.60708,25.078429],[121.607083,25.077684],[121.607115,25.076747],[121.607181,25.076181],[121.607201,25.075833],[121.607186,25.075593],[121.607112,25.075309],[121.607034,25.075106],[121.606929,25.074922],[121.606804,25.07474],[121.606251,25.07404],[121.606143,25.073876],[121.606083,25.073747],[121.606059,25.073654],[121.606057,25.073473],[121.606105,25.073338],[121.60615,25.07325],[121.606289,25.073117],[121.606442,25.073018],[121.608836,25.071951],[121.609386,25.071673],[121.610032,25.071291],[121.610655,25.070866],[121.611484,25.070242],[121.61162,25.070111],[121.611802,25.069881],[121.611934,25.069643],[121.611996,25.069493],[121.612072,25.069177],[121.612089,25.068973],[121.612069,25.068396],[121.612053,25.06829],[121.612023,25.068169],[121.611972,25.068058],[121.611191,25.066762],[121.611068,25.066473],[121.610999,25.066121],[121.611,25.065896],[121.61106,25.065559],[121.611111,25.065409],[121.612089,25.063435],[121.612172,25.06329],[121.612491,25.062909],[121.613554,25.061921],[121.613731,25.061722],[121.614355,25.060951],[121.614672,25.060642],[121.614984,25.06042],[121.616586,25.059536],[121.616805,25.059362],[121.616955,25.059167],[121.61705,25.058942],[121.617082,25.058793],[121.617089,25.058659],[121.616882,25.055703],[121.616929,25.055544],[121.617051,25.055413]]}},{"type":"Feature","properties":{"sys":"mrt","id":"R","lineKey":"mrt|R","name":"淡水信義線","color":"#E3002C","colorDark":"#640c22","colorFaintLight":"#ed9aa2","colorFaintDark":"#3e1020","colorFaintSat":"#4e2c2c","colorHiddenLight":"#efc2c1","colorHiddenDark":"#29121e","colorHiddenSat":"#3b312c","colorFollowDark":"#930826","sortKey":1,"kind":"track"},"geometry":{"type":"LineString","coordinates":[[121.58193,25.037279],[121.579685,25.036427],[121.579501,25.036376],[121.579293,25.036339],[121.578518,25.036257],[121.578282,25.036198],[121.578055,25.036113],[121.577841,25.036005],[121.577675,25.035898],[121.577063,25.035448],[121.576063,25.034658],[121.574829,25.033765],[121.574408,25.033503],[121.573988,25.03331],[121.573377,25.033116],[121.572484,25.032936],[121.572097,25.032881],[121.571508,25.032859],[121.56742,25.032873],[121.56586,25.032892],[121.563436,25.032946],[121.563405,25.033014],[121.562445,25.033036],[121.548098,25.033338],[121.544216,25.033438],[121.533022,25.033655],[121.531209,25.03358],[121.530906,25.033583],[121.530375,25.033609],[121.527374,25.034008],[121.52697,25.034129],[121.526572,25.034329],[121.525705,25.034833],[121.525386,25.03497],[121.524987,25.035063],[121.524556,25.035081],[121.524208,25.035029],[121.524036,25.034983],[121.523882,25.034926],[121.523634,25.034804],[121.523336,25.034592],[121.523206,25.034476],[121.523062,25.034301],[121.522888,25.034021],[121.522762,25.033684],[121.522714,25.033417],[121.522647,25.0328],[121.522592,25.032489],[121.522475,25.032161],[121.522377,25.031986],[121.522181,25.031728],[121.521919,25.03149],[121.521763,25.031386],[121.521464,25.031233],[121.52112,25.031128],[121.52073,25.031082],[121.520508,25.031084],[121.520151,25.031139],[121.519832,25.031244],[121.51949,25.031426],[121.519248,25.031614],[121.51911,25.031755],[121.518368,25.032789],[121.517093,25.034493],[121.516311,25.035501],[121.516108,25.035831],[121.515912,25.036206],[121.515759,25.036559],[121.515586,25.037106],[121.515508,25.037479],[121.515448,25.03793],[121.515434,25.038147],[121.515434,25.038515],[121.515453,25.038809],[121.515495,25.039128],[121.515598,25.039626],[121.51677,25.043525],[121.517379,25.045644],[121.517548,25.046086],[121.517631,25.046257],[121.518384,25.047587],[121.518616,25.047943],[121.519404,25.049028],[121.519908,25.049691],[121.520139,25.050114],[121.520246,25.050483],[121.520347,25.051322],[121.520508,25.053672],[121.520783,25.058832],[121.520766,25.059175],[121.520695,25.059613],[121.520648,25.059796],[121.520032,25.061401],[121.519239,25.063382],[121.519141,25.063743],[121.519102,25.063994],[121.519081,25.064288],[121.519099,25.064667],[121.519449,25.066418],[121.519518,25.06683],[121.520509,25.07331],[121.520652,25.07371],[121.520953,25.074364],[121.521593,25.075657],[121.523651,25.079511],[121.52375,25.07973],[121.523903,25.08017],[121.524434,25.0821],[121.524839,25.083345],[121.525064,25.084223],[121.525388,25.085631],[121.525542,25.086023],[121.52573,25.086384],[121.526727,25.0876],[121.526978,25.087984],[121.527176,25.088391],[121.527284,25.088741],[121.527349,25.089186],[121.527346,25.089649],[121.527293,25.08999],[121.526992,25.091117],[121.526753,25.092129],[121.526575,25.092712],[121.525666,25.095274],[121.525225,25.096418],[121.524748,25.097572],[121.523133,25.100714],[121.52288,25.101379],[121.522382,25.104139],[121.522236,25.104708],[121.521963,25.105271],[121.519762,25.108447],[121.519231,25.10929],[121.518646,25.110147],[121.518202,25.110762],[121.517776,25.111299],[121.517439,25.111784],[121.516219,25.113685],[121.515018,25.115433],[121.514674,25.115886],[121.512933,25.118377],[121.512593,25.118832],[121.512335,25.119104],[121.512086,25.119319],[121.511766,25.119542],[121.5115,25.119703],[121.511156,25.119869],[121.510792,25.120001],[121.510214,25.120149],[121.508163,25.120537],[121.507475,25.120688],[121.505151,25.12112],[121.504001,25.121314],[121.503582,25.121435],[121.503196,25.121581],[121.502842,25.121785],[121.502509,25.122052],[121.502172,25.122366],[121.501951,25.122681],[121.501746,25.123077],[121.501588,25.123556],[121.501067,25.126199],[121.500759,25.127576],[121.50049,25.128683],[121.500353,25.129229],[121.500166,25.129682],[121.499969,25.130022],[121.498987,25.131218],[121.496516,25.134307],[121.49615,25.13473],[121.495952,25.134921],[121.494058,25.136448],[121.493544,25.136803],[121.491488,25.137775],[121.491192,25.137884],[121.490695,25.138025],[121.490133,25.138097],[121.489531,25.138102],[121.48853,25.13804],[121.487051,25.137803],[121.483715,25.137199],[121.483269,25.137079],[121.482617,25.136839],[121.478931,25.135269],[121.478578,25.13509],[121.47835,25.134937],[121.472648,25.130401],[121.472253,25.130106],[121.470668,25.129049],[121.468195,25.127058],[121.467892,25.126748],[121.467626,25.126407],[121.46651,25.124866],[121.466341,25.124676],[121.466071,25.124433],[121.465632,25.124143],[121.465164,25.123937],[121.464812,25.123806],[121.464657,25.123778],[121.464016,25.123725],[121.46376,25.123745],[121.463434,25.123795],[121.463057,25.123918],[121.46271,25.124053],[121.462283,25.124311],[121.461946,25.124574],[121.461688,25.124854],[121.461357,25.125348],[121.460599,25.126676],[121.459837,25.128074],[121.458414,25.130605],[121.458267,25.130961],[121.458172,25.131245],[121.458105,25.131674],[121.458097,25.131946],[121.458159,25.132458],[121.458329,25.132942],[121.459208,25.134532],[121.459391,25.135006],[121.459477,25.135302],[121.459542,25.135782],[121.459535,25.136972],[121.459461,25.139011],[121.459467,25.139912],[121.45942,25.147211],[121.459376,25.148631],[121.45924,25.151066],[121.459188,25.151615],[121.458915,25.153332],[121.458767,25.15588],[121.458706,25.156239],[121.458629,25.156527],[121.458426,25.157008],[121.458152,25.157441],[121.45779,25.157866],[121.457446,25.158174],[121.457005,25.15847],[121.4566,25.158675],[121.454862,25.159315],[121.454101,25.159614],[121.453789,25.159773],[121.453484,25.159968],[121.453224,25.160167],[121.452822,25.160623],[121.452571,25.161062],[121.452108,25.162324],[121.451969,25.162584],[121.451694,25.16299],[121.451594,25.163108],[121.451216,25.16349],[121.450061,25.16446],[121.445881,25.167626]]}},{"type":"Feature","properties":{"sys":"mrt","id":"R_XBT","lineKey":"mrt|R_XBT","name":"新北投支線","color":"#F48B9F","colorDark":"#6b4450","colorFaintLight":"#f3cbcb","colorFaintDark":"#422e39","colorFaintSat":"#524a45","colorHiddenLight":"#f2dbd6","colorHiddenDark":"#2b222c","colorHiddenSat":"#3d423a","colorFollowDark":"#9d5e6d","sortKey":0,"kind":"track"},"geometry":{"type":"LineString","coordinates":[[121.498669,25.131884],[121.497526,25.133312],[121.497323,25.133611],[121.497169,25.134006],[121.497114,25.134274],[121.497085,25.134544],[121.497109,25.13495],[121.497169,25.135215],[121.497267,25.135482],[121.497333,25.135615],[121.497491,25.135869],[121.497683,25.136102],[121.497792,25.13621],[121.497907,25.136312],[121.498159,25.136493],[121.498435,25.136644],[121.49858,25.136707],[121.498729,25.136762],[121.499038,25.136844],[121.499334,25.136883],[121.500446,25.136939],[121.500848,25.136945],[121.501103,25.136972],[121.502535,25.137015]]}},{"type":"Feature","properties":{"sys":"mrt","id":"G","lineKey":"mrt|G","name":"松山新店線","color":"#008659","colorDark":"#0a4234","colorFaintLight":"#9dc9b2","colorFaintDark":"#0c2d29","colorFaintSat":"#1c4936","colorHiddenLight":"#c6dac9","colorHiddenDark":"#0e2223","colorHiddenSat":"#204131","colorFollowDark":"#065b42","sortKey":2,"kind":"track"},"geometry":{"type":"LineString","coordinates":[[121.537749,24.958201],[121.537849,24.958515],[121.537943,24.958932],[121.538185,24.959443],[121.538671,24.960771],[121.538987,24.96142],[121.539238,24.962051],[121.539626,24.962919],[121.539961,24.963762],[121.540572,24.965145],[121.541256,24.966928],[121.541399,24.967388],[121.542582,24.970792],[121.542911,24.97197],[121.54293,24.972963],[121.542942,24.975472],[121.542906,24.97595],[121.542896,24.976712],[121.542826,24.977444],[121.542753,24.977871],[121.542601,24.978422],[121.542398,24.979037],[121.542267,24.979499],[121.541771,24.981008],[121.541625,24.981652],[121.541161,24.9841],[121.540562,24.985398],[121.540136,24.986062],[121.539792,24.986797],[121.539562,24.98753],[121.539464,24.987998],[121.53943,24.988561],[121.539479,24.989271],[121.53953,24.989475],[121.539698,24.98998],[121.540539,24.992088],[121.541084,24.993562],[121.541202,24.993971],[121.54124,24.994223],[121.541263,24.994551],[121.541268,24.995373],[121.541231,24.996039],[121.541157,24.996529],[121.541038,24.996945],[121.540956,24.997194],[121.539553,25.000539],[121.538873,25.00254],[121.538798,25.002778],[121.538709,25.003157],[121.538682,25.003426],[121.538678,25.00364],[121.53877,25.004258],[121.538969,25.005179],[121.539055,25.005797],[121.539026,25.006361],[121.538959,25.006708],[121.538761,25.007221],[121.537798,25.008922],[121.537699,25.009145],[121.537607,25.009376],[121.537486,25.009755],[121.537171,25.011024],[121.537105,25.011234],[121.536929,25.011687],[121.536761,25.012038],[121.536507,25.012482],[121.536329,25.012755],[121.536021,25.013159],[121.535663,25.013555],[121.5328,25.016304],[121.52979,25.019295],[121.527424,25.021476],[121.526089,25.022649],[121.525282,25.023396],[121.524825,25.023871],[121.524379,25.024372],[121.523654,25.025291],[121.522098,25.02739],[121.521261,25.028595],[121.518844,25.031812],[121.516899,25.034374],[121.516665,25.034662],[121.516454,25.034839],[121.516138,25.035035],[121.515933,25.035129],[121.515566,25.035251],[121.515304,25.03529],[121.512536,25.035529],[121.512138,25.035611],[121.510668,25.03605],[121.509843,25.036304],[121.509559,25.036416],[121.509197,25.036643],[121.508916,25.036893],[121.508805,25.037049],[121.508687,25.037241],[121.50858,25.037477],[121.508188,25.038834],[121.508015,25.039519],[121.507994,25.039904],[121.508161,25.040589],[121.50982,25.046412],[121.50994,25.046985],[121.509982,25.047315],[121.510032,25.047999],[121.51008,25.048324],[121.510569,25.050512],[121.510672,25.05086],[121.510846,25.051183],[121.510921,25.051286],[121.511208,25.05159],[121.511403,25.051734],[121.511916,25.05207],[121.514073,25.053456],[121.514233,25.053539],[121.514797,25.053717],[121.515345,25.053734],[121.515605,25.0537],[121.516266,25.053555],[121.521205,25.052393],[121.521975,25.052258],[121.522712,25.05218],[121.52581,25.052052],[121.528809,25.052029],[121.53049,25.052052],[121.5335,25.052032],[121.534219,25.052021],[121.535185,25.051981],[121.544624,25.051806],[121.549939,25.05166],[121.555507,25.051554],[121.562149,25.051396],[121.564301,25.051363],[121.565402,25.051331],[121.567728,25.051216],[121.569773,25.05116],[121.570175,25.051119],[121.570661,25.050972],[121.57088,25.050863],[121.571907,25.050195],[121.572188,25.050075],[121.572421,25.049999],[121.572706,25.049942],[121.572981,25.049915],[121.577616,25.050022]]}},{"type":"Feature","properties":{"sys":"mrt","id":"G_XBT","lineKey":"mrt|G_XBT","name":"小碧潭支線","color":"#8CC8A0","colorDark":"#425c51","colorFaintLight":"#cee0cb","colorFaintDark":"#2b3c39","colorFaintSat":"#3b5846","colorHiddenLight":"#e0e6d6","colorHiddenDark":"#1f2a2c","colorHiddenSat":"#30493a","colorFollowDark":"#5d846e","sortKey":0,"kind":"track"},"geometry":{"type":"LineString","coordinates":[[121.542938,24.975022],[121.542925,24.973281],[121.542975,24.972959],[121.542951,24.971916],[121.542791,24.971235],[121.542677,24.970907],[121.542598,24.970776],[121.542494,24.970645],[121.542356,24.970509],[121.542159,24.970347],[121.54191,24.970169],[121.540757,24.969511],[121.539204,24.968537],[121.538811,24.968321],[121.538656,24.968261],[121.538431,24.968205],[121.538164,24.968182],[121.537973,24.96819],[121.537526,24.968255],[121.537143,24.968363],[121.536414,24.968783],[121.534527,24.970057],[121.534023,24.970348],[121.533363,24.9707],[121.532965,24.970862],[121.532818,24.970903],[121.532181,24.971032],[121.531808,24.971139],[121.531482,24.97128],[121.530598,24.971759]]}},{"type":"Feature","properties":{"sys":"mrt","id":"O_XINZHUANG","lineKey":"mrt|O_XINZHUANG","name":"中和新蘆線（迴龍）","color":"#F8B61C","colorDark":"#6d551c","colorFaintLight":"#f4da9d","colorFaintDark":"#43381c","colorFaintSat":"#535428","colorHiddenLight":"#f3e3be","colorHiddenDark":"#2c271c","colorHiddenSat":"#3d472a","colorFollowDark":"#a0781c","sortKey":0,"kind":"track"},"geometry":{"type":"LineString","coordinates":[[121.509148,24.989887],[121.507479,24.990676],[121.505979,24.991479],[121.505738,24.991633],[121.505475,24.991855],[121.505331,24.99202],[121.505172,24.992256],[121.505098,24.992412],[121.504997,24.992709],[121.504958,24.992951],[121.504935,24.993284],[121.504958,24.993582],[121.505244,24.994482],[121.505446,24.995199],[121.505676,24.995895],[121.505773,24.996249],[121.505901,24.996596],[121.505989,24.996785],[121.506089,24.996967],[121.506359,24.997342],[121.509385,25.000749],[121.509734,25.001166],[121.512786,25.004613],[121.513104,25.005164],[121.513301,25.005746],[121.51436,25.009612],[121.514814,25.011182],[121.515289,25.012729],[121.516328,25.016628],[121.516669,25.017396],[121.516803,25.017597],[121.517062,25.017906],[121.517478,25.018235],[121.517733,25.018415],[121.518028,25.018564],[121.518374,25.018715],[121.518737,25.01885],[121.519074,25.018939],[121.51961,25.01898],[121.521451,25.018982],[121.521789,25.019013],[121.522217,25.019103],[121.522493,25.019197],[121.523357,25.019579],[121.523813,25.019804],[121.524129,25.019988],[121.524371,25.020158],[121.524627,25.020369],[121.525,25.020781],[121.525208,25.021079],[121.52532,25.021272],[121.525471,25.021636],[121.525544,25.021949],[121.525566,25.02234],[121.52554,25.022598],[121.525451,25.022915],[121.525353,25.023153],[121.525131,25.023521],[121.524293,25.02467],[121.52333,25.026042],[121.522252,25.027483],[121.52205,25.027776],[121.521824,25.028111],[121.521762,25.028279],[121.521706,25.028509],[121.52169,25.028698],[121.521703,25.028923],[121.521754,25.029236],[121.52183,25.029516],[121.522122,25.030203],[121.52221,25.030444],[121.522312,25.030799],[121.522515,25.03168],[121.522545,25.031858],[121.52256,25.03216],[121.522476,25.033214],[121.522483,25.033515],[121.522555,25.033852],[121.522625,25.034036],[121.522732,25.034247],[121.522842,25.03441],[121.523046,25.03464],[121.523222,25.034789],[121.523429,25.034927],[121.523624,25.035031],[121.523976,25.035155],[121.524191,25.035203],[121.524484,25.035232],[121.524724,25.035226],[121.525115,25.035161],[121.525388,25.035074],[121.526513,25.034508],[121.526686,25.034405],[121.527118,25.034233],[121.527536,25.03414],[121.529959,25.033811],[121.53055,25.03374],[121.531041,25.033747],[121.531328,25.033805],[121.531619,25.033905],[121.531926,25.034062],[121.532169,25.034236],[121.532346,25.034407],[121.532577,25.034704],[121.532741,25.035052],[121.532826,25.035428],[121.532838,25.035643],[121.532829,25.037832],[121.532912,25.040792],[121.532996,25.042203],[121.533034,25.04354],[121.533082,25.049144],[121.533238,25.059384],[121.533288,25.061043],[121.533252,25.061342],[121.533169,25.061607],[121.533109,25.061737],[121.532963,25.061979],[121.532794,25.062179],[121.532634,25.062326],[121.532312,25.06254],[121.532035,25.062661],[121.531713,25.062749],[121.531314,25.062786],[121.530911,25.06276],[121.529984,25.062666],[121.529466,25.062651],[121.524051,25.062793],[121.520642,25.062945],[121.516676,25.063047],[121.51609,25.063104],[121.514837,25.063306],[121.514405,25.063341],[121.514054,25.063337],[121.51172,25.063235],[121.511332,25.063235],[121.511054,25.063267],[121.510785,25.063331],[121.510463,25.063444],[121.50943,25.063862],[121.50913,25.063956],[121.50886,25.06402],[121.508405,25.064072],[121.506844,25.064188],[121.505167,25.064392],[121.504148,25.064451],[121.503754,25.06444],[121.503458,25.064408],[121.50332,25.064379],[121.503096,25.064307],[121.50284,25.064201],[121.502197,25.063843],[121.501671,25.063603],[121.500556,25.063165],[121.499904,25.062963],[121.496975,25.061888],[121.496635,25.061783],[121.496383,25.061722],[121.493703,25.061279],[121.493542,25.061239],[121.493299,25.061147],[121.493104,25.061027],[121.492603,25.060665],[121.492059,25.060314],[121.490347,25.059127],[121.489481,25.05847],[121.487559,25.057128],[121.486924,25.05672],[121.486622,25.056559],[121.486305,25.056414],[121.485329,25.056064],[121.484558,25.055879],[121.482647,25.05548],[121.482418,25.055398],[121.482163,25.055328],[121.481606,25.05504],[121.48105,25.054481],[121.480743,25.054099],[121.479874,25.052371],[121.479751,25.052195],[121.479347,25.051452],[121.478707,25.050129],[121.478423,25.049696],[121.477968,25.048886],[121.477111,25.048182],[121.476342,25.047854],[121.475945,25.047707],[121.475174,25.047523],[121.472842,25.046825],[121.471205,25.046289],[121.470218,25.045948],[121.469663,25.045696],[121.469321,25.045483],[121.468963,25.045194],[121.466291,25.042627],[121.466074,25.042443],[121.465289,25.041919],[121.461374,25.039525],[121.459897,25.038649],[121.457828,25.03737],[121.457263,25.036998],[121.456695,25.036864],[121.456153,25.036798],[121.454981,25.036726],[121.454126,25.036568],[121.450929,25.035869],[121.449167,25.035435],[121.448319,25.035245],[121.441884,25.033878],[121.434062,25.032573],[121.433627,25.032459],[121.432909,25.032199],[121.422636,25.028997],[121.419092,25.027873],[121.418826,25.027767],[121.418592,25.027618],[121.418383,25.027442],[121.418104,25.027108],[121.417929,25.02681],[121.417428,25.025705],[121.417153,25.025143],[121.416964,25.024875],[121.416861,25.024761],[121.416718,25.024638],[121.413613,25.022935],[121.41172,25.022094]]}},{"type":"Feature","properties":{"sys":"mrt","id":"O_LUZHOU","lineKey":"mrt|O_LUZHOU","name":"中和新蘆線（蘆洲）","color":"#F8B61C","colorDark":"#6d551c","colorFaintLight":"#f4da9d","colorFaintDark":"#43381c","colorFaintSat":"#535428","colorHiddenLight":"#f3e3be","colorHiddenDark":"#2c271c","colorHiddenSat":"#3d472a","colorFollowDark":"#a0781c","sortKey":0,"kind":"track"},"geometry":{"type":"LineString","coordinates":[[121.509148,24.989887],[121.507479,24.990676],[121.50598,24.991479],[121.505738,24.991633],[121.505475,24.991855],[121.505331,24.99202],[121.505172,24.992256],[121.505098,24.992412],[121.504997,24.992709],[121.504958,24.992951],[121.504935,24.993284],[121.504958,24.993582],[121.505244,24.994482],[121.505446,24.995199],[121.505676,24.995895],[121.505773,24.996249],[121.505901,24.996596],[121.505989,24.996785],[121.506089,24.996967],[121.506359,24.997342],[121.509385,25.000749],[121.509734,25.001166],[121.512786,25.004613],[121.513104,25.005164],[121.513301,25.005746],[121.51436,25.009612],[121.514814,25.011182],[121.515289,25.012729],[121.516328,25.016628],[121.516669,25.017396],[121.516803,25.017597],[121.517062,25.017906],[121.517478,25.018235],[121.517733,25.018415],[121.518028,25.018564],[121.518374,25.018715],[121.518737,25.01885],[121.519074,25.018939],[121.51961,25.01898],[121.521451,25.018982],[121.521789,25.019013],[121.522217,25.019103],[121.522493,25.019197],[121.523357,25.019579],[121.523813,25.019804],[121.524129,25.019988],[121.524371,25.020158],[121.524627,25.020369],[121.525,25.020781],[121.525208,25.021079],[121.52532,25.021272],[121.525471,25.021636],[121.525544,25.021949],[121.525566,25.02234],[121.525539,25.022598],[121.525451,25.022915],[121.525353,25.023153],[121.525131,25.023521],[121.524293,25.02467],[121.52333,25.026042],[121.522252,25.027483],[121.52205,25.027776],[121.521824,25.028111],[121.521762,25.028279],[121.521706,25.028509],[121.52169,25.028698],[121.521703,25.028923],[121.521754,25.029236],[121.52183,25.029516],[121.522122,25.030203],[121.52221,25.030444],[121.522312,25.030799],[121.522515,25.03168],[121.522545,25.031858],[121.52256,25.03216],[121.522476,25.033214],[121.522483,25.033515],[121.522555,25.033852],[121.522625,25.034036],[121.522732,25.034247],[121.522842,25.03441],[121.523046,25.03464],[121.523222,25.034789],[121.523429,25.034927],[121.523624,25.035031],[121.523976,25.035155],[121.524191,25.035203],[121.524484,25.035232],[121.524724,25.035226],[121.525115,25.035161],[121.525389,25.035074],[121.526513,25.034508],[121.526686,25.034405],[121.527118,25.034233],[121.527536,25.03414],[121.529959,25.033811],[121.53055,25.03374],[121.531041,25.033747],[121.531328,25.033805],[121.531619,25.033905],[121.531926,25.034062],[121.532169,25.034236],[121.532346,25.034407],[121.532577,25.034704],[121.532741,25.035052],[121.532826,25.035428],[121.532838,25.035643],[121.532829,25.037832],[121.532912,25.040792],[121.532996,25.042203],[121.533033,25.04354],[121.533082,25.049144],[121.533238,25.059384],[121.533287,25.060887],[121.533279,25.061179],[121.533252,25.061342],[121.533169,25.061607],[121.533109,25.061737],[121.532963,25.061979],[121.532794,25.062179],[121.532634,25.062326],[121.532476,25.062441],[121.532312,25.06254],[121.532035,25.062661],[121.531713,25.062749],[121.531519,25.062776],[121.531314,25.062786],[121.531125,25.062778],[121.529984,25.062666],[121.529466,25.062651],[121.524051,25.062793],[121.520642,25.062945],[121.516676,25.063047],[121.51609,25.063104],[121.514837,25.063306],[121.514405,25.063341],[121.514054,25.063337],[121.51172,25.063235],[121.511332,25.063235],[121.511054,25.063267],[121.510785,25.063331],[121.510463,25.063444],[121.50943,25.063862],[121.50913,25.063956],[121.50886,25.06402],[121.508405,25.064072],[121.506844,25.064188],[121.505166,25.064392],[121.504211,25.064529],[121.503673,25.06473],[121.503449,25.064873],[121.502577,25.065631],[121.502086,25.066082],[121.501677,25.066421],[121.500152,25.067857],[121.498862,25.069013],[121.492035,25.073654],[121.490708,25.074435],[121.486409,25.076858],[121.484234,25.078109],[121.481187,25.079787],[121.480672,25.080197],[121.479345,25.080908],[121.478936,25.081051],[121.477089,25.081484],[121.476291,25.081653],[121.476121,25.081711],[121.475997,25.081891],[121.475252,25.083693],[121.475152,25.08388],[121.475013,25.084054],[121.474521,25.084565],[121.473681,25.085295],[121.473356,25.085564],[121.472617,25.086114],[121.471238,25.087179],[121.46851,25.089422],[121.468214,25.089657],[121.467836,25.089927],[121.467453,25.090149],[121.466386,25.090718],[121.464808,25.091528]]}},{"type":"Feature","properties":{"sys":"mrt","id":"BL","lineKey":"mrt|BL","name":"板南線","color":"#0070BD","colorDark":"#0a395c","colorFaintLight":"#9dc1d5","colorFaintDark":"#0c283f","colorFaintSat":"#1c444c","colorHiddenLight":"#c6d7db","colorHiddenDark":"#0e1f2f","colorHiddenSat":"#203f3d","colorFollowDark":"#064d80","sortKey":0,"kind":"track"},"geometry":{"type":"LineString","coordinates":[[121.418807,24.959222],[121.422108,24.96158],[121.422491,24.96179],[121.424985,24.962563],[121.425442,24.962748],[121.425833,24.962967],[121.42727,24.963898],[121.427524,24.964013],[121.428975,24.964394],[121.430204,24.964785],[121.430708,24.964958],[121.431423,24.965285],[121.431719,24.965371],[121.432176,24.965421],[121.433279,24.965462],[121.433643,24.965503],[121.434695,24.96571],[121.435086,24.965898],[121.437718,24.967845],[121.438755,24.968629],[121.439121,24.968818],[121.441305,24.969753],[121.441773,24.970016],[121.442083,24.970255],[121.442475,24.970694],[121.443203,24.971874],[121.443277,24.971964],[121.443645,24.972257],[121.444435,24.973126],[121.445514,24.974262],[121.446682,24.975463],[121.447064,24.975917],[121.447319,24.976275],[121.447522,24.976614],[121.447828,24.977224],[121.448048,24.97782],[121.448217,24.978488],[121.448577,24.980621],[121.448603,24.980888],[121.448607,24.98117],[121.448583,24.981422],[121.448435,24.982393],[121.448401,24.982776],[121.44841,24.983159],[121.448525,24.983856],[121.448921,24.98586],[121.449059,24.986723],[121.448961,24.987602],[121.448387,24.990847],[121.448368,24.991161],[121.448407,24.991465],[121.448495,24.99173],[121.448635,24.992023],[121.448864,24.992253],[121.449142,24.99247],[121.450768,24.99391],[121.451025,24.994202],[121.451175,24.994455],[121.451827,24.99589],[121.453285,25.000354],[121.453817,25.001787],[121.454124,25.00244],[121.454378,25.002923]]}},{"type":"Feature","properties":{"sys":"mrt","id":"BL","lineKey":"mrt|BL","name":"板南線","color":"#0070BD","colorDark":"#0a395c","colorFaintLight":"#9dc1d5","colorFaintDark":"#0c283f","colorFaintSat":"#1c444c","colorHiddenLight":"#c6d7db","colorHiddenDark":"#0e1f2f","colorHiddenSat":"#203f3d","colorFollowDark":"#064d80","sortKey":0,"kind":"track"},"geometry":{"type":"LineString","coordinates":[[121.454378,25.002923],[121.455212,25.004624]]}},{"type":"Feature","properties":{"sys":"mrt","id":"BL","lineKey":"mrt|BL","name":"板南線","color":"#0070BD","colorDark":"#0a395c","colorFaintLight":"#9dc1d5","colorFaintDark":"#0c283f","colorFaintSat":"#1c444c","colorHiddenLight":"#c6d7db","colorHiddenDark":"#0e1f2f","colorHiddenSat":"#203f3d","colorFollowDark":"#064d80","sortKey":0,"kind":"track"},"geometry":{"type":"LineString","coordinates":[[121.455212,25.004624],[121.455852,25.005377],[121.456517,25.006049],[121.458356,25.007885],[121.459259,25.008766],[121.459943,25.009404],[121.460123,25.009603],[121.460209,25.009736],[121.460297,25.009921],[121.460889,25.011667],[121.461024,25.012004],[121.461088,25.012123],[121.461487,25.01268],[121.46349,25.015223],[121.463718,25.015482],[121.463782,25.015609]]}},{"type":"Feature","properties":{"sys":"mrt","id":"BL","lineKey":"mrt|BL","name":"板南線","color":"#0070BD","colorDark":"#0a395c","colorFaintLight":"#9dc1d5","colorFaintDark":"#0c283f","colorFaintSat":"#1c444c","colorHiddenLight":"#c6d7db","colorHiddenDark":"#0e1f2f","colorHiddenSat":"#203f3d","colorFollowDark":"#064d80","sortKey":0,"kind":"track"},"geometry":{"type":"LineString","coordinates":[[121.463782,25.015609],[121.463879,25.015867]]}},{"type":"Feature","properties":{"sys":"mrt","id":"BL","lineKey":"mrt|BL","name":"板南線","color":"#0070BD","colorDark":"#0a395c","colorFaintLight":"#9dc1d5","colorFaintDark":"#0c283f","colorFaintSat":"#1c444c","colorHiddenLight":"#c6d7db","colorHiddenDark":"#0e1f2f","colorHiddenSat":"#203f3d","colorFollowDark":"#064d80","sortKey":0,"kind":"track"},"geometry":{"type":"LineString","coordinates":[[121.463879,25.015867],[121.464035,25.016852],[121.464101,25.017197],[121.464212,25.017588],[121.46434,25.017881],[121.464409,25.017999],[121.465126,25.018969],[121.466427,25.020559],[121.466995,25.021324],[121.46853,25.024062],[121.470731,25.027914],[121.47129,25.028843],[121.472705,25.030466],[121.473225,25.031017],[121.475765,25.033828],[121.476925,25.035053],[121.477184,25.035305],[121.477524,25.035565],[121.477848,25.03577],[121.478296,25.035977],[121.47871,25.036141],[121.479256,25.036256],[121.480214,25.036324],[121.488269,25.03613],[121.489558,25.03613],[121.490322,25.036101],[121.493356,25.035761],[121.494189,25.035703],[121.495725,25.035669],[121.496036,25.035646],[121.496337,25.035613],[121.497451,25.035435],[121.497906,25.035387],[121.502218,25.035241],[121.503977,25.035202],[121.504326,25.035231],[121.504932,25.035358],[121.505503,25.035597],[121.505911,25.035843]]}},{"type":"Feature","properties":{"sys":"mrt","id":"BL","lineKey":"mrt|BL","name":"板南線","color":"#0070BD","colorDark":"#0a395c","colorFaintLight":"#9dc1d5","colorFaintDark":"#0c283f","colorFaintSat":"#1c444c","colorHiddenLight":"#c6d7db","colorHiddenDark":"#0e1f2f","colorHiddenSat":"#203f3d","colorFollowDark":"#064d80","sortKey":1,"kind":"track"},"geometry":{"type":"LineString","coordinates":[[121.505911,25.035843],[121.506293,25.036148],[121.506548,25.036439]]}},{"type":"Feature","properties":{"sys":"mrt","id":"BL","lineKey":"mrt|BL","name":"板南線","color":"#0070BD","colorDark":"#0a395c","colorFaintLight":"#9dc1d5","colorFaintDark":"#0c283f","colorFaintSat":"#1c444c","colorHiddenLight":"#c6d7db","colorHiddenDark":"#0e1f2f","colorHiddenSat":"#203f3d","colorFollowDark":"#064d80","sortKey":0,"kind":"track"},"geometry":{"type":"LineString","coordinates":[[121.506548,25.036439],[121.506714,25.036665],[121.506834,25.036874],[121.50692,25.037038],[121.507064,25.037406],[121.50957,25.046162],[121.50972,25.046554]]}},{"type":"Feature","properties":{"sys":"mrt","id":"BL","lineKey":"mrt|BL","name":"板南線","color":"#0070BD","colorDark":"#0a395c","colorFaintLight":"#9dc1d5","colorFaintDark":"#0c283f","colorFaintSat":"#1c444c","colorHiddenLight":"#c6d7db","colorHiddenDark":"#0e1f2f","colorHiddenSat":"#203f3d","colorFollowDark":"#064d80","sortKey":3,"kind":"track"},"geometry":{"type":"LineString","coordinates":[[121.50972,25.046554],[121.509848,25.046782]]}},{"type":"Feature","properties":{"sys":"mrt","id":"BL","lineKey":"mrt|BL","name":"板南線","color":"#0070BD","colorDark":"#0a395c","colorFaintLight":"#9dc1d5","colorFaintDark":"#0c283f","colorFaintSat":"#1c444c","colorHiddenLight":"#c6d7db","colorHiddenDark":"#0e1f2f","colorHiddenSat":"#203f3d","colorFollowDark":"#064d80","sortKey":0,"kind":"track"},"geometry":{"type":"LineString","coordinates":[[121.509848,25.046782],[121.50995,25.046923],[121.510076,25.047059],[121.510362,25.0473],[121.510706,25.047504],[121.510886,25.047577],[121.511236,25.047668],[121.511538,25.047699],[121.511772,25.047694],[121.512123,25.047647],[121.512282,25.047608],[121.514921,25.046909],[121.517269,25.046324]]}},{"type":"Feature","properties":{"sys":"mrt","id":"BL","lineKey":"mrt|BL","name":"板南線","color":"#0070BD","colorDark":"#0a395c","colorFaintLight":"#9dc1d5","colorFaintDark":"#0c283f","colorFaintSat":"#1c444c","colorHiddenLight":"#c6d7db","colorHiddenDark":"#0e1f2f","colorHiddenSat":"#203f3d","colorFollowDark":"#064d80","sortKey":2,"kind":"track"},"geometry":{"type":"LineString","coordinates":[[121.517269,25.046324],[121.5175,25.046185],[121.5175,25.046185]]}},{"type":"Feature","properties":{"sys":"mrt","id":"BL","lineKey":"mrt|BL","name":"板南線","color":"#0070BD","colorDark":"#0a395c","colorFaintLight":"#9dc1d5","colorFaintDark":"#0c283f","colorFaintSat":"#1c444c","colorHiddenLight":"#c6d7db","colorHiddenDark":"#0e1f2f","colorHiddenSat":"#203f3d","colorFollowDark":"#064d80","sortKey":0,"kind":"track"},"geometry":{"type":"LineString","coordinates":[[121.5175,25.046185],[121.518358,25.046067],[121.518693,25.045976],[121.519478,25.045712],[121.519971,25.045566],[121.520481,25.045463],[121.521326,25.045326],[121.521925,25.045198],[121.526857,25.044054],[121.527889,25.043789],[121.53057,25.042993],[121.531295,25.042796],[121.532032,25.042621],[121.534153,25.042171],[121.536646,25.041827],[121.53707,25.041787],[121.538073,25.04176],[121.545329,25.041684],[121.548823,25.041588],[121.560157,25.041354],[121.570128,25.041096],[121.571145,25.041034],[121.576873,25.040887],[121.577292,25.040889],[121.577684,25.040944],[121.577916,25.040993],[121.578206,25.041085],[121.578481,25.0412],[121.579009,25.04148],[121.579664,25.041897],[121.5803,25.042402],[121.58078,25.042861],[121.581363,25.043533],[121.584136,25.047386],[121.584315,25.047593],[121.584591,25.047867],[121.584908,25.048138],[121.585394,25.048465],[121.585886,25.048713],[121.586302,25.048868],[121.586998,25.049058],[121.593297,25.050541],[121.595672,25.051092],[121.596107,25.051175],[121.59644,25.051212],[121.596748,25.051227],[121.598139,25.051228],[121.598884,25.051267],[121.607366,25.052232],[121.608743,25.052408],[121.609172,25.052517],[121.60951,25.052633],[121.609743,25.052735],[121.612,25.053924],[121.6126,25.054123],[121.612872,25.054181],[121.61525,25.054463],[121.616376,25.054585],[121.616922,25.054622]]}},{"type":"Feature","properties":{"sys":"mrt","id":"Y","lineKey":"mrt|Y","name":"環狀線","color":"#FFDB00","colorDark":"#706411","colorFaintLight":"#f7e793","colorFaintDark":"#454016","colorFaintSat":"#545c22","colorHiddenLight":"#f4eab9","colorHiddenDark":"#2d2c19","colorHiddenSat":"#3e4c27","colorFollowDark":"#a48f0b","sortKey":1,"kind":"track"},"geometry":{"type":"LineString","coordinates":[[121.541643,24.982923],[121.537842,24.982851],[121.53728,24.982811],[121.53091,24.982586],[121.530444,24.982592],[121.530213,24.982625],[121.530083,24.982659],[121.529805,24.982764],[121.529623,24.982864],[121.529387,24.983029],[121.528447,24.983828],[121.527911,24.984237],[121.526773,24.98515],[121.526689,24.985237],[121.526561,24.985427],[121.526507,24.985557],[121.526474,24.985697],[121.526464,24.985819],[121.526496,24.98606],[121.527361,24.988905],[121.527382,24.989151],[121.527359,24.989329],[121.527314,24.989478],[121.527247,24.989616],[121.527165,24.989739],[121.526961,24.989941],[121.526836,24.990027],[121.52669,24.9901],[121.526431,24.990177],[121.526269,24.990197],[121.522277,24.990636],[121.521924,24.990693],[121.521636,24.990774],[121.518881,24.991746],[121.518437,24.991865],[121.518107,24.991929],[121.509661,24.9929],[121.505058,24.993501],[121.504249,24.993539],[121.50397,24.993588],[121.50372,24.993672],[121.503471,24.993802],[121.503266,24.993954],[121.501223,24.995808],[121.501115,24.995927],[121.500939,24.996195],[121.500299,24.997703],[121.500179,24.99795],[121.500056,24.998149],[121.499847,24.998416],[121.499675,24.998594],[121.497178,25.000865],[121.497013,25.001031],[121.496925,25.001158],[121.496856,25.001324],[121.496734,25.002077],[121.496643,25.002219],[121.496539,25.002299],[121.496414,25.002348],[121.496279,25.002363],[121.494044,25.002168],[121.493641,25.00217],[121.493475,25.002211],[121.493295,25.00228],[121.491058,25.003331],[121.490923,25.003428],[121.49084,25.003527],[121.49025,25.004607],[121.489933,25.005142],[121.489796,25.005312],[121.489627,25.005478],[121.489431,25.005629],[121.489266,25.005732],[121.488396,25.006227],[121.481937,25.00928],[121.481499,25.009499],[121.480722,25.009942],[121.480272,25.010181],[121.479124,25.010749],[121.47801,25.01125],[121.476776,25.011858],[121.475819,25.012394],[121.471879,25.014888],[121.471384,25.015168],[121.471089,25.015307],[121.47071,25.015449],[121.46933,25.015881],[121.469111,25.015929],[121.468938,25.015959],[121.468638,25.015984],[121.467663,25.015956],[121.467413,25.01591],[121.467208,25.015823],[121.465787,25.014781],[121.465615,25.014713],[121.46545,25.014706],[121.465331,25.014733],[121.465209,25.014796],[121.463388,25.016023],[121.463331,25.016081],[121.463277,25.016168],[121.463241,25.016316],[121.463247,25.016399],[121.463276,25.01649],[121.463321,25.016566],[121.466625,25.020648],[121.467073,25.021309],[121.467313,25.021697],[121.46746,25.021973],[121.467567,25.022288],[121.467623,25.022656],[121.467618,25.022951],[121.467517,25.024146],[121.467478,25.024389],[121.467394,25.024695],[121.465276,25.028959],[121.463808,25.031799],[121.463658,25.032152],[121.463377,25.032983],[121.461959,25.036496],[121.461735,25.036938],[121.461492,25.037365],[121.460925,25.038251],[121.460771,25.03857],[121.460644,25.038911],[121.460242,25.0402],[121.460192,25.040398],[121.460122,25.041012],[121.460037,25.044436],[121.459991,25.049593],[121.459991,25.053462],[121.460018,25.054804],[121.460004,25.059964],[121.45997,25.060158],[121.459841,25.060583],[121.459831,25.061266]]}},{"type":"Feature","properties":{"sys":"tymc","id":"A","lineKey":"tymc|A","name":"機場捷運","color":"#8246AF","colorDark":"#3e2857","colorFaintLight":"#cbb3d0","colorFaintDark":"#291f3c","colorFaintSat":"#393b49","colorHiddenLight":"#decfd9","colorHiddenDark":"#1e1a2e","colorHiddenSat":"#2f3a3c","colorFollowDark":"#573377","sortKey":3,"kind":"track"},"geometry":{"type":"LineString","coordinates":[[121.514168,25.048727],[121.51332,25.04893],[121.513048,25.049014],[121.511113,25.049714],[121.51096,25.049759],[121.509181,25.050093],[121.508903,25.050119],[121.508479,25.050109],[121.507345,25.04994],[121.506994,25.049915],[121.506742,25.049921],[121.506379,25.049966],[121.506131,25.05002],[121.505192,25.050298],[121.504843,25.050428],[121.504527,25.050574],[121.504277,25.050721],[121.504041,25.050888],[121.500478,25.053909],[121.499997,25.054257],[121.499664,25.054428],[121.499312,25.054565],[121.49913,25.054621],[121.498757,25.054704],[121.498568,25.054732],[121.498377,25.05475],[121.497993,25.054757],[121.497802,25.054747],[121.497438,25.0547],[121.497258,25.054664],[121.49691,25.054557],[121.496572,25.054425],[121.49641,25.054344],[121.495954,25.054063],[121.495677,25.053855],[121.492839,25.051546],[121.489431,25.048633],[121.488403,25.047821],[121.488086,25.047663],[121.487857,25.047595],[121.487619,25.047559],[121.487377,25.047555],[121.487138,25.047583],[121.486779,25.047691],[121.48656,25.047804],[121.486362,25.047947],[121.486191,25.048115],[121.486051,25.048306],[121.482743,25.054627],[121.481465,25.057129],[121.481052,25.058037],[121.479745,25.060582],[121.479087,25.061816],[121.47891,25.062122],[121.478584,25.062596],[121.478218,25.063099],[121.477834,25.063555],[121.477364,25.064027],[121.476422,25.064826],[121.476086,25.065078],[121.475508,25.065461],[121.474769,25.065885],[121.470998,25.067758],[121.47071,25.06789],[121.470503,25.067967],[121.470077,25.068085],[121.469862,25.068124],[121.469521,25.068161],[121.469167,25.068168],[121.46885,25.068147],[121.468548,25.068102],[121.468092,25.067985],[121.467639,25.067805],[121.467213,25.067567],[121.466953,25.067379],[121.466733,25.067188],[121.466536,25.066985],[121.466361,25.06677],[121.464016,25.063425],[121.463868,25.063234],[121.463615,25.06296],[121.463222,25.062631],[121.462911,25.06243],[121.462509,25.06223],[121.462081,25.062076],[121.461808,25.062006],[121.461529,25.061956],[121.45309,25.061063],[121.452697,25.061002],[121.451412,25.060736],[121.448894,25.060431],[121.4486,25.060388],[121.448221,25.06031],[121.447626,25.060132],[121.447289,25.06],[121.446925,25.059828],[121.443714,25.058051],[121.44332,25.057809],[121.443003,25.057579],[121.442608,25.057232],[121.442381,25.056992],[121.442234,25.056806],[121.439835,25.053605],[121.432488,25.044016],[121.430357,25.041223],[121.428679,25.038989],[121.427168,25.037078],[121.426605,25.036388],[121.426363,25.036132],[121.424783,25.034628],[121.424521,25.034408],[121.424248,25.034204],[121.421591,25.0324],[121.421355,25.032294],[121.421076,25.032198],[121.42063,25.032115],[121.420296,25.032099],[121.418863,25.032134],[121.4183,25.032133],[121.417709,25.032065],[121.416839,25.031893],[121.416272,25.031723],[121.415608,25.031453],[121.415247,25.031278],[121.414885,25.031077],[121.412694,25.029606],[121.412346,25.029399],[121.411979,25.029223],[121.411788,25.029147],[121.41149,25.029048],[121.411177,25.028964],[121.410847,25.0289],[121.410541,25.028859],[121.410174,25.028834],[121.406509,25.028833],[121.406101,25.028845],[121.40568,25.028892],[121.405059,25.029027],[121.404656,25.029159],[121.403603,25.029611],[121.402133,25.0303],[121.401529,25.030543],[121.400933,25.030732],[121.399744,25.031027],[121.399125,25.031209],[121.398537,25.031457],[121.398236,25.031614],[121.396587,25.032568],[121.396039,25.032901],[121.395507,25.033236],[121.394966,25.033602],[121.39409,25.034243],[121.391189,25.036578],[121.390982,25.036742],[121.3908,25.036854],[121.390338,25.037056],[121.390101,25.037131],[121.38911,25.037386],[121.388509,25.037513],[121.386947,25.03773],[121.386666,25.037793],[121.38653,25.037839],[121.38627,25.037956],[121.386148,25.038027],[121.385923,25.038192],[121.385733,25.038378],[121.385512,25.038685],[121.385365,25.039026],[121.385296,25.039388],[121.385376,25.041328],[121.385646,25.045832],[121.385765,25.047461],[121.385718,25.0478],[121.385576,25.048139],[121.385368,25.048444],[121.385187,25.048638],[121.384872,25.048843],[121.382763,25.049675],[121.382026,25.050018],[121.381406,25.050367],[121.380337,25.05109],[121.379551,25.051724],[121.376386,25.054762],[121.372947,25.058136],[121.371829,25.059347],[121.370764,25.06046],[121.370249,25.061052],[121.369938,25.061445],[121.369616,25.061966],[121.369177,25.062761],[121.369017,25.062988],[121.368758,25.063266],[121.368486,25.063485],[121.366992,25.064534],[121.36664,25.064757],[121.365753,25.065192],[121.365398,25.065336],[121.364721,25.065513],[121.364161,25.065638],[121.363712,25.065699],[121.362411,25.065714],[121.357183,25.065862],[121.354107,25.066085],[121.353223,25.066227],[121.35217,25.066526],[121.351131,25.066891],[121.3497,25.067581],[121.349037,25.067927],[121.348277,25.068206],[121.347567,25.06835],[121.346763,25.068392],[121.345372,25.068234],[121.343236,25.067954],[121.341869,25.067749],[121.341299,25.067636],[121.340679,25.067464],[121.34014,25.067293],[121.335997,25.06568],[121.335144,25.065371],[121.334555,25.06522],[121.334187,25.065158],[121.333795,25.065114],[121.333092,25.065084],[121.332555,25.065126],[121.332108,25.065182],[121.329404,25.065877],[121.328933,25.066026],[121.328203,25.066388],[121.327415,25.066966],[121.326807,25.067619],[121.325653,25.068928],[121.325095,25.069603],[121.324635,25.070109],[121.323312,25.071738],[121.322847,25.072253],[121.322249,25.072773],[121.321809,25.073064],[121.321206,25.073408],[121.320612,25.073659],[121.320028,25.073845],[121.319408,25.073973],[121.31736,25.074346],[121.316492,25.074582],[121.315973,25.074809],[121.315377,25.07514],[121.314531,25.075803],[121.313831,25.076526],[121.313289,25.076974],[121.312607,25.077387],[121.312047,25.077637],[121.311503,25.077823],[121.304111,25.079871],[121.302802,25.080206],[121.30181,25.080409],[121.300739,25.080511],[121.299062,25.080535],[121.294907,25.080664],[121.293597,25.080714],[121.292253,25.080807],[121.291683,25.080832],[121.291182,25.080832],[121.289154,25.080679],[121.288016,25.080693],[121.286743,25.080736],[121.281236,25.080867],[121.280705,25.080901],[121.280071,25.080986],[121.279663,25.081069],[121.279077,25.081224],[121.278666,25.081349],[121.274849,25.082533],[121.272798,25.083197],[121.272116,25.083512],[121.266463,25.086418],[121.264821,25.087238],[121.264,25.087671],[121.261162,25.089105],[121.259157,25.090147],[121.257933,25.090702],[121.257452,25.090891],[121.257047,25.091008],[121.256729,25.091073],[121.256043,25.091167],[121.255537,25.091173],[121.254644,25.09112],[121.254017,25.09101],[121.253509,25.090847],[121.252372,25.090374],[121.250439,25.089438],[121.249962,25.089178],[121.249363,25.088758],[121.243298,25.08393],[121.241366,25.082833],[121.236992,25.079259],[121.236565,25.079023],[121.236018,25.078785],[121.234565,25.078379],[121.233864,25.078154],[121.233496,25.078018],[121.233239,25.077905],[121.232955,25.077722],[121.232301,25.077175],[121.231101,25.076215],[121.228535,25.074238],[121.227241,25.073179],[121.224944,25.071404],[121.224745,25.071309],[121.224558,25.071248],[121.223431,25.071034],[121.222965,25.070843],[121.222589,25.070632],[121.220897,25.069324],[121.217624,25.066416],[121.215465,25.064765],[121.214611,25.06405],[121.213886,25.063387],[121.212642,25.062127],[121.212264,25.061778],[121.211341,25.061051],[121.210989,25.060743],[121.21058,25.060227],[121.210424,25.059924],[121.210259,25.059472],[121.210171,25.059024],[121.21011,25.057316],[121.210121,25.057091],[121.210172,25.056831],[121.210212,25.056703],[121.210688,25.055837],[121.210864,25.055433],[121.211315,25.054499],[121.21202,25.052506],[121.212284,25.05167],[121.212446,25.050593],[121.212574,25.049522],[121.212664,25.049227],[121.212784,25.04894],[121.213023,25.048505],[121.213619,25.047706],[121.213877,25.047282],[121.214097,25.0468],[121.214508,25.045606],[121.215235,25.043581],[121.215367,25.043104],[121.215462,25.042629],[121.21553,25.041995],[121.215543,25.041319],[121.215419,25.04029],[121.215192,25.039419],[121.21504,25.038647],[121.215072,25.038094],[121.215306,25.037481],[121.215793,25.036486],[121.21627,25.035435],[121.216402,25.034875],[121.216473,25.034362],[121.216823,25.030785],[121.216883,25.028372],[121.216961,25.028091],[121.217076,25.027818],[121.21723,25.027545],[121.217399,25.027316],[121.217935,25.026812],[121.218673,25.026147],[121.222203,25.023203],[121.222843,25.022636],[121.22296,25.022515],[121.223077,25.022319],[121.223125,25.022035],[121.223083,25.021808],[121.223023,25.021642],[121.222953,25.021521],[121.222865,25.021408],[121.220069,25.018583],[121.21808,25.016598],[121.217768,25.016345],[121.21737,25.016092],[121.216422,25.01576],[121.216248,25.015684],[121.215994,25.015519],[121.215651,25.015203],[121.213616,25.013116],[121.212553,25.01208],[121.212412,25.011906],[121.212311,25.011732],[121.212064,25.011137],[121.211739,25.01027],[121.211664,25.010139],[121.211442,25.009849],[121.210946,25.009335],[121.202241,25.000684],[121.202119,25.000538],[121.201995,25.000308],[121.201937,25.000107],[121.201926,24.999829],[121.202037,24.999228],[121.202156,24.998866],[121.202275,24.998588],[121.202456,24.998298],[121.203626,24.996828],[121.203968,24.99628],[121.205589,24.993051],[121.206326,24.991639],[121.207058,24.990293],[121.207402,24.989706],[121.207726,24.989301],[121.20806,24.988946],[121.208307,24.988739],[121.208657,24.988484],[121.209732,24.987872],[121.211585,24.986877],[121.212512,24.986362],[121.21289,24.986049],[121.213124,24.985759],[121.213618,24.984911],[121.217959,24.977355],[121.218113,24.976976],[121.218187,24.976561],[121.218197,24.976273],[121.218169,24.97598],[121.218137,24.975834],[121.217939,24.975199],[121.217847,24.974849],[121.217828,24.97465],[121.217836,24.97445],[121.217891,24.974157],[121.218006,24.97386],[121.218155,24.973615],[121.219018,24.972659],[121.219485,24.972117],[121.219634,24.971931],[121.220037,24.971291],[121.220321,24.970725],[121.22049,24.97035],[121.220659,24.969789],[121.220769,24.969163],[121.220897,24.968176],[121.220884,24.967163],[121.220846,24.96665],[121.220675,24.966252],[121.220638,24.965985],[121.220534,24.965556],[121.219951,24.962382],[121.219433,24.958575]]}},{"type":"Feature","properties":{"sys":"ntdlrt","id":"V","lineKey":"ntdlrt|V","name":"綠山線","color":"#FF2A00","colorDark":"#701d11","colorFaintLight":"#f7a993","colorFaintDark":"#451916","colorFaintSat":"#543522","colorHiddenLight":"#f4cab9","colorHiddenDark":"#2d1719","colorHiddenSat":"#3e3627","colorFollowDark":"#a4220b","sortKey":0,"kind":"track"},"geometry":{"type":"LineString","coordinates":[[121.458956,25.155606],[121.458929,25.156132],[121.458888,25.156523],[121.458861,25.156695],[121.458743,25.157013],[121.45698,25.159945],[121.456585,25.160645],[121.456415,25.161046],[121.456301,25.161442],[121.456269,25.161679],[121.456258,25.162254],[121.456271,25.16247],[121.45634,25.162841],[121.456433,25.163163],[121.456602,25.163478],[121.456757,25.16369],[121.457084,25.164032],[121.459822,25.166677],[121.460192,25.167086],[121.46038,25.167336],[121.460552,25.167609],[121.460693,25.167935],[121.460789,25.168248],[121.460851,25.168503],[121.460885,25.168896],[121.460885,25.169113],[121.460834,25.169473],[121.460567,25.170141],[121.460058,25.170948],[121.459382,25.171948],[121.458733,25.172949],[121.458472,25.173276],[121.45794,25.173841],[121.457706,25.174147],[121.456759,25.175584],[121.456636,25.175858],[121.456477,25.17633],[121.456397,25.176492],[121.456247,25.176729],[121.454776,25.178943],[121.454543,25.179256],[121.45415,25.179729],[121.453951,25.179914],[121.453425,25.18036],[121.452928,25.180744],[121.448934,25.18327],[121.448746,25.183411],[121.448192,25.18388],[121.447957,25.184122],[121.447736,25.184389],[121.447498,25.184722],[121.447251,25.185158],[121.447113,25.185485],[121.446943,25.185995],[121.446853,25.186501],[121.446842,25.186795],[121.446843,25.187129],[121.446929,25.188494],[121.446862,25.188664],[121.446782,25.188781],[121.44672,25.188833],[121.446563,25.188927],[121.446398,25.188974],[121.444882,25.188958],[121.4444,25.189004],[121.443992,25.189077],[121.443704,25.189094],[121.442801,25.189095],[121.441231,25.189267],[121.438133,25.189685],[121.431202,25.190558],[121.431057,25.190602],[121.430952,25.190656],[121.430914,25.190694],[121.430862,25.190781],[121.430848,25.190839],[121.430872,25.190974],[121.431487,25.192684],[121.432096,25.194484],[121.433376,25.19815],[121.43362,25.198748],[121.43466,25.200935]]}},{"type":"Feature","properties":{"sys":"ntdlrt","id":"VB","lineKey":"ntdlrt|VB","name":"藍海線","color":"#FF2A00","colorDark":"#701d11","colorFaintLight":"#f7a993","colorFaintDark":"#451916","colorFaintSat":"#543522","colorHiddenLight":"#f4cab9","colorHiddenDark":"#2d1719","colorHiddenSat":"#3e3627","colorFollowDark":"#a4220b","sortKey":0,"kind":"track"},"geometry":{"type":"LineString","coordinates":[[121.458956,25.155606],[121.458929,25.156132],[121.458888,25.156523],[121.458861,25.156695],[121.458743,25.157013],[121.45698,25.159945],[121.456585,25.160645],[121.456415,25.161046],[121.456301,25.161442],[121.456269,25.161679],[121.456258,25.162254],[121.456271,25.16247],[121.45634,25.162841],[121.456433,25.163163],[121.456602,25.163478],[121.456757,25.16369],[121.457084,25.164032],[121.459822,25.166677],[121.460087,25.166956],[121.460426,25.167406],[121.460552,25.167609],[121.460646,25.16781],[121.460741,25.168082],[121.460851,25.168503],[121.460882,25.168816],[121.460885,25.169113],[121.460834,25.169473],[121.46081,25.169553],[121.460567,25.170141],[121.460058,25.170948],[121.458629,25.173093],[121.45794,25.173841],[121.457706,25.174147],[121.456759,25.175584],[121.456636,25.175858],[121.456477,25.17633],[121.456397,25.176492],[121.456247,25.176729],[121.454776,25.178943],[121.454543,25.179256],[121.45415,25.179729],[121.453951,25.179914],[121.453425,25.18036],[121.452928,25.180744],[121.448934,25.18327],[121.448746,25.183411],[121.448192,25.18388],[121.44785,25.184243],[121.447614,25.184554],[121.447401,25.18488],[121.447251,25.185158],[121.447043,25.185681],[121.44691,25.186138],[121.446853,25.186501],[121.446843,25.187129],[121.446929,25.188494],[121.446887,25.18862],[121.44682,25.18873],[121.446782,25.188781],[121.446666,25.188869],[121.446485,25.188958],[121.446398,25.188974],[121.444882,25.188958],[121.4444,25.189004],[121.443992,25.189077],[121.443704,25.189094],[121.442801,25.189095],[121.440673,25.189338],[121.438133,25.189685],[121.43457,25.190127],[121.429021,25.190844],[121.427257,25.191056],[121.425774,25.191259],[121.424099,25.191342],[121.423331,25.191506],[121.422947,25.191642],[121.422457,25.191848],[121.422384,25.191868],[121.422178,25.191873],[121.422077,25.191826],[121.421976,25.191732],[121.421547,25.191152],[121.421175,25.190764],[121.419966,25.189853],[121.419498,25.189472],[121.419133,25.189126],[121.418242,25.188333],[121.417006,25.187309],[121.416949,25.187249],[121.416888,25.18714],[121.416884,25.187051],[121.416941,25.186908],[121.418256,25.184837],[121.418346,25.184726],[121.419064,25.183973],[121.419216,25.183751],[121.419328,25.183493],[121.419449,25.182851],[121.41944,25.18276],[121.419392,25.182617],[121.419288,25.182513],[121.418677,25.182094]]}},{"type":"Feature","properties":{"sys":"ntalrt","id":"K","lineKey":"ntalrt|K","name":"安坑輕軌","color":"#9E925E","colorDark":"#494636","colorFaintLight":"#d5cdb4","colorFaintDark":"#2f302b","colorFaintSat":"#3f4c37","colorHiddenLight":"#e3ddca","colorHiddenDark":"#212324","colorHiddenSat":"#334332","colorFollowDark":"#686245","sortKey":0,"kind":"track"},"geometry":{"type":"LineString","coordinates":[[121.489682,24.946319],[121.490476,24.947316],[121.49084,24.947732],[121.49227,24.949275],[121.492518,24.949521],[121.494299,24.951083],[121.494925,24.951606],[121.495902,24.952371],[121.496104,24.952513],[121.496687,24.9528],[121.497312,24.953029],[121.499848,24.95383],[121.500654,24.954098],[121.501181,24.954244],[121.501722,24.954302],[121.503253,24.954384],[121.508611,24.954633],[121.509068,24.954695],[121.509306,24.954771],[121.509497,24.954859],[121.509856,24.955088],[121.51179,24.956625],[121.512165,24.95686],[121.512589,24.957044],[121.51441,24.957674],[121.51468,24.957827],[121.514756,24.957901],[121.514818,24.957991],[121.514864,24.958095],[121.514887,24.958201],[121.514819,24.959197],[121.514836,24.959607],[121.514901,24.959946],[121.515176,24.960831],[121.515308,24.96117],[121.515566,24.961677],[121.51567,24.961841],[121.516515,24.962919],[121.516641,24.963123],[121.516728,24.963343],[121.517075,24.96456],[121.51756,24.966024],[121.518953,24.970372],[121.519479,24.972099],[121.51973,24.972971],[121.519768,24.973184],[121.51976,24.973402],[121.519735,24.973502],[121.519647,24.973641],[121.519032,24.974248],[121.518497,24.974737],[121.518206,24.975032],[121.517598,24.975743],[121.517469,24.975915],[121.517319,24.976185],[121.516995,24.976913],[121.516835,24.97736],[121.516774,24.977622],[121.516768,24.978057],[121.516864,24.979114],[121.516903,24.980044],[121.516953,24.980349],[121.517106,24.980754],[121.517362,24.98127],[121.517955,24.982053],[121.518035,24.982211],[121.518068,24.98233],[121.518077,24.98253],[121.517977,24.98318],[121.517991,24.983309],[121.518048,24.983366],[121.518157,24.983394],[121.519127,24.983455],[121.519211,24.983474],[121.51936,24.983541],[121.521797,24.985636],[121.521957,24.985716],[121.522053,24.985736],[121.522289,24.98575],[121.522499,24.985735],[121.525884,24.985336],[121.525982,24.985313],[121.526082,24.985277],[121.526248,24.985172],[121.527282,24.984341]]}},{"type":"Feature","properties":{"sys":"sanying","id":"LB","lineKey":"sanying|LB","name":"三鶯線","color":"#79BCE8","colorDark":"#3a576e","colorFaintLight":"#c8dce4","colorFaintDark":"#273949","colorFaintSat":"#375555","colorHiddenLight":"#dce4e3","colorHiddenDark":"#1d2834","colorHiddenSat":"#2e4843","colorFollowDark":"#517c9a","sortKey":1,"kind":"track"},"geometry":{"type":"LineString","coordinates":[[121.419393,24.959561],[121.418806,24.959163],[121.41835,24.95895],[121.417897,24.95871],[121.417577,24.958506],[121.414136,24.956148],[121.41386,24.955812],[121.410355,24.950963],[121.409772,24.950433],[121.409572,24.950296],[121.409444,24.950222],[121.409214,24.950128],[121.408859,24.950001],[121.408274,24.949819],[121.40812,24.949754],[121.407797,24.949573],[121.407658,24.949468],[121.407324,24.949165],[121.407065,24.948863],[121.406864,24.948534],[121.40674,24.948214],[121.406602,24.947783],[121.406433,24.947378],[121.40628,24.947189],[121.406102,24.947015],[121.404956,24.946145],[121.403814,24.944998],[121.403451,24.944689],[121.402978,24.944383],[121.402154,24.943881],[121.399312,24.942199],[121.398872,24.941996],[121.396468,24.941168],[121.396294,24.941079],[121.396049,24.940912],[121.395751,24.940599],[121.394877,24.939739],[121.394469,24.939429],[121.393741,24.938951],[121.391732,24.937678],[121.390805,24.937109],[121.390534,24.936895],[121.390006,24.93637],[121.389876,24.936266],[121.389781,24.936218],[121.389588,24.936155],[121.389489,24.936134],[121.389389,24.936133],[121.38929,24.936144],[121.389211,24.93618],[121.389058,24.936283],[121.388961,24.936373],[121.38774,24.937821],[121.386585,24.939157],[121.386202,24.939565],[121.386006,24.939736],[121.385911,24.939784],[121.385718,24.93986],[121.385475,24.939903],[121.385253,24.93991],[121.385098,24.939898],[121.381262,24.939388],[121.380848,24.939356],[121.380519,24.939355],[121.38021,24.939376],[121.379866,24.939438],[121.378826,24.939698],[121.378662,24.93972],[121.37851,24.939698],[121.378376,24.93963],[121.378301,24.939539],[121.378257,24.939459],[121.378108,24.938678],[121.37805,24.938519],[121.377981,24.938429],[121.377863,24.938315],[121.377748,24.938251],[121.377593,24.938208],[121.377407,24.938213],[121.377244,24.938252],[121.377162,24.938289],[121.376965,24.938425],[121.375171,24.94009],[121.374882,24.94033],[121.374527,24.940521],[121.373494,24.940974],[121.373181,24.941063],[121.37287,24.941109],[121.371831,24.941175],[121.37138,24.941189],[121.369284,24.941183],[121.369114,24.941147],[121.368921,24.941055],[121.368759,24.940921],[121.368652,24.940773],[121.368605,24.940645],[121.368389,24.939382],[121.368322,24.93926],[121.368233,24.939165],[121.368071,24.939042],[121.367997,24.939013],[121.367854,24.938978],[121.367719,24.938963],[121.366269,24.938955],[121.36543,24.938913],[121.363702,24.938713],[121.363351,24.938736],[121.363154,24.938777],[121.363003,24.938833],[121.362775,24.938965],[121.362547,24.939187],[121.362385,24.939429],[121.362313,24.939595],[121.362272,24.939837],[121.362294,24.94021],[121.362358,24.940406],[121.36242,24.940517],[121.362523,24.940659],[121.363081,24.9413],[121.364629,24.942891],[121.365078,24.943314],[121.366569,24.944638],[121.36667,24.944742],[121.366748,24.944857],[121.36683,24.94502],[121.366913,24.945302],[121.366936,24.945602],[121.366907,24.945796],[121.36683,24.946025],[121.36671,24.946251],[121.366583,24.946417],[121.366419,24.946571],[121.363598,24.948703],[121.363256,24.948943],[121.362852,24.949304],[121.361615,24.950753],[121.360404,24.952325],[121.359294,24.953859],[121.359233,24.953913],[121.359047,24.954036],[121.358937,24.954082],[121.358701,24.954134],[121.358583,24.954145],[121.358444,24.954136],[121.358311,24.954113],[121.358136,24.954059],[121.353784,24.951634],[121.353633,24.951553],[121.353417,24.951481],[121.35304,24.951501],[121.35288,24.951532],[121.350824,24.952102],[121.348837,24.952733],[121.348417,24.952841],[121.347932,24.952929],[121.347419,24.952937],[121.346933,24.952892],[121.346278,24.952738],[121.344394,24.952226],[121.344211,24.952192],[121.343996,24.952178],[121.343912,24.952186],[121.343822,24.952217],[121.343619,24.952335],[121.343447,24.952575],[121.34334,24.952736],[121.342678,24.953901],[121.342508,24.954304],[121.342302,24.95487],[121.34217,24.955315],[121.342149,24.955527],[121.342203,24.955848],[121.342338,24.956124],[121.342829,24.956862],[121.342922,24.957072],[121.342946,24.95731],[121.342918,24.957502],[121.342873,24.957639],[121.342799,24.957776],[121.342737,24.95785],[121.342644,24.957932],[121.342288,24.958126],[121.342143,24.95818],[121.341992,24.958212],[121.340734,24.958388],[121.340373,24.958404],[121.339791,24.958374],[121.338851,24.958239],[121.338527,24.95824],[121.338387,24.95826],[121.338249,24.958301],[121.337992,24.958419],[121.335026,24.960189],[121.33488,24.960294],[121.334689,24.960487],[121.334209,24.961071],[121.334075,24.961261],[121.333991,24.961582],[121.333744,24.963129],[121.333644,24.963437],[121.333594,24.963536],[121.331456,24.966752],[121.33123,24.966989],[121.33106,24.967115],[121.330878,24.967199],[121.330796,24.967221],[121.330694,24.967226],[121.330612,24.967224],[121.330512,24.967198],[121.330359,24.967127],[121.329879,24.966758]]}},{"type":"Feature","properties":{"sys":"krtc","id":"KR","lineKey":"krtc|KR","name":"紅線","color":"#E4002B","colorDark":"#650c22","colorFaintLight":"#ed9aa2","colorFaintDark":"#3f101f","colorFaintSat":"#4e2c2c","colorHiddenLight":"#efc2c1","colorHiddenDark":"#29121e","colorHiddenSat":"#3b312c","colorFollowDark":"#930825","sortKey":0,"kind":"track"},"geometry":{"type":"LineString","coordinates":[[120.353569,22.56476],[120.351533,22.566988],[120.351215,22.567404],[120.350712,22.568209],[120.350534,22.568418],[120.350132,22.568801],[120.349746,22.569114],[120.349576,22.569233],[120.349079,22.569461],[120.348512,22.569618],[120.347716,22.569799],[120.347268,22.569867],[120.346895,22.569896],[120.341806,22.570061],[120.340526,22.570091],[120.340012,22.57013],[120.339574,22.570206],[120.338774,22.57042],[120.338116,22.570637],[120.337414,22.570925],[120.337158,22.571073],[120.33698,22.571203],[120.336813,22.571362],[120.334962,22.573538],[120.3344,22.574225],[120.333686,22.574838],[120.331393,22.576866],[120.330983,22.577272],[120.328851,22.579782],[120.32517,22.584235],[120.321699,22.5884],[120.320157,22.590195],[120.319546,22.590952],[120.31891,22.591816],[120.318211,22.592816],[120.317407,22.59375],[120.314988,22.596799],[120.313861,22.598366],[120.313405,22.599338],[120.313267,22.599581],[120.313046,22.599917],[120.31273,22.600335],[120.31249,22.600611],[120.311871,22.60127],[120.311059,22.602033],[120.310654,22.602582],[120.309479,22.60406],[120.308227,22.605602],[120.307163,22.607022],[120.306959,22.607393],[120.306634,22.60814],[120.305606,22.610871],[120.304987,22.612389],[120.303248,22.617112],[120.302114,22.620039],[120.301748,22.620852],[120.301644,22.621132],[120.301086,22.62243],[120.30101,22.62268],[120.300922,22.623113],[120.300918,22.62335],[120.300944,22.623695],[120.301067,22.62486],[120.301592,22.629194],[120.301931,22.632571],[120.302275,22.636595],[120.30239,22.637575],[120.302373,22.637868],[120.302871,22.643759],[120.303264,22.648677],[120.303324,22.649152],[120.303396,22.64996],[120.303585,22.652368],[120.303627,22.653167],[120.303506,22.654457],[120.3033,22.655728],[120.303023,22.657135],[120.302986,22.658173],[120.303106,22.662855],[120.303251,22.665335],[120.303374,22.670101],[120.303458,22.670446],[120.304273,22.672525],[120.305384,22.674901],[120.306329,22.676544],[120.307199,22.677809],[120.308205,22.679128],[120.308645,22.679647],[120.31033,22.681276],[120.311462,22.682499],[120.311609,22.68271],[120.311793,22.68312],[120.311844,22.683321],[120.311909,22.683936],[120.311854,22.684482],[120.311676,22.68496],[120.311519,22.685272],[120.311357,22.685521],[120.309051,22.687929],[120.307743,22.689214],[120.306647,22.690655],[120.305456,22.692386],[120.30383,22.694828],[120.303631,22.695231],[120.303568,22.695401],[120.303472,22.69577],[120.303399,22.696235],[120.303258,22.697556],[120.303134,22.69802],[120.302702,22.69903],[120.30261,22.699313],[120.302547,22.699652],[120.302442,22.701889],[120.302415,22.703847],[120.302226,22.710284],[120.302268,22.710775],[120.302359,22.711115],[120.303529,22.714662],[120.303706,22.715544],[120.303769,22.716127],[120.303868,22.716482],[120.304058,22.716893],[120.304253,22.717215],[120.304328,22.717329],[120.304591,22.717617],[120.304945,22.717902],[120.30507,22.717979],[120.305485,22.718174],[120.308151,22.719147],[120.308675,22.719273],[120.310154,22.719838],[120.310656,22.719978],[120.310807,22.720035],[120.316698,22.722467],[120.318268,22.723141],[120.319084,22.723558],[120.319731,22.723962],[120.320274,22.724464],[120.320566,22.724821],[120.320923,22.725372],[120.32108,22.725698],[120.321226,22.726105],[120.321327,22.726454],[120.321442,22.727181],[120.321435,22.727751],[120.321367,22.728252],[120.320622,22.730833],[120.319785,22.733568],[120.317919,22.740177],[120.31782,22.740996],[120.317775,22.743117],[120.317764,22.746559],[120.317709,22.747379],[120.317624,22.747765],[120.317454,22.748258],[120.315109,22.752671],[120.313983,22.754676],[120.31353,22.755588],[120.312753,22.756979],[120.311786,22.758782],[120.31135,22.759791],[120.310235,22.761807],[120.309658,22.762731],[120.30868,22.764492],[120.308245,22.765341],[120.307168,22.767954],[120.306934,22.768403],[120.306346,22.769315],[120.306234,22.76955],[120.305559,22.77126],[120.305406,22.771591],[120.305092,22.77219],[120.304857,22.772678],[120.302669,22.778863],[120.301425,22.781646],[120.301058,22.782216],[120.300805,22.782749],[120.300508,22.783469],[120.300239,22.784263],[120.300186,22.784493],[120.300136,22.784825],[120.300098,22.78539],[120.300045,22.785836],[120.299996,22.786044],[120.29975,22.786813],[120.299648,22.787327],[120.299082,22.79244]]}},{"type":"Feature","properties":{"sys":"krtc","id":"KO","lineKey":"krtc|KO","name":"橘線","color":"#F8981D","colorDark":"#6d491c","colorFaintLight":"#f4cf9d","colorFaintDark":"#43311c","colorFaintSat":"#534d29","colorHiddenLight":"#f3debf","colorHiddenDark":"#2c241c","colorHiddenSat":"#3d442a","colorFollowDark":"#a0661d","sortKey":0,"kind":"track"},"geometry":{"type":"LineString","coordinates":[[120.274469,22.621505],[120.275206,22.621098],[120.277624,22.61966],[120.277875,22.61952],[120.278443,22.619252],[120.27884,22.619119],[120.279189,22.619064],[120.279529,22.619052],[120.279942,22.619077],[120.280325,22.61912],[120.280623,22.619182],[120.280835,22.619255],[120.28105,22.619351],[120.281292,22.619499],[120.281545,22.619708],[120.281728,22.619926],[120.282071,22.620437],[120.282441,22.621027],[120.284616,22.625035],[120.284756,22.625235],[120.284836,22.625339],[120.285133,22.625653],[120.285278,22.625778],[120.285564,22.625997],[120.286095,22.626319],[120.286412,22.626465],[120.287749,22.626989],[120.287997,22.627068],[120.288315,22.627134],[120.289287,22.627227],[120.289787,22.627333],[120.290507,22.62752],[120.293342,22.628483],[120.294819,22.628958],[120.300089,22.630757],[120.300418,22.63089],[120.301235,22.631262],[120.301441,22.631313],[120.301623,22.631339],[120.30197,22.631366],[120.304448,22.631206],[120.305009,22.631136],[120.313572,22.630524],[120.317943,22.630172],[120.320024,22.630034],[120.322761,22.629805],[120.324125,22.629732],[120.325229,22.629776],[120.325558,22.629776],[120.326275,22.629722],[120.326614,22.629673],[120.326928,22.629614],[120.328769,22.629148],[120.329439,22.629002],[120.329911,22.628843],[120.330955,22.628377],[120.331902,22.628008],[120.332292,22.627888],[120.333029,22.627731],[120.333391,22.627629],[120.336947,22.626429],[120.337526,22.626209],[120.338231,22.625905],[120.338643,22.625758],[120.339044,22.625629],[120.341259,22.624978],[120.342088,22.624753],[120.342354,22.624712],[120.342765,22.624702],[120.343116,22.624716],[120.344549,22.624862],[120.35239,22.625834],[120.353219,22.625891],[120.353955,22.625923],[120.356891,22.626022],[120.358049,22.626105],[120.358523,22.626083],[120.359963,22.625801],[120.362053,22.62547],[120.363219,22.625227],[120.364012,22.625043],[120.364399,22.624901],[120.364827,22.624723],[120.36545,22.62441],[120.365948,22.624101],[120.366338,22.623829],[120.366684,22.623642],[120.366985,22.623504],[120.367349,22.623351],[120.367546,22.623288],[120.367744,22.62325],[120.368028,22.623227],[120.36838,22.62325],[120.368779,22.623319],[120.369188,22.623423],[120.369579,22.623567],[120.372871,22.624951],[120.375408,22.626061],[120.380894,22.62839],[120.381148,22.628486],[120.381379,22.628541],[120.381963,22.628586],[120.382641,22.628576],[120.382958,22.628548],[120.383262,22.628508],[120.383471,22.628462],[120.383895,22.628319],[120.384044,22.628246],[120.384713,22.627819],[120.385121,22.627483],[120.385638,22.627007],[120.38685,22.625705],[120.388446,22.624453],[120.389014,22.62396],[120.389305,22.623686],[120.389635,22.623288],[120.390509,22.622129]]}},{"type":"Feature","properties":{"sys":"krtc","id":"C","lineKey":"krtc|C","name":"環狀輕軌","color":"#77C043","colorDark":"#39592c","colorFaintLight":"#c7ddaa","colorFaintDark":"#273a25","colorFaintSat":"#365631","colorHiddenLight":"#dce5c5","colorHiddenDark":"#1c2921","colorHiddenSat":"#2e482f","colorFollowDark":"#507f34","sortKey":1,"kind":"track"},"geometry":{"type":"LineString","coordinates":[[120.324602,22.604578],[120.324511,22.604345],[120.324308,22.604011],[120.323924,22.603548],[120.321086,22.600795],[120.319286,22.599111],[120.318217,22.598089],[120.317041,22.596922],[120.316628,22.596557],[120.316175,22.5961],[120.315627,22.595669],[120.315368,22.595495],[120.31466,22.595091],[120.314172,22.594864],[120.310992,22.593776],[120.307857,22.592757],[120.307398,22.592676],[120.307143,22.59268],[120.306663,22.592776],[120.306291,22.592914],[120.306094,22.593015],[120.305848,22.59321],[120.305651,22.593391],[120.30548,22.593648],[120.305099,22.594569],[120.302516,22.601255],[120.299754,22.608491],[120.299242,22.609757],[120.299025,22.610232],[120.298966,22.610298],[120.298889,22.61035],[120.298796,22.610366],[120.298704,22.610355],[120.297724,22.610022],[120.297434,22.609941],[120.297173,22.609932],[120.296943,22.609981],[120.292495,22.612045],[120.292344,22.612151],[120.292186,22.612288],[120.291847,22.612699],[120.29178,22.612846],[120.291714,22.613095],[120.291681,22.613285],[120.291667,22.613462],[120.291682,22.613668],[120.291712,22.613821],[120.29185,22.614167],[120.293365,22.617051],[120.293423,22.617257],[120.29344,22.6174],[120.293436,22.617568],[120.293401,22.617866],[120.293263,22.618237],[120.293144,22.618491],[120.292992,22.618725],[120.292754,22.61901],[120.292628,22.619125],[120.292403,22.619286],[120.29214,22.619441],[120.291805,22.619569],[120.291602,22.619626],[120.291316,22.619671],[120.290995,22.619682],[120.29074,22.619659],[120.289092,22.619229],[120.288912,22.61915],[120.288736,22.619015],[120.288636,22.618889],[120.288381,22.618491],[120.288128,22.618206],[120.287929,22.618037],[120.287587,22.617833],[120.287209,22.617697],[120.286939,22.617646],[120.286664,22.61763],[120.286389,22.617649],[120.28612,22.617702],[120.285856,22.617782],[120.284779,22.618248],[120.282457,22.61936],[120.2815,22.619801],[120.280547,22.620209],[120.279453,22.620713],[120.279309,22.620727],[120.279192,22.620695],[120.279141,22.620662],[120.279051,22.620555],[120.278698,22.619905],[120.27866,22.619857],[120.278568,22.619787],[120.278504,22.619769],[120.27839,22.619764],[120.278282,22.619794],[120.275904,22.620864],[120.275834,22.620897],[120.275726,22.620994],[120.275684,22.621076],[120.275678,22.621133],[120.275704,22.621268],[120.276392,22.62283],[120.276803,22.62361],[120.277231,22.624338],[120.278699,22.626521],[120.279029,22.62707],[120.28048,22.629183],[120.280596,22.629374],[120.281615,22.630866],[120.282668,22.632491],[120.282914,22.632923],[120.283032,22.633176],[120.2831,22.633457],[120.283121,22.633798],[120.283057,22.634301],[120.283002,22.63457],[120.282081,22.637761],[120.282024,22.63807],[120.281999,22.638534],[120.281974,22.638693],[120.281369,22.640594],[120.281227,22.641147],[120.281147,22.641529],[120.281087,22.642048],[120.281052,22.643103],[120.281214,22.645487],[120.281409,22.646416],[120.281491,22.647554],[120.281868,22.653868],[120.281929,22.654642],[120.281959,22.654739],[120.282004,22.654802],[120.282078,22.654865],[120.282245,22.654934],[120.282319,22.654941],[120.286937,22.654965],[120.287706,22.654951],[120.288384,22.654863],[120.291345,22.654775],[120.292105,22.65474],[120.292459,22.654677],[120.29406,22.654628],[120.294687,22.654504],[120.295057,22.654451],[120.295418,22.654407],[120.295809,22.654405],[120.296006,22.654436],[120.30098,22.655631],[120.302478,22.65595],[120.305302,22.656671],[120.306085,22.656856],[120.306617,22.65691],[120.306938,22.656903],[120.307204,22.65688],[120.312467,22.655982],[120.313628,22.655812],[120.314633,22.65564],[120.315382,22.655475],[120.316115,22.655221],[120.316516,22.655063],[120.316988,22.65483],[120.317477,22.654533],[120.318737,22.653604],[120.320755,22.652207],[120.323933,22.649922],[120.324535,22.649434],[120.324761,22.6492],[120.325004,22.648882],[120.325152,22.648587],[120.325299,22.648204],[120.325326,22.647981],[120.325399,22.646904],[120.325586,22.645986],[120.325645,22.645763],[120.326055,22.644609],[120.326133,22.644304],[120.32631,22.643772],[120.326544,22.643168],[120.326686,22.642854],[120.327121,22.641671],[120.327488,22.640607],[120.327949,22.639407],[120.327999,22.639189],[120.327982,22.639087],[120.327926,22.638917],[120.327028,22.636701],[120.326506,22.635223],[120.326021,22.633905],[120.325716,22.633012],[120.325588,22.632817],[120.325245,22.632396],[120.325107,22.632196],[120.324627,22.631621],[120.324092,22.631027],[120.323361,22.630133],[120.322972,22.629593],[120.322511,22.629067],[120.32239,22.62895],[120.322329,22.628859],[120.32229,22.628749],[120.322304,22.628609],[120.322337,22.628519],[120.323638,22.625169],[120.325347,22.620684],[120.326817,22.616887],[120.32722,22.615889],[120.327379,22.615313],[120.327468,22.6148],[120.327483,22.614335],[120.327458,22.613786],[120.327393,22.613399],[120.327063,22.612267],[120.326466,22.610367],[120.326381,22.609976],[120.326251,22.609252],[120.326119,22.608745],[120.325567,22.606994],[120.325417,22.606614],[120.325233,22.606266],[120.324978,22.605711],[120.324785,22.605166],[120.324602,22.604578]]}},{"type":"Feature","properties":{"sys":"tmrt","id":"TG","lineKey":"tmrt|TG","name":"綠線","color":"#79BB29","colorDark":"#3a5721","colorFaintLight":"#c8dca1","colorFaintDark":"#27391f","colorFaintSat":"#37552b","colorHiddenLight":"#dce4c1","colorHiddenDark":"#1d281e","colorHiddenSat":"#2e482c","colorFollowDark":"#517c24","sortKey":1,"kind":"track"},"geometry":{"type":"LineString","coordinates":[[120.708751,24.188796],[120.710297,24.184064],[120.710329,24.183869],[120.710317,24.183574],[120.710271,24.183381],[120.710145,24.18311],[120.709957,24.18287],[120.709717,24.182673],[120.709436,24.182529],[120.709128,24.182445],[120.70584,24.18226],[120.702842,24.182228],[120.702634,24.182201],[120.702336,24.182109],[120.702154,24.182015],[120.701913,24.181829],[120.70178,24.18168],[120.700106,24.177945],[120.700121,24.177876],[120.699197,24.175773],[120.698727,24.174788],[120.698358,24.173823],[120.698262,24.173486],[120.698249,24.173246],[120.698268,24.171809],[120.698248,24.171565],[120.698194,24.17138],[120.698143,24.171266],[120.698066,24.171152],[120.697974,24.171054],[120.697775,24.170886],[120.697659,24.170817],[120.697415,24.170735],[120.697297,24.170718],[120.697004,24.170725],[120.696062,24.170943],[120.695526,24.171028],[120.682164,24.172542],[120.679571,24.172933],[120.676219,24.173511],[120.674004,24.173965],[120.673464,24.174036],[120.672989,24.174062],[120.672642,24.174047],[120.669172,24.173495],[120.667816,24.173307],[120.665713,24.172917],[120.66454,24.172655],[120.663021,24.172233],[120.660648,24.17153],[120.659028,24.171027],[120.657909,24.170582],[120.657116,24.170157],[120.656787,24.169954],[120.655922,24.169355],[120.654171,24.168037],[120.653399,24.167417],[120.653014,24.167076],[120.651772,24.165823],[120.651354,24.165317],[120.651031,24.164874],[120.648241,24.160697],[120.646949,24.158722],[120.646833,24.158477],[120.6468,24.158285],[120.646687,24.145446],[120.646654,24.139154],[120.646508,24.137471],[120.646412,24.132339],[120.646258,24.126102],[120.646303,24.125832],[120.646383,24.125641],[120.646454,24.125525],[120.647984,24.1234],[120.648074,24.123271],[120.648165,24.123091],[120.648349,24.122364],[120.648658,24.120615],[120.648678,24.120315],[120.648656,24.120109],[120.648631,24.120006],[120.64853,24.119808],[120.648396,24.119645],[120.648264,24.119534],[120.646104,24.118184],[120.641501,24.115342],[120.639941,24.114413],[120.634331,24.110957],[120.633207,24.110295],[120.632738,24.11006],[120.632297,24.109878],[120.63157,24.109635],[120.62961,24.1091],[120.629075,24.108963],[120.628436,24.108826],[120.628091,24.108779],[120.627386,24.108722],[120.626935,24.108714],[120.626334,24.108728],[120.625955,24.108747],[120.624394,24.108959],[120.621151,24.109264],[120.620398,24.109352],[120.619148,24.109436],[120.61862,24.109505],[120.617075,24.109786],[120.616517,24.109873],[120.614112,24.110118]]}}],"osm":{"credit":"© OpenStreetMap contributors","license":"ODbL-1.0","extract":"taiwan.pbf","osmData":"2026-10-03T03:16:11Z","method":"tools/real-railways/match_osm.py: each line on the extract's tracks; the exceptions file's stretches kept","kept":["afr-main-duolin"]}}
